run_id,condition,family,model_seed,donor_world,population,n_positive,validation_threshold,roc_auc,ap,f1_val_threshold,p_at_5pct,r_at_10fpr,hits_at_budget,n,budget,cutoff_score,cutoff_tie_rows,cutoff_tie_positive,selected_from_cutoff_tie,tie_hits_min,tie_hits_max
A_docpurged__MLP__M11__seed42,A|MLP|M11,A,42,,full_test,20,0.8293477892875671,0.8388472964943554,0.011834521629823538,0.016129032258064516,0.014218009478672985,0.5,6.0,8435,422,0.7127254605293274,1,0,1,6,6
A_docpurged__MLP__M11__seed123,A|MLP|M11,A,123,,full_test,20,0.9998741149902344,0.7618568033273916,0.009540410101733742,0.0,0.004739336492890996,0.4,2.0,8435,422,0.5635496377944946,1,0,1,2,2
A_docpurged__MLP__M11__seed456,A|MLP|M11,A,456,,full_test,20,0.7659621834754944,0.8285561497326204,0.011353007820285947,0.014598540145985401,0.018957345971563982,0.55,8.0,8435,422,0.6596456170082092,1,0,1,8,8
A_docpurged__MLP__M11__seed789,A|MLP|M11,A,789,,full_test,20,0.6812537908554077,0.8290374331550802,0.01113828135709228,0.019138755980861243,0.014218009478672985,0.45,6.0,8435,422,0.6358418464660645,1,0,1,6,6
A_docpurged__MLP__M11__seed1024,A|MLP|M11,A,1024,,full_test,20,0.7748478055000305,0.8483303624480095,0.011050615728917943,0.0106951871657754,0.014218009478672985,0.45,6.0,8435,422,0.6977050304412842,1,0,1,6,6
A_docpurged__RandomForest_unweighted__M11__seed42,A|RandomForest_unweighted|M11,A,42,,full_test,20,0.258,0.843698752228164,0.014610034204559459,0.0,0.016587677725118485,0.5,7.0,8435,422,0.074,15,1,9,6,7
A_docpurged__RandomForest_unweighted__M11__seed123,A|RandomForest_unweighted|M11,A,123,,full_test,20,0.254,0.8586423054070111,0.013551770083970441,0.0,0.016587677725118485,0.45,7.0,8435,422,0.074,15,1,15,7,7
A_docpurged__RandomForest_unweighted__M11__seed456,A|RandomForest_unweighted|M11,A,456,,full_test,20,0.268,0.8680065359477124,0.014191928840536498,0.0,0.016587677725118485,0.5,7.0,8435,422,0.072,20,0,6,7,7
A_docpurged__RandomForest_unweighted__M11__seed789,A|RandomForest_unweighted|M11,A,789,,full_test,20,0.284,0.8396375519904932,0.013158915515479012,0.0,0.016587677725118485,0.45,7.0,8435,422,0.07,24,0,12,7,7
A_docpurged__RandomForest_unweighted__M11__seed1024,A|RandomForest_unweighted|M11,A,1024,,full_test,20,0.566,0.8476470588235294,0.013130634376883546,0.0,0.016587677725118485,0.55,7.0,8435,422,0.074,12,0,4,7,7
A_docpurged__GCN_reverse__M11__seed42,A|GCN_reverse|M11,A,42,,full_test,20,0.8680577278137207,0.8144919786096256,0.008657465908841719,0.009852216748768473,0.009478672985781991,0.5,4.0,8435,422,0.7417402863502502,1,0,1,4,4
A_docpurged__GCN_reverse__M11__seed123,A|GCN_reverse|M11,A,123,,full_test,20,0.8207434415817261,0.8371776589423648,0.008764567587123673,0.006944444444444444,0.0071090047393364926,0.35,3.0,8435,422,0.7653103470802307,1,0,1,3,3
A_docpurged__GCN_reverse__M11__seed456,A|GCN_reverse|M11,A,456,,full_test,20,0.6426172256469727,0.8172667855020797,0.008482467302449028,0.013559322033898305,0.004739336492890996,0.5,2.0,8435,422,0.6141093969345093,1,0,1,2,2
A_docpurged__GCN_reverse__M11__seed789,A|GCN_reverse|M11,A,789,,full_test,20,0.9159432649612427,0.8099346405228758,0.00790008569300333,0.013793103448275862,0.002369668246445498,0.4,1.0,8435,422,0.7434509992599487,1,0,1,1,1
A_docpurged__GCN_reverse__M11__seed1024,A|GCN_reverse|M11,A,1024,,full_test,20,0.9963271021842957,0.7651099227569815,0.005832189635049585,0.0,0.002369668246445498,0.3,1.0,8435,422,0.6277436017990112,1,0,1,1,1
A_docpurged__GraphSAGE_reverse__M11__seed42,A|GraphSAGE_reverse|M11,A,42,,full_test,20,0.6721878051757812,0.8034046345811052,0.008662778407248222,0.009569377990430622,0.004739336492890996,0.5,2.0,8435,422,0.6127358675003052,1,0,1,2,2
A_docpurged__GraphSAGE_reverse__M11__seed123,A|GraphSAGE_reverse|M11,A,123,,full_test,20,0.8418945074081421,0.8386215092097444,0.011050825515538008,0.0,0.014218009478672985,0.55,6.0,8435,422,0.7160741686820984,1,0,1,6,6
A_docpurged__GraphSAGE_reverse__M11__seed456,A|GraphSAGE_reverse|M11,A,456,,full_test,20,0.9240967035293579,0.7386215092097445,0.009671986556184939,0.01652892561983471,0.011848341232227487,0.45,5.0,8435,422,0.6987146139144897,1,0,1,5,5
A_docpurged__GraphSAGE_reverse__M11__seed789,A|GraphSAGE_reverse|M11,A,789,,full_test,20,0.6868768334388733,0.8165537730243613,0.008427207110617377,0.012658227848101266,0.009478672985781991,0.4,4.0,8435,422,0.6526939272880554,1,0,1,4,4
A_docpurged__GraphSAGE_reverse__M11__seed1024,A|GraphSAGE_reverse|M11,A,1024,,full_test,20,0.8090844750404358,0.8069934640522876,0.008691619710221152,0.0,0.0071090047393364926,0.45,3.0,8435,422,0.7276339530944824,1,0,1,3,3
B_donor__MLP__M5__imp271707__seed42,B|MLP|M5|271707,B,42,271707,full_test,20,0.7266632318496704,0.8120261437908497,0.007551900641158859,0.01729106628242075,0.011848341232227487,0.3,5.0,8435,422,0.7064018845558167,1,0,1,5,5
B_donor__MLP__M5__imp271707__seed123,B|MLP|M5|271707,B,123,271707,full_test,20,0.9076050519943237,0.7647593582887701,0.006345581963208781,0.0,0.004739336492890996,0.2,2.0,8435,422,0.7018831372261047,1,0,1,2,2
B_donor__MLP__M5__imp271707__seed456,B|MLP|M5|271707,B,456,271707,full_test,20,0.6952233910560608,0.7792691622103387,0.007983116998777889,0.01646090534979424,0.0071090047393364926,0.35,3.0,8435,422,0.651025652885437,1,0,1,3,3
B_donor__MLP__M5__imp271707__seed789,B|MLP|M5|271707,B,789,271707,full_test,20,0.9552740454673767,0.7761319073083779,0.0069598620063086964,0.0,0.009478672985781991,0.35,4.0,8435,422,0.7378953099250793,1,0,1,4,4
B_donor__MLP__M5__imp271707__seed1024,B|MLP|M5|271707,B,1024,271707,full_test,20,0.8850902318954468,0.7802792632204396,0.007989796466665571,0.0,0.009478672985781991,0.3,4.0,8435,422,0.6867121458053589,1,0,1,4,4
B_donor__MLP__M11__imp271707__seed42,B|MLP|M11|271707,B,42,271707,full_test,20,0.789149284362793,0.8416221033868093,0.012071348470973181,0.012269938650306749,0.016587677725118485,0.45,7.0,8435,422,0.7068665027618408,1,0,1,7,7
B_donor__MLP__M11__imp271707__seed123,B|MLP|M11|271707,B,123,271707,full_test,20,0.8172096610069275,0.8118419489007724,0.011043452425084206,0.013986013986013986,0.011848341232227487,0.45,5.0,8435,422,0.7075036764144897,1,0,1,5,5
B_donor__MLP__M11__imp271707__seed456,B|MLP|M11|271707,B,456,271707,full_test,20,0.869680643081665,0.8338859180035652,0.010410427731591957,0.0,0.016587677725118485,0.4,7.0,8435,422,0.7290312051773071,1,0,1,7,7
B_donor__MLP__M11__imp271707__seed789,B|MLP|M11|271707,B,789,271707,full_test,20,0.6733003854751587,0.8421033868092691,0.01247564923599833,0.031578947368421054,0.016587677725118485,0.5,7.0,8435,422,0.6291565895080566,1,0,1,7,7
B_donor__MLP__M11__imp271707__seed1024,B|MLP|M11|271707,B,1024,271707,full_test,20,0.8811681270599365,0.8215092097445038,0.010870535078841389,0.0,0.011848341232227487,0.45,5.0,8435,422,0.7370026707649231,1,0,1,5,5
B_donor__RandomForest_unweighted__M5__imp271707__seed42,B|RandomForest_unweighted|M5|271707,B,42,271707,full_test,20,0.086,0.7825193107546049,0.00981807892742014,0.023391812865497075,0.011848341232227487,0.4,5.0,8435,422,0.072,21,0,10,5,5
B_donor__RandomForest_unweighted__M5__imp271707__seed123,B|RandomForest_unweighted|M5|271707,B,123,271707,full_test,20,0.078,0.7812477718360071,0.010542623952447174,0.024096385542168676,0.011848341232227487,0.25,5.0,8435,422,0.074,21,0,16,5,5
B_donor__RandomForest_unweighted__M5__imp271707__seed456,B|RandomForest_unweighted|M5|271707,B,456,271707,full_test,20,0.08,0.7755941770647653,0.010816285779973048,0.02077922077922078,0.014218009478672985,0.45,6.0,8435,422,0.072,15,0,4,6,6
B_donor__RandomForest_unweighted__M5__imp271707__seed789,B|RandomForest_unweighted|M5|271707,B,789,271707,full_test,20,0.084,0.7661824123588828,0.009901956988384775,0.028089887640449437,0.011848341232227487,0.35,5.0,8435,422,0.072,31,0,14,5,5
B_donor__RandomForest_unweighted__M5__imp271707__seed1024,B|RandomForest_unweighted|M5|271707,B,1024,271707,full_test,20,0.13,0.7703832442067736,0.011629631426436754,0.013888888888888888,0.011848341232227487,0.4,5.0,8435,422,0.072,25,0,21,5,5
B_donor__RandomForest_unweighted__M11__imp271707__seed42,B|RandomForest_unweighted|M11|271707,B,42,271707,full_test,20,0.16,0.8483749257278668,0.013205430290077449,0.03773584905660377,0.014218009478672985,0.55,6.0,8435,422,0.074,25,0,20,6,6
B_donor__RandomForest_unweighted__M11__imp271707__seed123,B|RandomForest_unweighted|M11|271707,B,123,271707,full_test,20,0.224,0.8548514557338087,0.013504040922993763,0.03773584905660377,0.018957345971563982,0.55,8.0,8435,422,0.074,13,0,2,8,8
B_donor__RandomForest_unweighted__M11__imp271707__seed456,B|RandomForest_unweighted|M11|271707,B,456,271707,full_test,20,0.188,0.84441770647653,0.012171221297453863,0.0273972602739726,0.016587677725118485,0.45,7.0,8435,422,0.074,19,0,9,7,7
B_donor__RandomForest_unweighted__M11__imp271707__seed789,B|RandomForest_unweighted|M11|271707,B,789,271707,full_test,20,0.224,0.8409090909090909,0.013179615388215231,0.038461538461538464,0.014218009478672985,0.45,6.0,8435,422,0.076,17,0,17,6,6
B_donor__RandomForest_unweighted__M11__imp271707__seed1024,B|RandomForest_unweighted|M11|271707,B,1024,271707,full_test,20,0.16,0.8671301247771837,0.014416859357638787,0.01904761904761905,0.014218009478672985,0.5,6.0,8435,422,0.076,16,0,12,6,6
B_donor__MLP__M5__imp271708__seed42,B|MLP|M5|271708,B,42,271708,full_test,20,0.9214997887611389,0.7977540106951871,0.007378627885628241,0.0,0.0071090047393364926,0.3,3.0,8435,422,0.7167640328407288,1,0,1,3,3
B_donor__MLP__M5__imp271708__seed123,B|MLP|M5|271708,B,123,271708,full_test,20,0.6368553638458252,0.7594414735591206,0.0075925607086855555,0.007643312101910828,0.0071090047393364926,0.15,3.0,8435,422,0.6840168833732605,1,0,1,3,3
B_donor__MLP__M5__imp271708__seed456,B|MLP|M5|271708,B,456,271708,full_test,20,0.6764742136001587,0.7480748663101604,0.007066256686221208,0.01195219123505976,0.0071090047393364926,0.35,3.0,8435,422,0.6902833580970764,1,0,1,3,3
B_donor__MLP__M5__imp271708__seed789,B|MLP|M5|271708,B,789,271708,full_test,20,0.8817907571792603,0.7753773024361259,0.006592621847121323,0.0,0.004739336492890996,0.4,2.0,8435,422,0.7024058699607849,1,0,1,2,2
B_donor__MLP__M5__imp271708__seed1024,B|MLP|M5|271708,B,1024,271708,full_test,20,0.9106290936470032,0.7606892453951277,0.007487682086264303,0.0,0.009478672985781991,0.35,4.0,8435,422,0.6990488171577454,1,0,1,4,4
B_donor__MLP__M11__imp271708__seed42,B|MLP|M11|271708,B,42,271708,full_test,20,0.821287214756012,0.8332382650029708,0.013256174350851354,0.012658227848101266,0.014218009478672985,0.5,6.0,8435,422,0.725260317325592,1,0,1,6,6
B_donor__MLP__M11__imp271708__seed123,B|MLP|M11|271708,B,123,271708,full_test,20,0.7329700589179993,0.8122043969102792,0.011505705851016623,0.020618556701030927,0.011848341232227487,0.4,5.0,8435,422,0.7151155471801758,1,0,1,5,5
B_donor__MLP__M11__imp271708__seed456,B|MLP|M11|271708,B,456,271708,full_test,20,0.8419145941734314,0.8319607843137254,0.010469708092926444,0.0136986301369863,0.016587677725118485,0.45,7.0,8435,422,0.7247297763824463,1,0,1,7,7
B_donor__MLP__M11__imp271708__seed789,B|MLP|M11|271708,B,789,271708,full_test,20,0.6877439618110657,0.836797385620915,0.012008791199205013,0.017777777777777778,0.011848341232227487,0.5,5.0,8435,422,0.6473205089569092,1,0,1,5,5
B_donor__MLP__M11__imp271708__seed1024,B|MLP|M11|271708,B,1024,271708,full_test,20,0.8405713438987732,0.8382412358882947,0.011457450900180815,0.013513513513513514,0.014218009478672985,0.45,6.0,8435,422,0.7282086610794067,1,0,1,6,6
B_donor__RandomForest_unweighted__M5__imp271708__seed42,B|RandomForest_unweighted|M5|271708,B,42,271708,full_test,20,0.106,0.7534729649435532,0.009701218487374739,0.023715415019762844,0.009478672985781991,0.25,4.0,8435,422,0.076,21,1,15,4,5
B_donor__RandomForest_unweighted__M5__imp271708__seed123,B|RandomForest_unweighted|M5|271708,B,123,271708,full_test,20,0.074,0.7792483660130718,0.011181627809967733,0.017278617710583154,0.009478672985781991,0.35,4.0,8435,422,0.076,26,0,22,4,4
B_donor__RandomForest_unweighted__M5__imp271708__seed456,B|RandomForest_unweighted|M5|271708,B,456,271708,full_test,20,0.12,0.7494087938205585,0.01099066903218913,0.028708133971291867,0.009478672985781991,0.35,4.0,8435,422,0.076,17,0,7,4,4
B_donor__RandomForest_unweighted__M5__imp271708__seed789,B|RandomForest_unweighted|M5|271708,B,789,271708,full_test,20,0.088,0.7323618538324421,0.012437584654838916,0.0226628895184136,0.011848341232227487,0.3,5.0,8435,422,0.076,18,0,11,5,5
B_donor__RandomForest_unweighted__M5__imp271708__seed1024,B|RandomForest_unweighted|M5|271708,B,1024,271708,full_test,20,0.076,0.7820974450386214,0.013767331153550652,0.01834862385321101,0.009478672985781991,0.35,4.0,8435,422,0.074,13,0,6,4,4
B_donor__RandomForest_unweighted__M11__imp271708__seed42,B|RandomForest_unweighted|M11|271708,B,42,271708,full_test,20,0.228,0.8582857991681522,0.013536584522523095,0.0,0.014218009478672985,0.65,6.0,8435,422,0.076,21,0,15,6,6
B_donor__RandomForest_unweighted__M11__imp271708__seed123,B|RandomForest_unweighted|M11|271708,B,123,271708,full_test,20,0.116,0.8384521687462864,0.012289535493238142,0.017543859649122806,0.014218009478672985,0.5,6.0,8435,422,0.076,26,1,17,6,7
B_donor__RandomForest_unweighted__M11__imp271708__seed456,B|RandomForest_unweighted|M11|271708,B,456,271708,full_test,20,0.188,0.8340938799762329,0.012183142841634515,0.02666666666666667,0.014218009478672985,0.5,6.0,8435,422,0.076,14,0,10,6,6
B_donor__RandomForest_unweighted__M11__imp271708__seed789,B|RandomForest_unweighted|M11|271708,B,789,271708,full_test,20,0.256,0.8581283422459893,0.014246136280133504,0.0,0.014218009478672985,0.6,6.0,8435,422,0.078,15,0,6,6,6
B_donor__RandomForest_unweighted__M11__imp271708__seed1024,B|RandomForest_unweighted|M11|271708,B,1024,271708,full_test,20,0.146,0.8527094474153298,0.01323689848034873,0.014598540145985401,0.016587677725118485,0.55,7.0,8435,422,0.076,17,0,15,7,7
B_donor__MLP__M5__imp271709__seed42,B|MLP|M5|271709,B,42,271709,full_test,20,0.8155568242073059,0.791146761734997,0.007593777116157575,0.0,0.011848341232227487,0.3,5.0,8435,422,0.7033708095550537,1,0,1,5,5
B_donor__MLP__M5__imp271709__seed123,B|MLP|M5|271709,B,123,271709,full_test,20,0.6556443572044373,0.7370469399881164,0.005962125178587651,0.00851063829787234,0.004739336492890996,0.25,2.0,8435,422,0.6987901329994202,1,0,1,2,2
B_donor__MLP__M5__imp271709__seed456,B|MLP|M5|271709,B,456,271709,full_test,20,0.6876142621040344,0.7419845513963161,0.007030891621725977,0.012084592145015106,0.0071090047393364926,0.3,3.0,8435,422,0.6640863418579102,1,0,1,3,3
B_donor__MLP__M5__imp271709__seed789,B|MLP|M5|271709,B,789,271709,full_test,20,0.6803777813911438,0.748235294117647,0.005866930665686333,0.012618296529968454,0.002369668246445498,0.3,1.0,8435,422,0.7160759568214417,1,0,1,1,1
B_donor__MLP__M5__imp271709__seed1024,B|MLP|M5|271709,B,1024,271709,full_test,20,0.6818830966949463,0.7715686274509803,0.007756677976527598,0.015267175572519083,0.0071090047393364926,0.35,3.0,8435,422,0.6989719271659851,1,0,1,3,3
B_donor__MLP__M11__imp271709__seed42,B|MLP|M11|271709,B,42,271709,full_test,20,0.768944263458252,0.827243018419489,0.011615946159122101,0.0196078431372549,0.016587677725118485,0.4,7.0,8435,422,0.7062430381774902,1,0,1,7,7
B_donor__MLP__M11__imp271709__seed123,B|MLP|M11|271709,B,123,271709,full_test,20,0.6950118541717529,0.801010101010101,0.010277805136267894,0.0182370820668693,0.011848341232227487,0.4,5.0,8435,422,0.6698697805404663,1,0,1,5,5
B_donor__MLP__M11__imp271709__seed456,B|MLP|M11|271709,B,456,271709,full_test,20,0.8774994015693665,0.8251633986928105,0.010027970055425422,0.0,0.014218009478672985,0.45,6.0,8435,422,0.73675537109375,1,0,1,6,6
B_donor__MLP__M11__imp271709__seed789,B|MLP|M11|271709,B,789,271709,full_test,20,0.6902663707733154,0.8293048128342246,0.011713176095215036,0.0335195530726257,0.011848341232227487,0.45,5.0,8435,422,0.6396229267120361,1,0,1,5,5
B_donor__MLP__M11__imp271709__seed1024,B|MLP|M11|271709,B,1024,271709,full_test,20,0.823214054107666,0.8426678550207962,0.011144931009034763,0.013793103448275862,0.014218009478672985,0.4,6.0,8435,422,0.7224434018135071,1,0,1,6,6
B_donor__RandomForest_unweighted__M5__imp271709__seed42,B|RandomForest_unweighted|M5|271709,B,42,271709,full_test,20,0.206,0.7714438502673797,0.01204623875936468,0.03508771929824561,0.009478672985781991,0.35,4.0,8435,422,0.072,16,1,14,3,4
B_donor__RandomForest_unweighted__M5__imp271709__seed123,B|RandomForest_unweighted|M5|271709,B,123,271709,full_test,20,0.084,0.7732768865121806,0.011925329865527256,0.02857142857142857,0.011848341232227487,0.35,5.0,8435,422,0.072,20,0,6,5,5
B_donor__RandomForest_unweighted__M5__imp271709__seed456,B|RandomForest_unweighted|M5|271709,B,456,271709,full_test,20,0.076,0.787139037433155,0.011893482733069782,0.02403846153846154,0.011848341232227487,0.3,5.0,8435,422,0.072,19,0,10,5,5
B_donor__RandomForest_unweighted__M5__imp271709__seed789,B|RandomForest_unweighted|M5|271709,B,789,271709,full_test,20,0.19,0.7634313725490196,0.011769521091148922,0.03076923076923077,0.011848341232227487,0.35,5.0,8435,422,0.072,18,0,2,5,5
B_donor__RandomForest_unweighted__M5__imp271709__seed1024,B|RandomForest_unweighted|M5|271709,B,1024,271709,full_test,20,0.118,0.7630243612596554,0.011593591236844128,0.021739130434782608,0.011848341232227487,0.25,5.0,8435,422,0.072,21,0,20,5,5
B_donor__RandomForest_unweighted__M11__imp271709__seed42,B|RandomForest_unweighted|M11|271709,B,42,271709,full_test,20,0.23,0.8556951871657753,0.01234701056284688,0.04,0.016587677725118485,0.5,7.0,8435,422,0.074,9,0,9,7,7
B_donor__RandomForest_unweighted__M11__imp271709__seed123,B|RandomForest_unweighted|M11|271709,B,123,271709,full_test,20,0.208,0.839263220439691,0.012734978442683106,0.03225806451612903,0.014218009478672985,0.5,6.0,8435,422,0.076,16,0,1,6,6
B_donor__RandomForest_unweighted__M11__imp271709__seed456,B|RandomForest_unweighted|M11|271709,B,456,271709,full_test,20,0.188,0.8595751633986929,0.014670542930819168,0.027777777777777776,0.016587677725118485,0.5,7.0,8435,422,0.074,16,0,3,7,7
B_donor__RandomForest_unweighted__M11__imp271709__seed789,B|RandomForest_unweighted|M11|271709,B,789,271709,full_test,20,0.204,0.873663101604278,0.01524932497392274,0.03333333333333333,0.014218009478672985,0.5,6.0,8435,422,0.076,11,0,8,6,6
B_donor__RandomForest_unweighted__M11__imp271709__seed1024,B|RandomForest_unweighted|M11|271709,B,1024,271709,full_test,20,0.214,0.8587017231134877,0.014594611883295564,0.03571428571428571,0.014218009478672985,0.55,6.0,8435,422,0.074,19,1,1,6,7
B0_dropFIN87__MLP__M5_no_FIN87__seed42,B0|MLP|M5_no_FIN87,B0,42,,full_test,20,0.60175621509552,0.543303624480095,0.002604190551341795,0.0,0.0,0.1,0.0,8435,422,0.5860017538070679,1,0,1,0,0
B0_dropFIN87__MLP__M5_no_FIN87__seed123,B0|MLP|M5_no_FIN87,B0,123,,full_test,20,0.5555928349494934,0.5769459298871064,0.0032495533608693783,0.007031642390758413,0.0,0.2,0.0,8435,422,0.6143473982810974,1,0,1,0,0
B0_dropFIN87__MLP__M5_no_FIN87__seed456,B0|MLP|M5_no_FIN87,B0,456,,full_test,20,0.6288096308708191,0.41857694592988715,0.004037617432427734,0.007874015748031496,0.004739336492890996,0.1,2.0,8435,422,0.5852994322776794,3,0,2,2,2
B0_dropFIN87__MLP__M5_no_FIN87__seed789,B0|MLP|M5_no_FIN87,B0,789,,full_test,20,0.6851711869239807,0.5932857991681522,0.011168606741016393,0.027777777777777776,0.009478672985781991,0.2,4.0,8435,422,0.5950560569763184,1,0,1,4,4
B0_dropFIN87__MLP__M5_no_FIN87__seed1024,B0|MLP|M5_no_FIN87,B0,1024,,full_test,20,0.49870067834854126,0.49974450386215097,0.0031483062750802602,0.005782435851102277,0.004739336492890996,0.15,2.0,8435,422,0.5731326341629028,51,0,20,2,2
B0_dropFIN87__MLP__M11_no_FIN87__seed42,B0|MLP|M11_no_FIN87,B0,42,,full_test,20,0.7624282836914062,0.7748841354723708,0.06838875881145201,0.05555555555555555,0.011848341232227487,0.5,5.0,8435,422,0.6131412982940674,1,0,1,5,5
B0_dropFIN87__MLP__M11_no_FIN87__seed123,B0|MLP|M11_no_FIN87,B0,123,,full_test,20,0.7218081951141357,0.731128936423054,0.017412978142296004,0.04819277108433735,0.014218009478672985,0.5,6.0,8435,422,0.6508995294570923,1,0,1,6,6
B0_dropFIN87__MLP__M11_no_FIN87__seed456,B0|MLP|M11_no_FIN87,B0,456,,full_test,20,0.728958785533905,0.778267973856209,0.01727630506929154,0.047619047619047616,0.016587677725118485,0.5,7.0,8435,422,0.6469761729240417,1,0,1,7,7
B0_dropFIN87__MLP__M11_no_FIN87__seed789,B0|MLP|M11_no_FIN87,B0,789,,full_test,20,0.6138710379600525,0.6864289958407606,0.060101649880066346,0.06896551724137931,0.011848341232227487,0.45,5.0,8435,422,0.5589571595191956,1,0,1,5,5
B0_dropFIN87__MLP__M11_no_FIN87__seed1024,B0|MLP|M11_no_FIN87,B0,1024,,full_test,20,0.611513078212738,0.7244028520499108,0.013733779069875291,0.02040816326530612,0.011848341232227487,0.35,5.0,8435,422,0.5672138333320618,1,0,1,5,5
B0_dropFIN87__RandomForest_unweighted__M5_no_FIN87__seed42,B0|RandomForest_unweighted|M5_no_FIN87,B0,42,,full_test,20,0.014,0.5039275103980986,0.0034239036370870522,0.00642570281124498,0.0071090047393364926,0.2,3.0,8435,422,0.03225,1,0,1,3,3
B0_dropFIN87__RandomForest_unweighted__M5_no_FIN87__seed123,B0|RandomForest_unweighted|M5_no_FIN87,B0,123,,full_test,20,0.0,0.4629471182412359,0.002904992035782194,0.004730928444707274,0.004739336492890996,0.15,2.0,8435,422,0.03463093844409743,22,0,12,2,2
B0_dropFIN87__RandomForest_unweighted__M5_no_FIN87__seed456,B0|RandomForest_unweighted|M5_no_FIN87,B0,456,,full_test,20,0.0,0.46885620915032683,0.0029286962359984475,0.004730928444707274,0.0071090047393364926,0.15,3.0,8435,422,0.03348252528692281,22,0,18,3,3
B0_dropFIN87__RandomForest_unweighted__M5_no_FIN87__seed789,B0|RandomForest_unweighted|M5_no_FIN87,B0,789,,full_test,20,3.773584905660377e-05,0.4721509209744504,0.002706290290971383,0.004006163328197226,0.002369668246445498,0.15,1.0,8435,422,0.034,20,0,13,1,1
B0_dropFIN87__RandomForest_unweighted__M5_no_FIN87__seed1024,B0|RandomForest_unweighted|M5_no_FIN87,B0,1024,,full_test,20,0.0003490361408563325,0.4607664884135472,0.002676397269763215,0.0036991368680641184,0.002369668246445498,0.15,1.0,8435,422,0.0336621794063861,22,0,6,1,1
B0_dropFIN87__RandomForest_unweighted__M11_no_FIN87__seed42,B0|RandomForest_unweighted|M11_no_FIN87,B0,42,,full_test,20,0.188,0.7197860962566845,0.026353989362208466,0.06593406593406594,0.011848341232227487,0.3,5.0,8435,422,0.06,19,0,3,5,5
B0_dropFIN87__RandomForest_unweighted__M11_no_FIN87__seed123,B0|RandomForest_unweighted|M11_no_FIN87,B0,123,,full_test,20,0.27,0.7567557932263815,0.02040695870164211,0.06451612903225806,0.011848341232227487,0.35,5.0,8435,422,0.06,14,0,2,5,5
B0_dropFIN87__RandomForest_unweighted__M11_no_FIN87__seed456,B0|RandomForest_unweighted|M11_no_FIN87,B0,456,,full_test,20,0.206,0.7621063576945929,0.015424843726812491,0.05970149253731343,0.011848341232227487,0.35,5.0,8435,422,0.06,26,0,10,5,5
B0_dropFIN87__RandomForest_unweighted__M11_no_FIN87__seed789,B0|RandomForest_unweighted|M11_no_FIN87,B0,789,,full_test,20,0.314,0.739795008912656,0.02113817063886831,0.0,0.011848341232227487,0.25,5.0,8435,422,0.062,16,0,16,5,5
B0_dropFIN87__RandomForest_unweighted__M11_no_FIN87__seed1024,B0|RandomForest_unweighted|M11_no_FIN87,B0,1024,,full_test,20,0.186,0.761042780748663,0.016571954350442623,0.046511627906976744,0.011848341232227487,0.4,5.0,8435,422,0.064,24,0,21,5,5
C_flags__RandomForest_unweighted__flags3__seed42,C|RandomForest_unweighted|flags3,C,42,,full_test,20,0.08109580984219628,0.8446702317290553,0.02836836097274086,0.08080808080808081,0.030805687203791468,0.6,13.0,8435,422,0.01682288572064652,1405,4,144,12,16
C_flags__RandomForest_unweighted__flags3__seed123,C|RandomForest_unweighted|flags3,C,123,,full_test,20,0.08180641845226101,0.8446702317290553,0.02836836097274086,0.08080808080808081,0.030805687203791468,0.6,13.0,8435,422,0.016877611988171195,1405,4,144,12,16
C_flags__RandomForest_unweighted__flags3__seed456,C|RandomForest_unweighted|flags3,C,456,,full_test,20,0.08115294237999894,0.8446702317290553,0.02836836097274086,0.08080808080808081,0.030805687203791468,0.6,13.0,8435,422,0.01691138611444124,1405,4,144,12,16
C_flags__RandomForest_unweighted__flags3__seed789,C|RandomForest_unweighted|flags3,C,789,,full_test,20,0.08159047092204824,0.844693998811646,0.02836949139284029,0.08080808080808081,0.030805687203791468,0.6,13.0,8435,422,0.016988894195965693,1405,4,145,12,16
C_flags__RandomForest_unweighted__flags3__seed1024,C|RandomForest_unweighted|flags3,C,1024,,full_test,20,0.08157199960152205,0.8446702317290553,0.02836836097274086,0.08080808080808081,0.030805687203791468,0.6,13.0,8435,422,0.016778055336776978,1405,4,144,12,16
REF__V26_original_MLP_M11__42,V26|MLP|M11,REFERENCE,42,,full_test,20,0.7935276627540588,0.8377183600713012,0.011571361523068953,0.011834319526627219,0.016587677725118485,0.45,7.0,8435,422,0.7092322111129761,1,0,1,7,7
REF__V26_primary_unweighted_RF_M11__42,V26|RandomForest_unweighted|M11,REFERENCE,42,,full_test,20,0.204,0.8563963161021984,0.014525199146438251,0.03125,0.016587677725118485,0.45,7.0,8435,422,0.082,16,0,11,7,7
REF__V26_reverse_GCN_M11__42,V26|GCN_reverse|M11,REFERENCE,42,,full_test,20,0.8834533095359802,0.8058823529411765,0.008526330826799959,0.010362694300518135,0.009478672985781991,0.5,4.0,8435,422,0.7445216178894043,1,0,1,4,4
REF__V26_reverse_SAGE_M11__42,V26|GraphSAGE_reverse|M11,REFERENCE,42,,full_test,20,0.7077657580375671,0.810326797385621,0.008532559416982463,0.009216589861751152,0.0071090047393364926,0.4,3.0,8435,422,0.6374204158782959,1,0,1,3,3
REF__V26_existing_asof__MLP__M5__seed42__42,ASOF|MLP|M5,REFERENCE,42,,full_test,20,0.7071453928947449,0.8007189542483659,0.007170372296007723,0.014527845036319613,0.0071090047393364926,0.25,3.0,8435,422,0.7018082141876221,1,0,1,3,3
REF__V26_existing_asof__MLP__M11__seed42__42,ASOF|MLP|M11,REFERENCE,42,,full_test,20,0.827336311340332,0.8391859774212715,0.011590197395975079,0.014184397163120567,0.016587677725118485,0.45,7.0,8435,422,0.7258099913597107,1,0,1,7,7
REF__V26_existing_asof__RandomForest__M5__seed42__42,ASOF|RandomForest_unweighted|M5,REFERENCE,42,,full_test,20,0.17,0.835103980986334,0.03179271694051118,0.08163265306122448,0.018957345971563982,0.65,8.0,8435,422,0.08,16,0,16,8,8
REF__V26_existing_asof__RandomForest__M11__seed42__42,ASOF|RandomForest_unweighted|M11,REFERENCE,42,,full_test,20,0.186,0.9041681521093287,0.03550713299406609,0.11235955056179775,0.023696682464454975,0.7,10.0,8435,422,0.076,13,0,6,10,10
REF__V26_original_MLP_M11__123,V26|MLP|M11,REFERENCE,123,,full_test,20,0.7054864764213562,0.8125252525252524,0.01004467880902027,0.011299435028248588,0.009478672985781991,0.45,4.0,8435,422,0.6820260882377625,1,0,1,4,4
REF__V26_primary_unweighted_RF_M11__123,V26|RandomForest_unweighted|M11,REFERENCE,123,,full_test,20,0.22,0.8709744503862151,0.014273101436574445,0.03508771929824561,0.016587677725118485,0.5,7.0,8435,422,0.084,11,0,7,7,7
REF__V26_reverse_GCN_M11__123,V26|GCN_reverse|M11,REFERENCE,123,,full_test,20,0.8293024301528931,0.8387462863933453,0.009145460169178148,0.007326007326007326,0.0071090047393364926,0.5,3.0,8435,422,0.7672507762908936,1,0,1,3,3
REF__V26_reverse_SAGE_M11__123,V26|GraphSAGE_reverse|M11,REFERENCE,123,,full_test,20,0.8439841270446777,0.8530005941770648,0.011701294198120523,0.0,0.009478672985781991,0.6,4.0,8435,422,0.7194398045539856,1,0,1,4,4
REF__V26_existing_asof__MLP__M5__seed123__123,ASOF|MLP|M5,REFERENCE,123,,full_test,20,0.8652052879333496,0.7434818775995247,0.00579391338901701,0.0,0.004739336492890996,0.2,2.0,8435,422,0.6904577016830444,1,0,1,2,2
REF__V26_existing_asof__MLP__M11__seed123__123,ASOF|MLP|M11,REFERENCE,123,,full_test,20,0.7332101464271545,0.8054486036838977,0.010148402561474429,0.017964071856287425,0.009478672985781991,0.4,4.0,8435,422,0.7037795782089233,1,0,1,4,4
REF__V26_existing_asof__RandomForest__M5__seed123__123,ASOF|RandomForest_unweighted|M5,REFERENCE,123,,full_test,20,0.146,0.8585502079619727,0.03863038583388925,0.06802721088435375,0.02132701421800948,0.55,9.0,8435,422,0.08,18,0,18,9,9
REF__V26_existing_asof__RandomForest__M11__seed123__123,ASOF|RandomForest_unweighted|M11,REFERENCE,123,,full_test,20,0.182,0.8931966726084374,0.02857797733225104,0.10526315789473684,0.02132701421800948,0.7,9.0,8435,422,0.08,26,0,22,9,9
REF__V26_original_MLP_M11__456,V26|MLP|M11,REFERENCE,456,,full_test,20,0.8522984981536865,0.8422162804515746,0.010491466107378581,0.015037593984962405,0.016587677725118485,0.45,7.0,8435,422,0.7246816754341125,1,0,1,7,7
REF__V26_primary_unweighted_RF_M11__456,V26|RandomForest_unweighted|M11,REFERENCE,456,,full_test,20,0.204,0.8632976827094474,0.015769622258573906,0.031746031746031744,0.016587677725118485,0.4,7.0,8435,422,0.082,19,0,8,7,7
REF__V26_reverse_GCN_M11__456,V26|GCN_reverse|M11,REFERENCE,456,,full_test,20,0.7018065452575684,0.8199168152109328,0.008660838867232774,0.008130081300813009,0.004739336492890996,0.5,2.0,8435,422,0.6467107534408569,1,0,1,2,2
REF__V26_reverse_SAGE_M11__456,V26|GraphSAGE_reverse|M11,REFERENCE,456,,full_test,20,0.8057092428207397,0.7982471776589424,0.008640581331394538,0.01092896174863388,0.0071090047393364926,0.45,3.0,8435,422,0.6976275444030762,1,0,1,3,3
REF__V26_existing_asof__MLP__M5__seed456__456,ASOF|MLP|M5,REFERENCE,456,,full_test,20,0.8705941438674927,0.7520023767082591,0.007123442819004438,0.0,0.009478672985781991,0.35,4.0,8435,422,0.6877521872520447,1,0,1,4,4
REF__V26_existing_asof__MLP__M11__seed456__456,ASOF|MLP|M11,REFERENCE,456,,full_test,20,0.858386754989624,0.8404693998811645,0.010467322206309715,0.0,0.016587677725118485,0.45,7.0,8435,422,0.7234327793121338,1,0,1,7,7
REF__V26_existing_asof__RandomForest__M5__seed456__456,ASOF|RandomForest_unweighted|M5,REFERENCE,456,,full_test,20,0.164,0.8546880570409983,0.03805212613376944,0.0847457627118644,0.018957345971563982,0.55,8.0,8435,422,0.082,20,0,16,8,8
REF__V26_existing_asof__RandomForest__M11__seed456__456,ASOF|RandomForest_unweighted|M11,REFERENCE,456,,full_test,20,0.176,0.907038027332145,0.03009146184020594,0.07920792079207921,0.02132701421800948,0.65,9.0,8435,422,0.08,20,0,13,9,9
REF__V26_original_MLP_M11__789,V26|MLP|M11,REFERENCE,789,,full_test,20,0.6667288541793823,0.825103980986334,0.011431395380859393,0.022304832713754646,0.014218009478672985,0.4,6.0,8435,422,0.6371268033981323,1,0,1,6,6
REF__V26_primary_unweighted_RF_M11__789,V26|RandomForest_unweighted|M11,REFERENCE,789,,full_test,20,0.222,0.8672311348781938,0.015044278105614263,0.034482758620689655,0.016587677725118485,0.5,7.0,8435,422,0.082,15,0,4,7,7
REF__V26_reverse_GCN_M11__789,V26|GCN_reverse|M11,REFERENCE,789,,full_test,20,0.8668327331542969,0.823321449792038,0.008424496908394594,0.01098901098901099,0.004739336492890996,0.5,2.0,8435,422,0.7338356971740723,1,0,1,2,2
REF__V26_reverse_SAGE_M11__789,V26|GraphSAGE_reverse|M11,REFERENCE,789,,full_test,20,0.712661862373352,0.80815210932858,0.008312503635037265,0.0,0.011848341232227487,0.35,5.0,8435,422,0.663834810256958,1,0,1,5,5
REF__V26_existing_asof__MLP__M5__seed789__789,ASOF|MLP|M5,REFERENCE,789,,full_test,20,0.66526859998703,0.7693107546048723,0.0064301042725247014,0.013029315960912053,0.002369668246445498,0.35,1.0,8435,422,0.6942209005355835,1,0,1,1,1
REF__V26_existing_asof__MLP__M11__seed789__789,ASOF|MLP|M11,REFERENCE,789,,full_test,20,0.698163628578186,0.8294533571004159,0.011284836253260006,0.026845637583892617,0.011848341232227487,0.45,5.0,8435,422,0.6360604166984558,1,0,1,5,5
REF__V26_existing_asof__RandomForest__M5__seed789__789,ASOF|RandomForest_unweighted|M5,REFERENCE,789,,full_test,20,0.164,0.8733422459893048,0.0380919068159814,0.08064516129032258,0.02132701421800948,0.55,9.0,8435,422,0.078,18,0,13,9,9
REF__V26_existing_asof__RandomForest__M11__seed789__789,ASOF|RandomForest_unweighted|M11,REFERENCE,789,,full_test,20,0.186,0.9057040998217468,0.028296338423549453,0.09411764705882353,0.018957345971563982,0.65,8.0,8435,422,0.076,20,1,5,8,9
REF__V26_original_MLP_M11__1024,V26|MLP|M11,REFERENCE,1024,,full_test,20,0.7793102264404297,0.8418775995246583,0.011150926211770235,0.012121212121212121,0.016587677725118485,0.45,7.0,8435,422,0.6968657970428467,1,0,1,7,7
REF__V26_primary_unweighted_RF_M11__1024,V26|RandomForest_unweighted|M11,REFERENCE,1024,,full_test,20,0.23,0.8614438502673797,0.014189184890063287,0.0,0.016587677725118485,0.45,7.0,8435,422,0.08,10,0,1,7,7
REF__V26_reverse_GCN_M11__1024,V26|GCN_reverse|M11,REFERENCE,1024,,full_test,20,0.7881815433502197,0.8027035056446821,0.006752076253683716,0.006060606060606061,0.002369668246445498,0.35,1.0,8435,422,0.7516477108001709,1,0,1,1,1
REF__V26_reverse_SAGE_M11__1024,V26|GraphSAGE_reverse|M11,REFERENCE,1024,,full_test,20,0.7922998666763306,0.8169815805109923,0.008543283205211452,0.009389671361502348,0.011848341232227487,0.4,5.0,8435,422,0.7107553482055664,1,0,1,5,5
REF__V26_existing_asof__MLP__M5__seed1024__1024,ASOF|MLP|M5,REFERENCE,1024,,full_test,20,0.914283812046051,0.7708793820558526,0.007063836401952055,0.0,0.0071090047393364926,0.35,3.0,8435,422,0.6994305849075317,1,0,1,3,3
REF__V26_existing_asof__MLP__M11__seed1024__1024,ASOF|MLP|M11,REFERENCE,1024,,full_test,20,0.8478824496269226,0.8433808674985145,0.011287653639323826,0.016,0.014218009478672985,0.5,6.0,8435,422,0.71816086769104,1,0,1,6,6
REF__V26_existing_asof__RandomForest__M5__seed1024__1024,ASOF|RandomForest_unweighted|M5,REFERENCE,1024,,full_test,20,0.18,0.8220677361853834,0.03379211605319768,0.09090909090909091,0.016587677725118485,0.6,7.0,8435,422,0.078,19,1,4,7,8
REF__V26_existing_asof__RandomForest__M11__seed1024__1024,ASOF|RandomForest_unweighted|M11,REFERENCE,1024,,full_test,20,0.198,0.9145038621509209,0.028348496752421994,0.09876543209876543,0.02132701421800948,0.65,9.0,8435,422,0.076,19,0,6,9,9
A_docpurged__MLP__M11__seed42,A|MLP|M11,A,42,,D_frozen,7,0.8293477892875671,0.670808929632459,0.0014749641108623597,0.0,0.0,0.14285714285714285,0.0,8422,422,0.7116663455963135,1,0,1,0,0
A_docpurged__MLP__M11__seed123,A|MLP|M11,A,123,,D_frozen,7,0.9998741149902344,0.6605551311433664,0.0014806589698603413,0.0,0.0,0.0,0.0,8422,422,0.5633646845817566,1,0,1,0,0
A_docpurged__MLP__M11__seed456,A|MLP|M11,A,456,,D_frozen,7,0.7659621834754944,0.661505814446991,0.0014995468689955984,0.0,0.0,0.14285714285714285,0.0,8422,422,0.6580122113227844,1,0,1,0,0
A_docpurged__MLP__M11__seed789,A|MLP|M11,A,789,,D_frozen,7,0.6812537908554077,0.6551056786350904,0.0013100188297417098,0.0,0.0,0.0,0.0,8422,422,0.635263204574585,1,0,1,0,0
A_docpurged__MLP__M11__seed1024,A|MLP|M11,A,1024,,D_frozen,7,0.7748478055000305,0.6979713097360156,0.0014929447886407542,0.0,0.0,0.0,0.0,8422,422,0.696439266204834,1,0,1,0,0
A_docpurged__RandomForest_unweighted__M11__seed42,A|RandomForest_unweighted|M11,A,42,,D_frozen,7,0.258,0.6918258212375858,0.0014868212635505485,0.0,0.0,0.14285714285714285,0.0,8422,422,0.072,18,0,1,0,0
A_docpurged__RandomForest_unweighted__M11__seed123,A|RandomForest_unweighted|M11,A,123,,D_frozen,7,0.254,0.7323062558356677,0.0016716062724466255,0.0,0.0,0.0,0.0,8422,422,0.072,16,0,7,0,0
A_docpurged__RandomForest_unweighted__M11__seed456,A|RandomForest_unweighted|M11,A,456,,D_frozen,7,0.268,0.749129955012308,0.0018994750383553392,0.0,0.0,0.14285714285714285,0.0,8422,422,0.072,20,0,13,0,0
A_docpurged__RandomForest_unweighted__M11__seed789,A|RandomForest_unweighted|M11,A,789,,D_frozen,7,0.284,0.6877005347593583,0.0015093159286655162,0.0,0.0,0.14285714285714285,0.0,8422,422,0.07,24,0,19,0,0
A_docpurged__RandomForest_unweighted__M11__seed1024,A|RandomForest_unweighted|M11,A,1024,,D_frozen,7,0.566,0.7068415244885833,0.0015718556079040709,0.0,0.0,0.14285714285714285,0.0,8422,422,0.074,12,0,11,0,0
A_docpurged__GCN_reverse__M11__seed42,A|GCN_reverse|M11,A,42,,D_frozen,7,0.8680577278137207,0.6881588999236058,0.0028606159305161983,0.010526315789473684,0.002369668246445498,0.14285714285714285,1.0,8422,422,0.7404711246490479,1,0,1,1,1
A_docpurged__GCN_reverse__M11__seed123,A|GCN_reverse|M11,A,123,,D_frozen,7,0.8207434415817261,0.7667770138358374,0.003636186829666928,0.007272727272727273,0.002369668246445498,0.2857142857142857,1.0,8422,422,0.7648495435714722,1,0,1,1,1
A_docpurged__GCN_reverse__M11__seed456,A|GCN_reverse|M11,A,456,,D_frozen,7,0.6426172256469727,0.6934385875562347,0.0023758042972988795,0.0071174377224199285,0.002369668246445498,0.2857142857142857,1.0,8422,422,0.614102303981781,1,0,1,1,1
A_docpurged__GCN_reverse__M11__seed789,A|GCN_reverse|M11,A,789,,D_frozen,7,0.9159432649612427,0.7381716322892793,0.003155130325628223,0.015151515151515152,0.002369668246445498,0.2857142857142857,1.0,8422,422,0.7434509992599487,1,0,1,1,1
A_docpurged__GCN_reverse__M11__seed1024,A|GCN_reverse|M11,A,1024,,D_frozen,7,0.9963271021842957,0.7399881164587047,0.0036001555174922264,0.0,0.002369668246445498,0.42857142857142855,1.0,8422,422,0.6277436017990112,1,0,1,1,1
A_docpurged__GraphSAGE_reverse__M11__seed42,A|GraphSAGE_reverse|M11,A,42,,D_frozen,7,0.6721878051757812,0.6707580001697648,0.0018975020908276598,0.0,0.0,0.42857142857142855,0.0,8422,422,0.6123645305633545,1,0,1,0,0
A_docpurged__GraphSAGE_reverse__M11__seed123,A|GraphSAGE_reverse|M11,A,123,,D_frozen,7,0.8418945074081421,0.6689924454630337,0.0014615032418675556,0.0,0.0,0.0,0.0,8422,422,0.7135445475578308,1,0,1,0,0
A_docpurged__GraphSAGE_reverse__M11__seed456,A|GraphSAGE_reverse|M11,A,456,,D_frozen,7,0.9240967035293579,0.5541804600628131,0.0012363485648437629,0.0,0.0,0.14285714285714285,0.0,8422,422,0.6964618563652039,1,0,1,0,0
A_docpurged__GraphSAGE_reverse__M11__seed789,A|GraphSAGE_reverse|M11,A,789,,D_frozen,7,0.6868768334388733,0.6476190476190476,0.0013557606944013686,0.0,0.0,0.14285714285714285,0.0,8422,422,0.6523081064224243,1,0,1,0,0
A_docpurged__GraphSAGE_reverse__M11__seed1024,A|GraphSAGE_reverse|M11,A,1024,,D_frozen,7,0.8090844750404358,0.6865631100925218,0.0016207031568029743,0.0,0.0,0.14285714285714285,0.0,8422,422,0.7261368632316589,1,0,1,0,0
B_donor__MLP__M5__imp271707__seed42,B|MLP|M5|271707,B,42,271707,D_frozen,7,0.7266632318496704,0.7392581274934217,0.001706413092794727,0.0,0.0,0.0,0.0,8422,422,0.7059051394462585,1,0,1,0,0
B_donor__MLP__M5__imp271707__seed123,B|MLP|M5|271707,B,123,271707,D_frozen,7,0.9076050519943237,0.6933197521432816,0.0014529125654046179,0.0,0.0,0.0,0.0,8422,422,0.7016568779945374,1,0,1,0,0
B_donor__MLP__M5__imp271707__seed456,B|MLP|M5|271707,B,456,271707,D_frozen,7,0.6952233910560608,0.661437908496732,0.0013922501434716636,0.0,0.0,0.0,0.0,8422,422,0.6503095030784607,1,0,1,0,0
B_donor__MLP__M5__imp271707__seed789,B|MLP|M5|271707,B,789,271707,D_frozen,7,0.9552740454673767,0.6544266191325014,0.0014054932970259497,0.0,0.0,0.14285714285714285,0.0,8422,422,0.7370659708976746,1,0,1,0,0
B_donor__MLP__M5__imp271707__seed1024,B|MLP|M5|271707,B,1024,271707,D_frozen,7,0.8850902318954468,0.66768525592055,0.0013604704394580898,0.0,0.0,0.0,0.0,8422,422,0.6861472129821777,1,0,1,0,0
B_donor__MLP__M11__imp271707__seed42,B|MLP|M11|271707,B,42,271707,D_frozen,7,0.789149284362793,0.6865121806298277,0.0014628911934408113,0.0,0.0,0.14285714285714285,0.0,8422,422,0.7060447335243225,1,0,1,0,0
B_donor__MLP__M11__imp271707__seed123,B|MLP|M11|271707,B,123,271707,D_frozen,7,0.8172096610069275,0.6518801459977931,0.0013812998036618626,0.0,0.0,0.0,0.0,8422,422,0.7063796520233154,1,0,1,0,0
B_donor__MLP__M11__imp271707__seed456,B|MLP|M11|271707,B,456,271707,D_frozen,7,0.869680643081665,0.6728291316526611,0.0013829421968541992,0.0,0.0,0.0,0.0,8422,422,0.7277372479438782,1,0,1,0,0
B_donor__MLP__M11__imp271707__seed789,B|MLP|M11|271707,B,789,271707,D_frozen,7,0.6733003854751587,0.6848484848484848,0.0014515090788059723,0.0,0.0,0.0,0.0,8422,422,0.6287137269973755,1,0,1,0,0
B_donor__MLP__M11__imp271707__seed1024,B|MLP|M11|271707,B,1024,271707,D_frozen,7,0.8811681270599365,0.6708768355827179,0.0015447762651235176,0.0,0.0,0.0,0.0,8422,422,0.7338558435440063,1,0,1,0,0
B_donor__RandomForest_unweighted__M5__imp271707__seed42,B|RandomForest_unweighted|M5|271707,B,42,271707,D_frozen,7,0.086,0.7138528138528139,0.0017729262230888117,0.0,0.002369668246445498,0.14285714285714285,1.0,8422,422,0.072,21,0,14,1,1
B_donor__RandomForest_unweighted__M5__imp271707__seed123,B|RandomForest_unweighted|M5|271707,B,123,271707,D_frozen,7,0.078,0.6632543926661574,0.0016542410572917502,0.005025125628140704,0.002369668246445498,0.14285714285714285,1.0,8422,422,0.074,21,0,20,1,1
B_donor__RandomForest_unweighted__M5__imp271707__seed456,B|RandomForest_unweighted|M5|271707,B,456,271707,D_frozen,7,0.08,0.6841439606145489,0.0017848057762405646,0.0,0.002369668246445498,0.14285714285714285,1.0,8422,422,0.072,15,0,9,1,1
B_donor__RandomForest_unweighted__M5__imp271707__seed789,B|RandomForest_unweighted|M5|271707,B,789,271707,D_frozen,7,0.084,0.7254138018843901,0.0017294834447149333,0.0,0.0,0.14285714285714285,0.0,8422,422,0.072,31,0,19,0,0
B_donor__RandomForest_unweighted__M5__imp271707__seed1024,B|RandomForest_unweighted|M5|271707,B,1024,271707,D_frozen,7,0.13,0.6800186741363212,0.002095723496711647,0.0,0.002369668246445498,0.14285714285714285,1.0,8422,422,0.072,25,0,25,1,1
B_donor__RandomForest_unweighted__M11__imp271707__seed42,B|RandomForest_unweighted|M11|271707,B,42,271707,D_frozen,7,0.16,0.6819794584500467,0.0015241825747100168,0.0,0.0,0.0,0.0,8422,422,0.072,23,0,1,0,0
B_donor__RandomForest_unweighted__M11__imp271707__seed123,B|RandomForest_unweighted|M11|271707,B,123,271707,D_frozen,7,0.224,0.7316951022833376,0.0016919943268431774,0.0,0.0,0.14285714285714285,0.0,8422,422,0.074,13,0,10,0,0
B_donor__RandomForest_unweighted__M11__imp271707__seed456,B|RandomForest_unweighted|M11|271707,B,456,271707,D_frozen,7,0.188,0.7001782531194296,0.0014632096999487151,0.0,0.0,0.14285714285714285,0.0,8422,422,0.074,19,0,16,0,0
B_donor__RandomForest_unweighted__M11__imp271707__seed789,B|RandomForest_unweighted|M11|271707,B,789,271707,D_frozen,7,0.224,0.694363806128512,0.0014491493502851041,0.0,0.0,0.14285714285714285,0.0,8422,422,0.074,21,0,6,0,0
B_donor__RandomForest_unweighted__M11__imp271707__seed1024,B|RandomForest_unweighted|M11|271707,B,1024,271707,D_frozen,7,0.16,0.7554876496052967,0.001971927016870299,0.0,0.0,0.14285714285714285,0.0,8422,422,0.074,13,0,2,0,0
B_donor__MLP__M5__imp271708__seed42,B|MLP|M5|271708,B,42,271708,D_frozen,7,0.9214997887611389,0.705050505050505,0.0016082554723832793,0.0,0.0,0.0,0.0,8422,422,0.7156962752342224,1,0,1,0,0
B_donor__MLP__M5__imp271708__seed123,B|MLP|M5|271708,B,123,271708,D_frozen,7,0.6368553638458252,0.6529326882268058,0.0013115275708124588,0.0,0.0,0.0,0.0,8422,422,0.6833285689353943,1,0,1,0,0
B_donor__MLP__M5__imp271708__seed456,B|MLP|M5|271708,B,456,271708,D_frozen,7,0.6764742136001587,0.6022748493336729,0.0012354448884489878,0.0,0.0,0.0,0.0,8422,422,0.6895020008087158,1,0,1,0,0
B_donor__MLP__M5__imp271708__seed789,B|MLP|M5|271708,B,789,271708,D_frozen,7,0.8817907571792603,0.6766997708174178,0.0015020595593642505,0.0,0.0,0.14285714285714285,0.0,8422,422,0.7021754384040833,1,0,1,0,0
B_donor__MLP__M5__imp271708__seed1024,B|MLP|M5|271708,B,1024,271708,D_frozen,7,0.9106290936470032,0.663712757830405,0.0013730889588924604,0.0,0.0,0.14285714285714285,0.0,8422,422,0.6981436610221863,1,0,1,0,0
B_donor__MLP__M11__imp271708__seed42,B|MLP|M11|271708,B,42,271708,D_frozen,7,0.821287214756012,0.6619132501485443,0.0013889498749534647,0.0,0.0,0.0,0.0,8422,422,0.7238333821296692,1,0,1,0,0
B_donor__MLP__M11__imp271708__seed123,B|MLP|M11|271708,B,123,271708,D_frozen,7,0.7329700589179993,0.6594346829640947,0.0013648228527524718,0.0,0.0,0.0,0.0,8422,422,0.712972104549408,1,0,1,0,0
B_donor__MLP__M11__imp271708__seed456,B|MLP|M11|271708,B,456,271708,D_frozen,7,0.8419145941734314,0.6692470927765046,0.0013863431039020649,0.0,0.0,0.14285714285714285,0.0,8422,422,0.7224671244621277,1,0,1,0,0
B_donor__MLP__M11__imp271708__seed789,B|MLP|M11|271708,B,789,271708,D_frozen,7,0.6877439618110657,0.6566675154910449,0.0013001832397882898,0.0,0.0,0.0,0.0,8422,422,0.6462817788124084,1,0,1,0,0
B_donor__MLP__M11__imp271708__seed1024,B|MLP|M11|271708,B,1024,271708,D_frozen,7,0.8405713438987732,0.6906204906204907,0.0015559803037594852,0.0,0.0,0.0,0.0,8422,422,0.7267081141471863,1,0,1,0,0
B_donor__RandomForest_unweighted__M5__imp271708__seed42,B|RandomForest_unweighted|M5|271708,B,42,271708,D_frozen,7,0.106,0.6527629233511587,0.00151892294096593,0.0,0.002369668246445498,0.14285714285714285,1.0,8422,422,0.076,21,1,19,0,1
B_donor__RandomForest_unweighted__M5__imp271708__seed123,B|RandomForest_unweighted|M5|271708,B,123,271708,D_frozen,7,0.074,0.6766488413547237,0.0014489516202022582,0.0,0.0,0.14285714285714285,0.0,8422,422,0.076,26,0,26,0,0
B_donor__RandomForest_unweighted__M5__imp271708__seed456,B|RandomForest_unweighted|M5|271708,B,456,271708,D_frozen,7,0.12,0.6451065274594686,0.001420549584474334,0.0,0.0,0.14285714285714285,0.0,8422,422,0.076,17,0,11,0,0
B_donor__RandomForest_unweighted__M5__imp271708__seed789,B|RandomForest_unweighted|M5|271708,B,789,271708,D_frozen,7,0.088,0.632433579492403,0.0015631009360680163,0.0,0.002369668246445498,0.14285714285714285,1.0,8422,422,0.076,18,0,15,1,1
B_donor__RandomForest_unweighted__M5__imp271708__seed1024,B|RandomForest_unweighted|M5|271708,B,1024,271708,D_frozen,7,0.076,0.7100246159069689,0.0015464633969333715,0.0,0.0,0.14285714285714285,0.0,8422,422,0.074,13,0,10,0,0
B_donor__RandomForest_unweighted__M11__imp271708__seed42,B|RandomForest_unweighted|M11|271708,B,42,271708,D_frozen,7,0.228,0.6948306595365419,0.0015491390295688373,0.0,0.0,0.14285714285714285,0.0,8422,422,0.076,21,0,21,0,0
B_donor__RandomForest_unweighted__M11__imp271708__seed123,B|RandomForest_unweighted|M11|271708,B,123,271708,D_frozen,7,0.116,0.6662167897462015,0.001408362171204458,0.0,0.0,0.14285714285714285,0.0,8422,422,0.076,25,0,23,0,0
B_donor__RandomForest_unweighted__M11__imp271708__seed456,B|RandomForest_unweighted|M11|271708,B,456,271708,D_frozen,7,0.188,0.652160258042611,0.00130366829931875,0.0,0.0,0.14285714285714285,0.0,8422,422,0.074,17,0,2,0,0
B_donor__RandomForest_unweighted__M11__imp271708__seed789,B|RandomForest_unweighted|M11|271708,B,789,271708,D_frozen,7,0.256,0.7070707070707071,0.0014968919325965948,0.0,0.0,0.14285714285714285,0.0,8422,422,0.078,15,0,12,0,0
B_donor__RandomForest_unweighted__M11__imp271708__seed1024,B|RandomForest_unweighted|M11|271708,B,1024,271708,D_frozen,7,0.146,0.7010270774976657,0.0015436665501587996,0.0,0.0,0.14285714285714285,0.0,8422,422,0.074,22,0,5,0,0
B_donor__MLP__M5__imp271709__seed42,B|MLP|M5|271709,B,42,271709,D_frozen,7,0.8155568242073059,0.6969357439945675,0.001626584847354959,0.0,0.0,0.0,0.0,8422,422,0.7020645141601562,1,0,1,0,0
B_donor__MLP__M5__imp271709__seed123,B|MLP|M5|271709,B,123,271709,D_frozen,7,0.6556443572044373,0.6294711824123589,0.0012385716314004993,0.0,0.0,0.0,0.0,8422,422,0.6985417008399963,1,0,1,0,0
B_donor__MLP__M5__imp271709__seed456,B|MLP|M5|271709,B,456,271709,D_frozen,7,0.6876142621040344,0.595654019183431,0.0012318473754457677,0.0,0.0,0.0,0.0,8422,422,0.6637794971466064,1,0,1,0,0
B_donor__MLP__M5__imp271709__seed789,B|MLP|M5|271709,B,789,271709,D_frozen,7,0.6803777813911438,0.6370426958662253,0.0013716583084788616,0.003236245954692557,0.0,0.14285714285714285,0.0,8422,422,0.7159220576286316,1,0,1,0,0
B_donor__MLP__M5__imp271709__seed1024,B|MLP|M5|271709,B,1024,271709,D_frozen,7,0.6818830966949463,0.6444783974195738,0.001279222591447813,0.0,0.0,0.0,0.0,8422,422,0.6985750198364258,1,0,1,0,0
B_donor__MLP__M11__imp271709__seed42,B|MLP|M11|271709,B,42,271709,D_frozen,7,0.768944263458252,0.6604532722179781,0.001411171767881367,0.0,0.0,0.0,0.0,8422,422,0.7050548195838928,1,0,1,0,0
B_donor__MLP__M11__imp271709__seed123,B|MLP|M11|271709,B,123,271709,D_frozen,7,0.6950118541717529,0.6255835667600373,0.0012419092563957217,0.0,0.0,0.0,0.0,8422,422,0.6685714721679688,1,0,1,0,0
B_donor__MLP__M11__imp271709__seed456,B|MLP|M11|271709,B,456,271709,D_frozen,7,0.8774994015693665,0.6535438417791359,0.001358305674440991,0.0,0.0,0.14285714285714285,0.0,8422,422,0.7350092530250549,1,0,1,0,0
B_donor__MLP__M11__imp271709__seed789,B|MLP|M11|271709,B,789,271709,D_frozen,7,0.6902663707733154,0.6506238859180036,0.0013003425851541097,0.0,0.0,0.0,0.0,8422,422,0.6390979290008545,1,0,1,0,0
B_donor__MLP__M11__imp271709__seed1024,B|MLP|M11|271709,B,1024,271709,D_frozen,7,0.823214054107666,0.6877514642220525,0.0014688514586218468,0.0,0.0,0.0,0.0,8422,422,0.7209253311157227,1,0,1,0,0
B_donor__RandomForest_unweighted__M5__imp271709__seed42,B|RandomForest_unweighted|M5|271709,B,42,271709,D_frozen,7,0.206,0.6708513708513708,0.0015251249598386494,0.0,0.0,0.14285714285714285,0.0,8422,422,0.07,19,0,2,0,0
B_donor__RandomForest_unweighted__M5__imp271709__seed123,B|RandomForest_unweighted|M5|271709,B,123,271709,D_frozen,7,0.084,0.672311348781937,0.0016219168922177601,0.006006006006006006,0.002369668246445498,0.14285714285714285,1.0,8422,422,0.072,20,0,10,1,1
B_donor__RandomForest_unweighted__M5__imp271709__seed456,B|RandomForest_unweighted|M5|271709,B,456,271709,D_frozen,7,0.076,0.7356676003734827,0.001977889201923201,0.005012531328320802,0.002369668246445498,0.14285714285714285,1.0,8422,422,0.072,19,0,14,1,1
B_donor__RandomForest_unweighted__M5__imp271709__seed789,B|RandomForest_unweighted|M5|271709,B,789,271709,D_frozen,7,0.19,0.6237161531279178,0.0014680262850546427,0.0,0.002369668246445498,0.14285714285714285,1.0,8422,422,0.072,18,0,6,1,1
B_donor__RandomForest_unweighted__M5__imp271709__seed1024,B|RandomForest_unweighted|M5|271709,B,1024,271709,D_frozen,7,0.118,0.6420507596978186,0.0016254180615046358,0.0,0.002369668246445498,0.14285714285714285,1.0,8422,422,0.07,20,0,3,1,1
B_donor__RandomForest_unweighted__M11__imp271709__seed42,B|RandomForest_unweighted|M11|271709,B,42,271709,D_frozen,7,0.23,0.7269926152279094,0.001903878586797695,0.0,0.0,0.14285714285714285,0.0,8422,422,0.072,14,0,7,0,0
B_donor__RandomForest_unweighted__M11__imp271709__seed123,B|RandomForest_unweighted|M11|271709,B,123,271709,D_frozen,7,0.208,0.663857057974705,0.0013272933617681833,0.0,0.0,0.14285714285714285,0.0,8422,422,0.076,16,0,7,0,0
B_donor__RandomForest_unweighted__M11__imp271709__seed456,B|RandomForest_unweighted|M11|271709,B,456,271709,D_frozen,7,0.188,0.7333587980646805,0.001708135084093058,0.0,0.0,0.14285714285714285,0.0,8422,422,0.074,16,0,10,0,0
B_donor__RandomForest_unweighted__M11__imp271709__seed789,B|RandomForest_unweighted|M11|271709,B,789,271709,D_frozen,7,0.204,0.7602835073423309,0.0019063255756768538,0.0,0.0,0.14285714285714285,0.0,8422,422,0.074,11,0,3,0,0
B_donor__RandomForest_unweighted__M11__imp271709__seed1024,B|RandomForest_unweighted|M11|271709,B,1024,271709,D_frozen,7,0.214,0.7063322298616417,0.0016258395614262686,0.0,0.0,0.14285714285714285,0.0,8422,422,0.074,19,1,7,0,1
B0_dropFIN87__MLP__M5_no_FIN87__seed42,B0|MLP|M5_no_FIN87,B0,42,,D_frozen,7,0.60175621509552,0.4382055852644087,0.000767046108976469,0.0,0.0,0.0,0.0,8422,422,0.5860017538070679,1,0,1,0,0
B0_dropFIN87__MLP__M5_no_FIN87__seed123,B0|MLP|M5_no_FIN87,B0,123,,D_frozen,7,0.5555928349494934,0.530269077327901,0.0012882155838154232,0.00303951367781155,0.0,0.14285714285714285,0.0,8422,422,0.6143473982810974,1,0,1,0,0
B0_dropFIN87__MLP__M5_no_FIN87__seed456,B0|MLP|M5_no_FIN87,B0,456,,D_frozen,7,0.6288096308708191,0.38743739920210507,0.0007295419140868814,0.0,0.0,0.0,0.0,8422,422,0.5852095484733582,1,0,1,0,0
B0_dropFIN87__MLP__M5_no_FIN87__seed789,B0|MLP|M5_no_FIN87,B0,789,,D_frozen,7,0.6851711869239807,0.5941685765215177,0.002562357472047253,0.0,0.002369668246445498,0.14285714285714285,1.0,8422,422,0.5946264266967773,1,0,1,1,1
B0_dropFIN87__MLP__M5_no_FIN87__seed1024,B0|MLP|M5_no_FIN87,B0,1024,,D_frozen,7,0.49870067834854126,0.4371190900602665,0.0008149223047087229,0.001455604075691412,0.0,0.0,0.0,8422,422,0.5731326341629028,51,0,22,0,0
B0_dropFIN87__MLP__M11_no_FIN87__seed42,B0|MLP|M11_no_FIN87,B0,42,,D_frozen,7,0.7624282836914062,0.5626687038451744,0.0010961127866354098,0.0,0.0,0.0,0.0,8422,422,0.6125089526176453,1,0,1,0,0
B0_dropFIN87__MLP__M11_no_FIN87__seed123,B0|MLP|M11_no_FIN87,B0,123,,D_frozen,7,0.7218081951141357,0.5450810627281215,0.0011822450106470338,0.0,0.0,0.14285714285714285,0.0,8422,422,0.6498762965202332,1,0,1,0,0
B0_dropFIN87__MLP__M11_no_FIN87__seed456,B0|MLP|M11_no_FIN87,B0,456,,D_frozen,7,0.728958785533905,0.5571258806552923,0.0012549337804421373,0.0,0.0,0.0,0.0,8422,422,0.6458256244659424,1,0,1,0,0
B0_dropFIN87__MLP__M11_no_FIN87__seed789,B0|MLP|M11_no_FIN87,B0,789,,D_frozen,7,0.6138710379600525,0.5839911722264663,0.0012968270219959027,0.0,0.0,0.14285714285714285,0.0,8422,422,0.5585107207298279,1,0,1,0,0
B0_dropFIN87__MLP__M11_no_FIN87__seed1024,B0|MLP|M11_no_FIN87,B0,1024,,D_frozen,7,0.611513078212738,0.5305491893727188,0.0009593060845660706,0.0,0.0,0.0,0.0,8422,422,0.5665451884269714,1,0,1,0,0
B0_dropFIN87__RandomForest_unweighted__M5_no_FIN87__seed42,B0|RandomForest_unweighted|M5_no_FIN87,B0,42,,D_frozen,7,0.014,0.5360325948561244,0.0012538018011049178,0.0016273393002441008,0.002369668246445498,0.14285714285714285,1.0,8422,422,0.032,28,0,2,1,1
B0_dropFIN87__RandomForest_unweighted__M5_no_FIN87__seed123,B0|RandomForest_unweighted|M5_no_FIN87,B0,123,,D_frozen,7,0.0,0.5372124607418726,0.0013508029358096029,0.0016609324949578834,0.002369668246445498,0.14285714285714285,1.0,8422,422,0.03463093844409743,22,0,13,1,1
B0_dropFIN87__RandomForest_unweighted__M5_no_FIN87__seed456,B0|RandomForest_unweighted|M5_no_FIN87,B0,456,,D_frozen,7,0.0,0.538375350140056,0.0011986534847959682,0.0016609324949578834,0.002369668246445498,0.14285714285714285,1.0,8422,422,0.03348252528692281,22,0,20,1,1
B0_dropFIN87__RandomForest_unweighted__M5_no_FIN87__seed789,B0|RandomForest_unweighted|M5_no_FIN87,B0,789,,D_frozen,7,3.773584905660377e-05,0.5617095322977675,0.0011102257618401759,0.0018547140649149924,0.0,0.14285714285714285,0.0,8422,422,0.034,20,0,14,0,0
B0_dropFIN87__RandomForest_unweighted__M5_no_FIN87__seed1024,B0|RandomForest_unweighted|M5_no_FIN87,B0,1024,,D_frozen,7,0.0003490361408563325,0.5318394024276377,0.0010903057455954638,0.0015460729746444033,0.0,0.14285714285714285,0.0,8422,422,0.0336621794063861,22,0,7,0,0
B0_dropFIN87__RandomForest_unweighted__M11_no_FIN87__seed42,B0|RandomForest_unweighted|M11_no_FIN87,B0,42,,D_frozen,7,0.188,0.4794414735591206,0.0010027805124407253,0.0,0.0,0.14285714285714285,0.0,8422,422,0.06,19,0,8,0,0
B0_dropFIN87__RandomForest_unweighted__M11_no_FIN87__seed123,B0|RandomForest_unweighted|M11_no_FIN87,B0,123,,D_frozen,7,0.27,0.5325099736864443,0.0011820251558354138,0.0,0.0,0.14285714285714285,0.0,8422,422,0.06,14,0,7,0,0
B0_dropFIN87__RandomForest_unweighted__M11_no_FIN87__seed456,B0|RandomForest_unweighted|M11_no_FIN87,B0,456,,D_frozen,7,0.206,0.5395552160258043,0.0010680821939085066,0.0,0.0,0.14285714285714285,0.0,8422,422,0.06,26,0,15,0,0
B0_dropFIN87__RandomForest_unweighted__M11_no_FIN87__seed789,B0|RandomForest_unweighted|M11_no_FIN87,B0,789,,D_frozen,7,0.314,0.47372039724980897,0.0009330240204741954,0.0,0.0,0.0,0.0,8422,422,0.06,13,0,5,0,0
B0_dropFIN87__RandomForest_unweighted__M11_no_FIN87__seed1024,B0|RandomForest_unweighted|M11_no_FIN87,B0,1024,,D_frozen,7,0.186,0.4996180290297937,0.001166661830176379,0.0,0.0,0.14285714285714285,0.0,8422,422,0.062,11,0,2,0,0
C_flags__RandomForest_unweighted__flags3__seed42,C|RandomForest_unweighted|flags3,C,42,,D_frozen,7,0.08109580984219628,0.7848484848484849,0.0058893233980066555,0.02181818181818182,0.009478672985781991,0.42857142857142855,4.0,8422,422,0.01682288572064652,1403,2,153,3,5
C_flags__RandomForest_unweighted__flags3__seed123,C|RandomForest_unweighted|flags3,C,123,,D_frozen,7,0.08180641845226101,0.7848484848484849,0.0058893233980066555,0.02181818181818182,0.009478672985781991,0.42857142857142855,4.0,8422,422,0.016877611988171195,1403,2,153,3,5
C_flags__RandomForest_unweighted__flags3__seed456,C|RandomForest_unweighted|flags3,C,456,,D_frozen,7,0.08115294237999894,0.7848484848484849,0.0058893233980066555,0.02181818181818182,0.009478672985781991,0.42857142857142855,4.0,8422,422,0.01691138611444124,1403,2,153,3,5
C_flags__RandomForest_unweighted__flags3__seed789,C|RandomForest_unweighted|flags3,C,789,,D_frozen,7,0.08159047092204824,0.7848824378236143,0.005889834713834989,0.02181818181818182,0.009478672985781991,0.42857142857142855,4.0,8422,422,0.016988894195965693,1403,2,154,3,5
C_flags__RandomForest_unweighted__flags3__seed1024,C|RandomForest_unweighted|flags3,C,1024,,D_frozen,7,0.08157199960152205,0.7848484848484849,0.0058893233980066555,0.02181818181818182,0.009478672985781991,0.42857142857142855,4.0,8422,422,0.016778055336776978,1403,2,153,3,5
REF__V26_original_MLP_M11__42,V26|MLP|M11,REFERENCE,42,,D_frozen,7,0.7935276627540588,0.6818775995246583,0.0015164246515363877,0.0,0.0,0.14285714285714285,0.0,8422,422,0.708315908908844,1,0,1,0,0
REF__V26_primary_unweighted_RF_M11__42,V26|RandomForest_unweighted|M11,REFERENCE,42,,D_frozen,7,0.204,0.7063237416178593,0.0014595458935677667,0.0,0.0,0.0,0.0,8422,422,0.08,13,0,2,0,0
REF__V26_reverse_GCN_M11__42,V26|GCN_reverse|M11,REFERENCE,42,,D_frozen,7,0.8834533095359802,0.6787029963500553,0.002919351763532946,0.011111111111111112,0.002369668246445498,0.14285714285714285,1.0,8422,422,0.7427628636360168,1,0,1,1,1
REF__V26_reverse_SAGE_M11__42,V26|GraphSAGE_reverse|M11,REFERENCE,42,,D_frozen,7,0.7077657580375671,0.6889567948391477,0.001854542625017342,0.0,0.0,0.14285714285714285,0.0,8422,422,0.6369671821594238,1,0,1,0,0
REF__V26_existing_asof__MLP__M5__seed42__42,ASOF|MLP|M5,REFERENCE,42,,D_frozen,7,0.7071453928947449,0.7095662507427214,0.001611372363221804,0.0,0.0,0.0,0.0,8422,422,0.7008557319641113,1,0,1,0,0
REF__V26_existing_asof__MLP__M11__seed42__42,ASOF|MLP|M11,REFERENCE,42,,D_frozen,7,0.827336311340332,0.6754435107376284,0.0015039800197104679,0.0,0.0,0.14285714285714285,0.0,8422,422,0.72353595495224,1,0,1,0,0
REF__V26_existing_asof__RandomForest__M5__seed42__42,ASOF|RandomForest_unweighted|M5,REFERENCE,42,,D_frozen,7,0.17,0.7711909006026654,0.0039414037110728425,0.0,0.002369668246445498,0.7142857142857143,1.0,8422,422,0.078,16,0,7,1,1
REF__V26_existing_asof__RandomForest__M11__seed42__42,ASOF|RandomForest_unweighted|M11,REFERENCE,42,,D_frozen,7,0.186,0.8043884220354808,0.0030148387585327845,0.0,0.002369668246445498,0.42857142857142855,1.0,8422,422,0.074,18,0,2,1,1
REF__V26_original_MLP_M11__123,V26|MLP|M11,REFERENCE,123,,D_frozen,7,0.7054864764213562,0.6655801714625245,0.001421685478066197,0.0,0.0,0.14285714285714285,0.0,8422,422,0.6806051731109619,1,0,1,0,0
REF__V26_primary_unweighted_RF_M11__123,V26|RandomForest_unweighted|M11,REFERENCE,123,,D_frozen,7,0.22,0.7642814701638231,0.0019469515318809778,0.0,0.0,0.14285714285714285,0.0,8422,422,0.082,15,0,3,0,0
REF__V26_reverse_GCN_M11__123,V26|GCN_reverse|M11,REFERENCE,123,,D_frozen,7,0.8293024301528931,0.7703250997368645,0.004059127663518434,0.007692307692307693,0.002369668246445498,0.42857142857142855,1.0,8422,422,0.7666647434234619,1,0,1,1,1
REF__V26_reverse_SAGE_M11__123,V26|GraphSAGE_reverse|M11,REFERENCE,123,,D_frozen,7,0.8439841270446777,0.7091418385536032,0.0017226326391287555,0.0,0.0,0.14285714285714285,0.0,8422,422,0.7180850505828857,1,0,1,0,0
REF__V26_existing_asof__MLP__M5__seed123__123,ASOF|MLP|M5,REFERENCE,123,,D_frozen,7,0.8652052879333496,0.6450386215092098,0.0013913065125772369,0.0,0.0,0.14285714285714285,0.0,8422,422,0.6899166107177734,1,0,1,0,0
REF__V26_existing_asof__MLP__M11__seed123__123,ASOF|MLP|M11,REFERENCE,123,,D_frozen,7,0.7332101464271545,0.6392326627620746,0.0013384890225038983,0.0,0.0,0.0,0.0,8422,422,0.7017841935157776,1,0,1,0,0
REF__V26_existing_asof__RandomForest__M5__seed123__123,ASOF|RandomForest_unweighted|M5,REFERENCE,123,,D_frozen,7,0.146,0.8009761480349715,0.0035171569510211455,0.0,0.004739336492890996,0.42857142857142855,2.0,8422,422,0.078,12,0,6,2,2
REF__V26_existing_asof__RandomForest__M11__seed123__123,ASOF|RandomForest_unweighted|M11,REFERENCE,123,,D_frozen,7,0.182,0.786894151600034,0.002581082756395809,0.0,0.002369668246445498,0.42857142857142855,1.0,8422,422,0.078,15,0,4,1,1
REF__V26_original_MLP_M11__456,V26|MLP|M11,REFERENCE,456,,D_frozen,7,0.8522984981536865,0.6910618792971734,0.0015177784015506417,0.0,0.0,0.14285714285714285,0.0,8422,422,0.7216787934303284,1,0,1,0,0
REF__V26_primary_unweighted_RF_M11__456,V26|RandomForest_unweighted|M11,REFERENCE,456,,D_frozen,7,0.204,0.7305576776165011,0.0017994393517695322,0.0,0.0,0.0,0.0,8422,422,0.082,19,0,15,0,0
REF__V26_reverse_GCN_M11__456,V26|GCN_reverse|M11,REFERENCE,456,,D_frozen,7,0.7018065452575684,0.6921144215261862,0.0024543387542589894,0.008583690987124463,0.002369668246445498,0.2857142857142857,1.0,8422,422,0.6462804675102234,1,0,1,1,1
REF__V26_reverse_SAGE_M11__456,V26|GraphSAGE_reverse|M11,REFERENCE,456,,D_frozen,7,0.8057092428207397,0.5929038281979458,0.001274189622633795,0.0,0.0,0.14285714285714285,0.0,8422,422,0.6968632340431213,1,0,1,0,0
REF__V26_existing_asof__MLP__M5__seed456__456,ASOF|MLP|M5,REFERENCE,456,,D_frozen,7,0.8705941438674927,0.6281300398947458,0.0014084012291591726,0.0,0.0,0.14285714285714285,0.0,8422,422,0.6872896552085876,1,0,1,0,0
REF__V26_existing_asof__MLP__M11__seed456__456,ASOF|MLP|M11,REFERENCE,456,,D_frozen,7,0.858386754989624,0.6898395721925132,0.0015029516450244113,0.0,0.0,0.14285714285714285,0.0,8422,422,0.7219997644424438,1,0,1,0,0
REF__V26_existing_asof__RandomForest__M5__seed456__456,ASOF|RandomForest_unweighted|M5,REFERENCE,456,,D_frozen,7,0.164,0.7980816569051864,0.0032749789855893788,0.0,0.002369668246445498,0.42857142857142855,1.0,8422,422,0.08,14,1,3,1,2
REF__V26_existing_asof__RandomForest__M11__seed456__456,ASOF|RandomForest_unweighted|M11,REFERENCE,456,,D_frozen,7,0.176,0.8336219336219336,0.003188385745619598,0.0,0.002369668246445498,0.42857142857142855,1.0,8422,422,0.078,10,0,1,1,1
REF__V26_original_MLP_M11__789,V26|MLP|M11,REFERENCE,789,,D_frozen,7,0.6667288541793823,0.6472455648926237,0.001282775188720358,0.0,0.0,0.0,0.0,8422,422,0.6360106468200684,1,0,1,0,0
REF__V26_primary_unweighted_RF_M11__789,V26|RandomForest_unweighted|M11,REFERENCE,789,,D_frozen,7,0.222,0.7380103556574145,0.001753637665917811,0.0,0.0,0.14285714285714285,0.0,8422,422,0.082,15,0,11,0,0
REF__V26_reverse_GCN_M11__789,V26|GCN_reverse|M11,REFERENCE,789,,D_frozen,7,0.8668327331542969,0.7525337407690349,0.003915904750908703,0.011834319526627219,0.004739336492890996,0.42857142857142855,2.0,8422,422,0.7338356971740723,1,0,1,2,2
REF__V26_reverse_SAGE_M11__789,V26|GraphSAGE_reverse|M11,REFERENCE,789,,D_frozen,7,0.712661862373352,0.635531788472965,0.0013306030951139634,0.0,0.0,0.14285714285714285,0.0,8422,422,0.662740170955658,1,0,1,0,0
REF__V26_existing_asof__MLP__M5__seed789__789,ASOF|MLP|M5,REFERENCE,789,,D_frozen,7,0.66526859998703,0.6705203293438589,0.0016258695414796288,0.0033444816053511705,0.0,0.14285714285714285,0.0,8422,422,0.6941319704055786,1,0,1,0,0
REF__V26_existing_asof__MLP__M11__seed789__789,ASOF|MLP|M11,REFERENCE,789,,D_frozen,7,0.698163628578186,0.6599439775910364,0.0013404733890133305,0.0,0.0,0.0,0.0,8422,422,0.6352123618125916,1,0,1,0,0
REF__V26_existing_asof__RandomForest__M5__seed789__789,ASOF|RandomForest_unweighted|M5,REFERENCE,789,,D_frozen,7,0.164,0.8179271708683473,0.0036903499515612923,0.0,0.004739336492890996,0.42857142857142855,2.0,8422,422,0.076,14,0,2,2,2
REF__V26_existing_asof__RandomForest__M11__seed789__789,ASOF|RandomForest_unweighted|M11,REFERENCE,789,,D_frozen,7,0.186,0.8377132671250319,0.003036899059717756,0.0,0.002369668246445498,0.2857142857142857,1.0,8422,422,0.076,19,0,12,1,1
REF__V26_original_MLP_M11__1024,V26|MLP|M11,REFERENCE,1024,,D_frozen,7,0.7793102264404297,0.6829980477039301,0.0014786638931601741,0.0,0.0,0.0,0.0,8422,422,0.6959235072135925,1,0,1,0,0
REF__V26_primary_unweighted_RF_M11__1024,V26|RandomForest_unweighted|M11,REFERENCE,1024,,D_frozen,7,0.23,0.7179526355996944,0.001589904738495811,0.0,0.0,0.0,0.0,8422,422,0.08,10,0,8,0,0
REF__V26_reverse_GCN_M11__1024,V26|GCN_reverse|M11,REFERENCE,1024,,D_frozen,7,0.7881815433502197,0.7360835243188184,0.0032899318010091464,0.006309148264984227,0.002369668246445498,0.2857142857142857,1.0,8422,422,0.7516477108001709,1,0,1,1,1
REF__V26_reverse_SAGE_M11__1024,V26|GraphSAGE_reverse|M11,REFERENCE,1024,,D_frozen,7,0.7922998666763306,0.7230965113318055,0.0019638645208663956,0.0,0.002369668246445498,0.14285714285714285,1.0,8422,422,0.7095654606819153,1,0,1,1,1
REF__V26_existing_asof__MLP__M5__seed1024__1024,ASOF|MLP|M5,REFERENCE,1024,,D_frozen,7,0.914283812046051,0.6471437059672354,0.0013628101158083027,0.0,0.0,0.14285714285714285,0.0,8422,422,0.6984629034996033,1,0,1,0,0
REF__V26_existing_asof__MLP__M11__seed1024__1024,ASOF|MLP|M11,REFERENCE,1024,,D_frozen,7,0.8478824496269226,0.685578473813768,0.0015433960397744871,0.0,0.0,0.0,0.0,8422,422,0.71757972240448,1,0,1,0,0
REF__V26_existing_asof__RandomForest__M5__seed1024__1024,ASOF|RandomForest_unweighted|M5,REFERENCE,1024,,D_frozen,7,0.18,0.7760122230710467,0.0032339179205210715,0.0,0.002369668246445498,0.5714285714285714,1.0,8422,422,0.078,18,0,10,1,1
REF__V26_existing_asof__RandomForest__M11__seed1024__1024,ASOF|RandomForest_unweighted|M11,REFERENCE,1024,,D_frozen,7,0.198,0.8429505135387488,0.0031793041148991874,0.0,0.002369668246445498,0.2857142857142857,1.0,8422,422,0.076,19,0,14,1,1
A_docpurged__MLP__M11__seed42,A|MLP|M11,A,42,,O_frozen,13,0.8293477892875671,0.9293294940353765,0.01384823811756589,0.017094017094017096,0.014218009478672985,0.6923076923076923,6.0,8428,422,0.7127254605293274,1,0,1,6,6
A_docpurged__MLP__M11__seed123,A|MLP|M11,A,123,,O_frozen,13,0.9998741149902344,0.8164038575803283,0.01074299557482072,0.0,0.004739336492890996,0.6153846153846154,2.0,8428,422,0.5635496377944946,1,0,1,2,2
A_docpurged__MLP__M11__seed456,A|MLP|M11,A,456,,O_frozen,13,0.7659621834754944,0.9185063302710362,0.01305142728064535,0.015384615384615385,0.018957345971563982,0.7692307692307693,8.0,8428,422,0.6596456170082092,1,0,1,8,8
A_docpurged__MLP__M11__seed789,A|MLP|M11,A,789,,O_frozen,13,0.6812537908554077,0.9226929932812286,0.013533720609612316,0.019801980198019802,0.014218009478672985,0.6923076923076923,6.0,8428,422,0.6358418464660645,1,0,1,6,6
A_docpurged__MLP__M11__seed1024,A|MLP|M11,A,1024,,O_frozen,13,0.7748478055000305,0.9292929292929293,0.012938019462456877,0.011111111111111112,0.014218009478672985,0.6923076923076923,6.0,8428,422,0.6977050304412842,1,0,1,6,6
A_docpurged__RandomForest_unweighted__M11__seed42,A|RandomForest_unweighted|M11,A,42,,O_frozen,13,0.258,0.9254764843000138,0.018338207217440526,0.0,0.016587677725118485,0.6923076923076923,7.0,8428,422,0.074,15,1,9,6,7
A_docpurged__RandomForest_unweighted__M11__seed123,A|RandomForest_unweighted|M11,A,123,,O_frozen,13,0.254,0.9266694090223502,0.016169957180560808,0.0,0.016587677725118485,0.6923076923076923,7.0,8428,422,0.074,15,1,15,7,7
A_docpurged__RandomForest_unweighted__M11__seed456,A|RandomForest_unweighted|M11,A,456,,O_frozen,13,0.268,0.9320170026052379,0.016730790075015173,0.0,0.016587677725118485,0.6923076923076923,7.0,8428,422,0.072,20,0,6,7,7
A_docpurged__RandomForest_unweighted__M11__seed789,A|RandomForest_unweighted|M11,A,789,,O_frozen,13,0.284,0.9214497920380273,0.01593955087509771,0.0,0.016587677725118485,0.6153846153846154,7.0,8428,422,0.07,24,0,12,7,7
A_docpurged__RandomForest_unweighted__M11__seed1024,A|RandomForest_unweighted|M11,A,1024,,O_frozen,13,0.566,0.9234654234654235,0.015888618488910156,0.0,0.016587677725118485,0.7692307692307693,7.0,8428,422,0.074,12,0,4,7,7
A_docpurged__GCN_reverse__M11__seed42,A|GCN_reverse|M11,A,42,,O_frozen,13,0.8680577278137207,0.8825174825174825,0.0077535394064579466,0.0,0.0071090047393364926,0.6923076923076923,3.0,8428,422,0.7407793998718262,1,0,1,3,3
A_docpurged__GCN_reverse__M11__seed123,A|GCN_reverse|M11,A,123,,O_frozen,13,0.8207434415817261,0.8750856986151103,0.006597312179845239,0.0,0.004739336492890996,0.38461538461538464,2.0,8428,422,0.7651263475418091,1,0,1,2,2
A_docpurged__GCN_reverse__M11__seed456,A|GCN_reverse|M11,A,456,,O_frozen,13,0.6426172256469727,0.8839435074729193,0.007258559794922846,0.006968641114982578,0.002369668246445498,0.6153846153846154,1.0,8428,422,0.614102303981781,1,0,1,1,1
A_docpurged__GCN_reverse__M11__seed789,A|GCN_reverse|M11,A,789,,O_frozen,13,0.9159432649612427,0.8485762603409663,0.00611249263677401,0.0,0.0,0.46153846153846156,0.0,8428,422,0.7428936958312988,1,0,1,0,0
A_docpurged__GCN_reverse__M11__seed1024,A|GCN_reverse|M11,A,1024,,O_frozen,13,0.9963271021842957,0.7786370492252845,0.003609208409562704,0.0,0.0,0.23076923076923078,0.0,8428,422,0.6277334690093994,1,0,1,0,0
A_docpurged__GraphSAGE_reverse__M11__seed42,A|GraphSAGE_reverse|M11,A,42,,O_frozen,13,0.6721878051757812,0.8748297454179808,0.008144713428370984,0.009900990099009901,0.004739336492890996,0.5384615384615384,2.0,8428,422,0.6127358675003052,1,0,1,2,2
A_docpurged__GraphSAGE_reverse__M11__seed123,A|GraphSAGE_reverse|M11,A,123,,O_frozen,13,0.8418945074081421,0.9299602358425888,0.012764513840128036,0.0,0.014218009478672985,0.8461538461538461,6.0,8428,422,0.7160741686820984,1,0,1,6,6
A_docpurged__GraphSAGE_reverse__M11__seed456,A|GraphSAGE_reverse|M11,A,456,,O_frozen,13,0.9240967035293579,0.8379359202888617,0.011362744765852152,0.017543859649122806,0.011848341232227487,0.6153846153846154,5.0,8428,422,0.6987146139144897,1,0,1,5,5
A_docpurged__GraphSAGE_reverse__M11__seed789,A|GraphSAGE_reverse|M11,A,789,,O_frozen,13,0.6868768334388733,0.907518625165684,0.009111923291713503,0.012944983818770227,0.009478672985781991,0.5384615384615384,4.0,8428,422,0.6526939272880554,1,0,1,4,4
A_docpurged__GraphSAGE_reverse__M11__seed1024,A|GraphSAGE_reverse|M11,A,1024,,O_frozen,13,0.8090844750404358,0.8718405777229308,0.008725004406307997,0.0,0.0071090047393364926,0.6153846153846154,3.0,8428,422,0.7276339530944824,1,0,1,3,3
B_donor__MLP__M5__imp271707__seed42,B|MLP|M5|271707,B,42,271707,O_frozen,13,0.7266632318496704,0.8512089217971571,0.007457795104310438,0.01764705882352941,0.011848341232227487,0.46153846153846156,5.0,8428,422,0.7064018845558167,1,0,1,5,5
B_donor__MLP__M5__imp271707__seed123,B|MLP|M5|271707,B,123,271707,O_frozen,13,0.9076050519943237,0.8032268385209562,0.006169084880186492,0.0,0.004739336492890996,0.3076923076923077,2.0,8428,422,0.7018831372261047,1,0,1,2,2
B_donor__MLP__M5__imp271707__seed456,B|MLP|M5|271707,B,456,271707,O_frozen,13,0.6952233910560608,0.8427167603638193,0.008539712513146537,0.01694915254237288,0.0071090047393364926,0.5384615384615384,3.0,8428,422,0.651025652885437,1,0,1,3,3
B_donor__MLP__M5__imp271707__seed789,B|MLP|M5|271707,B,789,271707,O_frozen,13,0.9552740454673767,0.8416655240184652,0.006921566978621247,0.0,0.009478672985781991,0.46153846153846156,4.0,8428,422,0.7378953099250793,1,0,1,4,4
B_donor__MLP__M5__imp271707__seed1024,B|MLP|M5|271707,B,1024,271707,O_frozen,13,0.8850902318954468,0.840906805612688,0.008716045039919308,0.0,0.009478672985781991,0.46153846153846156,4.0,8428,422,0.6867121458053589,1,0,1,4,4
B_donor__MLP__M11__imp271707__seed42,B|MLP|M11|271707,B,42,271707,O_frozen,13,0.789149284362793,0.925142831025184,0.014405959892197067,0.01282051282051282,0.016587677725118485,0.6153846153846154,7.0,8428,422,0.7068665027618408,1,0,1,7,7
B_donor__MLP__M11__imp271707__seed123,B|MLP|M11|271707,B,123,271707,O_frozen,13,0.8172096610069275,0.8979752273869921,0.013248470249646352,0.014705882352941176,0.011848341232227487,0.6923076923076923,5.0,8428,422,0.7075036764144897,1,0,1,5,5
B_donor__MLP__M11__imp271707__seed456,B|MLP|M11|271707,B,456,271707,O_frozen,13,0.869680643081665,0.9206088029617441,0.012134694456609512,0.0,0.016587677725118485,0.6153846153846154,7.0,8428,422,0.7290312051773071,1,0,1,7,7
B_donor__MLP__M11__imp271707__seed789,B|MLP|M11|271707,B,789,271707,O_frozen,13,0.6733003854751587,0.9267791032496915,0.01519427804955232,0.03278688524590164,0.016587677725118485,0.7692307692307693,7.0,8428,422,0.6291565895080566,1,0,1,7,7
B_donor__MLP__M11__imp271707__seed1024,B|MLP|M11|271707,B,1024,271707,O_frozen,13,0.8811681270599365,0.9026189496777732,0.012490505774579462,0.0,0.011848341232227487,0.6923076923076923,5.0,8428,422,0.7370026707649231,1,0,1,5,5
B_donor__RandomForest_unweighted__M5__imp271707__seed42,B|RandomForest_unweighted|M5|271707,B,42,271707,O_frozen,13,0.086,0.8194935783171078,0.010464712652351528,0.023880597014925373,0.009478672985781991,0.5384615384615384,4.0,8428,422,0.072,21,0,11,4,4
B_donor__RandomForest_unweighted__M5__imp271707__seed123,B|RandomForest_unweighted|M5|271707,B,123,271707,O_frozen,13,0.078,0.84478266831208,0.011600214617956538,0.019656019656019656,0.009478672985781991,0.3076923076923077,4.0,8428,422,0.074,21,0,17,4,4
B_donor__RandomForest_unweighted__M5__imp271707__seed456,B|RandomForest_unweighted|M5|271707,B,456,271707,O_frozen,13,0.08,0.8248366013071896,0.012202442801063019,0.021164021164021163,0.011848341232227487,0.6153846153846154,5.0,8428,422,0.072,15,0,5,5,5
B_donor__RandomForest_unweighted__M5__imp271707__seed789,B|RandomForest_unweighted|M5|271707,B,789,271707,O_frozen,13,0.084,0.7881347410759176,0.010980400214487722,0.02865329512893983,0.011848341232227487,0.46153846153846156,5.0,8428,422,0.072,31,0,14,5,5
B_donor__RandomForest_unweighted__M5__imp271707__seed1024,B|RandomForest_unweighted|M5|271707,B,1024,271707,O_frozen,13,0.13,0.819041089629325,0.012786302638234158,0.014598540145985401,0.009478672985781991,0.5384615384615384,4.0,8428,422,0.072,25,0,22,4,4
B_donor__RandomForest_unweighted__M11__imp271707__seed42,B|RandomForest_unweighted|M11|271707,B,42,271707,O_frozen,13,0.16,0.9379724850313086,0.016256001553799956,0.04040404040404041,0.014218009478672985,0.8461538461538461,6.0,8428,422,0.074,25,0,20,6,6
B_donor__RandomForest_unweighted__M11__imp271707__seed123,B|RandomForest_unweighted|M11|271707,B,123,271707,O_frozen,13,0.224,0.9211664152840624,0.016088539506664466,0.043478260869565216,0.018957345971563982,0.7692307692307693,8.0,8428,422,0.074,13,0,2,8,8
B_donor__RandomForest_unweighted__M11__imp271707__seed456,B|RandomForest_unweighted|M11|271707,B,456,271707,O_frozen,13,0.188,0.9220851044380457,0.014685705177533884,0.030303030303030304,0.016587677725118485,0.6153846153846154,7.0,8428,422,0.074,19,0,9,7,7
B_donor__RandomForest_unweighted__M11__imp271707__seed789,B|RandomForest_unweighted|M11|271707,B,789,271707,O_frozen,13,0.224,0.9198180904063258,0.01622177382721762,0.044444444444444446,0.014218009478672985,0.6153846153846154,6.0,8428,422,0.076,17,0,17,6,6
B_donor__RandomForest_unweighted__M11__imp271707__seed1024,B|RandomForest_unweighted|M11|271707,B,1024,271707,O_frozen,13,0.16,0.927245303715892,0.017233436553052796,0.02040816326530612,0.014218009478672985,0.6923076923076923,6.0,8428,422,0.076,16,0,12,6,6
B_donor__MLP__M5__imp271708__seed42,B|MLP|M5|271708,B,42,271708,O_frozen,13,0.9214997887611389,0.8476712829654006,0.00728749746710654,0.0,0.0071090047393364926,0.46153846153846156,3.0,8428,422,0.7167640328407288,1,0,1,3,3
B_donor__MLP__M5__imp271708__seed123,B|MLP|M5|271708,B,123,271708,O_frozen,13,0.6368553638458252,0.8167923579688285,0.008313212250507847,0.007712082262210797,0.0071090047393364926,0.23076923076923078,3.0,8428,422,0.6840168833732605,1,0,1,3,3
B_donor__MLP__M5__imp271708__seed456,B|MLP|M5|271708,B,456,271708,O_frozen,13,0.6764742136001587,0.8265825677590384,0.007518375312023875,0.012121212121212121,0.0071090047393364926,0.5384615384615384,3.0,8428,422,0.6902833580970764,1,0,1,3,3
B_donor__MLP__M5__imp271708__seed789,B|MLP|M5|271708,B,789,271708,O_frozen,13,0.8817907571792603,0.8285113579231227,0.00621527152390364,0.0,0.004739336492890996,0.5384615384615384,2.0,8428,422,0.7024058699607849,1,0,1,2,2
B_donor__MLP__M5__imp271708__seed1024,B|MLP|M5|271708,B,1024,271708,O_frozen,13,0.9106290936470032,0.8129073540838248,0.007968019477179313,0.0,0.009478672985781991,0.46153846153846156,4.0,8428,422,0.6990488171577454,1,0,1,4,4
B_donor__MLP__M11__imp271708__seed42,B|MLP|M11|271708,B,42,271708,O_frozen,13,0.821287214756012,0.9254901960784314,0.016398751379592617,0.013245033112582781,0.014218009478672985,0.7692307692307693,6.0,8428,422,0.725260317325592,1,0,1,6,6
B_donor__MLP__M11__imp271708__seed123,B|MLP|M11|271708,B,123,271708,O_frozen,13,0.7329700589179993,0.894465012112071,0.014067410708447244,0.02099737532808399,0.011848341232227487,0.6153846153846154,5.0,8428,422,0.7151155471801758,1,0,1,5,5
B_donor__MLP__M11__imp271708__seed456,B|MLP|M11|271708,B,456,271708,O_frozen,13,0.8419145941734314,0.9195758489876138,0.012157771478534382,0.014388489208633094,0.016587677725118485,0.6153846153846154,7.0,8428,422,0.7247297763824463,1,0,1,7,7
B_donor__MLP__M11__imp271708__seed789,B|MLP|M11|271708,B,789,271708,O_frozen,13,0.6877439618110657,0.9337903926139219,0.014941178663197913,0.01834862385321101,0.011848341232227487,0.7692307692307693,5.0,8428,422,0.6473205089569092,1,0,1,5,5
B_donor__MLP__M11__imp271708__seed1024,B|MLP|M11|271708,B,1024,271708,O_frozen,13,0.8405713438987732,0.9177293294940354,0.013430668915316787,0.014184397163120567,0.014218009478672985,0.6923076923076923,6.0,8428,422,0.7282086610794067,1,0,1,6,6
B_donor__RandomForest_unweighted__M5__imp271708__seed42,B|RandomForest_unweighted|M5|271708,B,42,271708,O_frozen,13,0.106,0.8077014488779195,0.011068662187595899,0.024390243902439025,0.009478672985781991,0.3076923076923077,4.0,8428,422,0.076,20,0,15,4,4
B_donor__RandomForest_unweighted__M5__imp271708__seed123,B|RandomForest_unweighted|M5|271708,B,123,271708,O_frozen,13,0.074,0.8344942639060287,0.013337346712044533,0.017543859649122806,0.009478672985781991,0.46153846153846156,4.0,8428,422,0.076,26,0,22,4,4
B_donor__RandomForest_unweighted__M5__imp271708__seed456,B|RandomForest_unweighted|M5|271708,B,456,271708,O_frozen,13,0.12,0.8055715526303762,0.013145830127808174,0.0297029702970297,0.009478672985781991,0.46153846153846156,4.0,8428,422,0.076,17,0,7,4,4
B_donor__RandomForest_unweighted__M5__imp271708__seed789,B|RandomForest_unweighted|M5|271708,B,789,271708,O_frozen,13,0.088,0.7861693861693863,0.015084480706771678,0.023121387283236993,0.009478672985781991,0.38461538461538464,4.0,8428,422,0.076,18,0,12,4,4
B_donor__RandomForest_unweighted__M5__imp271708__seed1024,B|RandomForest_unweighted|M5|271708,B,1024,271708,O_frozen,13,0.076,0.8209058914941267,0.017252517070210804,0.018648018648018648,0.009478672985781991,0.46153846153846156,4.0,8428,422,0.074,13,0,6,4,4
B_donor__RandomForest_unweighted__M11__imp271708__seed42,B|RandomForest_unweighted|M11|271708,B,42,271708,O_frozen,13,0.228,0.9463001051236345,0.015952450983150228,0.0,0.014218009478672985,0.9230769230769231,6.0,8428,422,0.076,21,0,15,6,6
B_donor__RandomForest_unweighted__M11__imp271708__seed123,B|RandomForest_unweighted|M11|271708,B,123,271708,O_frozen,13,0.116,0.9311942959001782,0.01469703490659224,0.01809954751131222,0.014218009478672985,0.6923076923076923,6.0,8428,422,0.076,26,1,17,6,7
B_donor__RandomForest_unweighted__M11__imp271708__seed456,B|RandomForest_unweighted|M11|271708,B,456,271708,O_frozen,13,0.188,0.9320581379404909,0.014868613639887555,0.029411764705882353,0.014218009478672985,0.6923076923076923,6.0,8428,422,0.076,14,0,10,6,6
B_donor__RandomForest_unweighted__M11__imp271708__seed789,B|RandomForest_unweighted|M11|271708,B,789,271708,O_frozen,13,0.256,0.9394670688788336,0.01747140316274082,0.0,0.014218009478672985,0.8461538461538461,6.0,8428,422,0.078,15,0,6,6,6
B_donor__RandomForest_unweighted__M11__imp271708__seed1024,B|RandomForest_unweighted|M11|271708,B,1024,271708,O_frozen,13,0.146,0.9343845696786873,0.016334349968788246,0.015384615384615385,0.016587677725118485,0.7692307692307693,7.0,8428,422,0.076,17,0,15,7,7
B_donor__MLP__M5__imp271709__seed42,B|MLP|M5|271709,B,42,271709,O_frozen,13,0.8155568242073059,0.841875771287536,0.007558286556079767,0.0,0.011848341232227487,0.46153846153846156,5.0,8428,422,0.7033708095550537,1,0,1,5,5
B_donor__MLP__M5__imp271709__seed123,B|MLP|M5|271709,B,123,271709,O_frozen,13,0.6556443572044373,0.7949723479135244,0.005977341109686301,0.008595988538681949,0.004739336492890996,0.38461538461538464,2.0,8428,422,0.6987901329994202,1,0,1,2,2
B_donor__MLP__M5__imp271709__seed456,B|MLP|M5|271709,B,456,271709,O_frozen,13,0.6876142621040344,0.820777914895562,0.007456883471191867,0.012345679012345678,0.0071090047393364926,0.46153846153846156,3.0,8428,422,0.6640863418579102,1,0,1,3,3
B_donor__MLP__M5__imp271709__seed789,B|MLP|M5|271709,B,789,271709,O_frozen,13,0.6803777813911438,0.8081082316376434,0.005408221290482149,0.009584664536741214,0.002369668246445498,0.38461538461538464,1.0,8428,422,0.7160759568214417,1,0,1,1,1
B_donor__MLP__M5__imp271709__seed1024,B|MLP|M5|271709,B,1024,271709,O_frozen,13,0.6818830966949463,0.8400018282371224,0.008523136473629815,0.015473887814313346,0.0071090047393364926,0.5384615384615384,3.0,8428,422,0.6989719271659851,1,0,1,3,3
B_donor__MLP__M11__imp271709__seed42,B|MLP|M11|271709,B,42,271709,O_frozen,13,0.768944263458252,0.9170528817587642,0.013843622366540432,0.02030456852791878,0.016587677725118485,0.6153846153846154,7.0,8428,422,0.7062430381774902,1,0,1,7,7
B_donor__MLP__M11__imp271709__seed123,B|MLP|M11|271709,B,123,271709,O_frozen,13,0.6950118541717529,0.8954705425293661,0.012389820222670635,0.018633540372670808,0.011848341232227487,0.6153846153846154,5.0,8428,422,0.6698697805404663,1,0,1,5,5
B_donor__MLP__M11__imp271709__seed456,B|MLP|M11|271709,B,456,271709,O_frozen,13,0.8774994015693665,0.9175739293386351,0.011467654554927369,0.0,0.014218009478672985,0.6153846153846154,6.0,8428,422,0.73675537109375,1,0,1,6,6
B_donor__MLP__M11__imp271709__seed789,B|MLP|M11|271709,B,789,271709,O_frozen,13,0.6902663707733154,0.9255176196352667,0.01439057266815479,0.03488372093023256,0.011848341232227487,0.6923076923076923,5.0,8428,422,0.6396229267120361,1,0,1,5,5
B_donor__MLP__M11__imp271709__seed1024,B|MLP|M11|271709,B,1024,271709,O_frozen,13,0.823214054107666,0.9260843731431967,0.013066112552928978,0.014492753623188406,0.014218009478672985,0.6153846153846154,6.0,8428,422,0.7224434018135071,1,0,1,6,6
B_donor__RandomForest_unweighted__M5__imp271709__seed42,B|RandomForest_unweighted|M5|271709,B,42,271709,O_frozen,13,0.206,0.8256090314913845,0.014649588678243558,0.04,0.009478672985781991,0.46153846153846156,4.0,8428,422,0.072,16,1,14,3,4
B_donor__RandomForest_unweighted__M5__imp271709__seed123,B|RandomForest_unweighted|M5|271709,B,123,271709,O_frozen,13,0.084,0.8276429452900042,0.013949118613349349,0.023391812865497075,0.009478672985781991,0.46153846153846156,4.0,8428,422,0.072,20,0,7,4,4
B_donor__RandomForest_unweighted__M5__imp271709__seed456,B|RandomForest_unweighted|M5|271709,B,456,271709,O_frozen,13,0.076,0.8148544266191324,0.013261883969683988,0.0196078431372549,0.009478672985781991,0.38461538461538464,4.0,8428,422,0.072,19,0,11,4,4
B_donor__RandomForest_unweighted__M5__imp271709__seed789,B|RandomForest_unweighted|M5|271709,B,789,271709,O_frozen,13,0.19,0.8386626445449975,0.014090579425161806,0.034482758620689655,0.009478672985781991,0.46153846153846156,4.0,8428,422,0.072,18,0,3,4,4
B_donor__RandomForest_unweighted__M5__imp271709__seed1024,B|RandomForest_unweighted|M5|271709,B,1024,271709,O_frozen,13,0.118,0.8281639928698752,0.01356124543199818,0.022598870056497175,0.009478672985781991,0.3076923076923077,4.0,8428,422,0.072,21,0,21,4,4
B_donor__RandomForest_unweighted__M11__imp271709__seed42,B|RandomForest_unweighted|M11|271709,B,42,271709,O_frozen,13,0.23,0.9249965720553956,0.014266155902389086,0.046511627906976744,0.016587677725118485,0.6923076923076923,7.0,8428,422,0.074,9,0,9,7,7
B_donor__RandomForest_unweighted__M11__imp271709__seed123,B|RandomForest_unweighted|M11|271709,B,123,271709,O_frozen,13,0.208,0.933712692536222,0.015708934626896133,0.03636363636363636,0.014218009478672985,0.6923076923076923,6.0,8428,422,0.076,16,0,1,6,6
B_donor__RandomForest_unweighted__M11__imp271709__seed456,B|RandomForest_unweighted|M11|271709,B,456,271709,O_frozen,13,0.188,0.9275378216554687,0.01771247490068914,0.03076923076923077,0.016587677725118485,0.6923076923076923,7.0,8428,422,0.074,16,0,3,7,7
B_donor__RandomForest_unweighted__M11__imp271709__seed789,B|RandomForest_unweighted|M11|271709,B,789,271709,O_frozen,13,0.204,0.9347136523607112,0.01828340780784068,0.03773584905660377,0.014218009478672985,0.6923076923076923,6.0,8428,422,0.076,11,0,8,6,6
B_donor__RandomForest_unweighted__M11__imp271709__seed1024,B|RandomForest_unweighted|M11|271709,B,1024,271709,O_frozen,13,0.214,0.9407468348644819,0.017664814059880022,0.04081632653061224,0.014218009478672985,0.7692307692307693,6.0,8428,422,0.074,18,0,1,6,6
B0_dropFIN87__MLP__M5_no_FIN87__seed42,B0|MLP|M5_no_FIN87,B0,42,,O_frozen,13,0.60175621509552,0.5998948763654646,0.00211888685583495,0.0,0.0,0.15384615384615385,0.0,8428,422,0.5860017538070679,1,0,1,0,0
B0_dropFIN87__MLP__M5_no_FIN87__seed123,B0|MLP|M5_no_FIN87,B0,123,,O_frozen,13,0.5555928349494934,0.6020796197266787,0.0022701266914229804,0.004038364462392731,0.0,0.23076923076923078,0.0,8428,422,0.6143473982810974,1,0,1,0,0
B0_dropFIN87__MLP__M5_no_FIN87__seed456,B0|MLP|M5_no_FIN87,B0,456,,O_frozen,13,0.6288096308708191,0.4353443941679236,0.0046055939703552005,0.008097165991902834,0.004739336492890996,0.15384615384615385,2.0,8428,422,0.5852994322776794,3,0,2,2,2
B0_dropFIN87__MLP__M5_no_FIN87__seed789,B0|MLP|M5_no_FIN87,B0,789,,O_frozen,13,0.6851711869239807,0.5928104575163399,0.012249856083959065,0.03076923076923077,0.0071090047393364926,0.23076923076923078,3.0,8428,422,0.5950515270233154,1,0,1,3,3
B0_dropFIN87__MLP__M5_no_FIN87__seed1024,B0|MLP|M5_no_FIN87,B0,1024,,O_frozen,13,0.49870067834854126,0.5334658805247039,0.0028915769121691925,0.00435097897026831,0.004739336492890996,0.23076923076923078,2.0,8428,422,0.5731326341629028,51,0,20,2,2
B0_dropFIN87__MLP__M11_no_FIN87__seed42,B0|MLP|M11_no_FIN87,B0,42,,O_frozen,13,0.7624282836914062,0.8891539832716303,0.10220198465839585,0.06896551724137931,0.011848341232227487,0.7692307692307693,5.0,8428,422,0.6131412982940674,1,0,1,5,5
B0_dropFIN87__MLP__M11_no_FIN87__seed123,B0|MLP|M11_no_FIN87,B0,123,,O_frozen,13,0.7218081951141357,0.8313085607203254,0.023129161138874258,0.050314465408805034,0.014218009478672985,0.6923076923076923,6.0,8428,422,0.6508995294570923,1,0,1,6,6
B0_dropFIN87__MLP__M11_no_FIN87__seed456,B0|MLP|M11_no_FIN87,B0,456,,O_frozen,13,0.728958785533905,0.8973444855797797,0.022824300029008624,0.05042016806722689,0.016587677725118485,0.7692307692307693,7.0,8428,422,0.6469761729240417,1,0,1,7,7
B0_dropFIN87__MLP__M11_no_FIN87__seed789,B0|MLP|M11_no_FIN87,B0,789,,O_frozen,13,0.6138710379600525,0.7415878239407652,0.08903661760378832,0.0784313725490196,0.011848341232227487,0.6153846153846154,5.0,8428,422,0.5589571595191956,1,0,1,5,5
B0_dropFIN87__MLP__M11_no_FIN87__seed1024,B0|MLP|M11_no_FIN87,B0,1024,,O_frozen,13,0.611513078212738,0.828785593491476,0.01859591278865273,0.02197802197802198,0.011848341232227487,0.5384615384615384,5.0,8428,422,0.5672138333320618,1,0,1,5,5
B0_dropFIN87__RandomForest_unweighted__M5_no_FIN87__seed42,B0|RandomForest_unweighted|M5_no_FIN87,B0,42,,O_frozen,13,0.014,0.4866401572283925,0.0026008867664466095,0.004850444624090542,0.004739336492890996,0.23076923076923078,2.0,8428,422,0.032,28,0,1,2,2
B0_dropFIN87__RandomForest_unweighted__M5_no_FIN87__seed123,B0|RandomForest_unweighted|M5_no_FIN87,B0,123,,O_frozen,13,0.0,0.4229580876639699,0.0019305445930405303,0.0030802037673261463,0.002369668246445498,0.15384615384615385,1.0,8428,422,0.03463093844409743,22,0,13,1,1
B0_dropFIN87__RandomForest_unweighted__M5_no_FIN87__seed456,B0|RandomForest_unweighted|M5_no_FIN87,B0,456,,O_frozen,13,0.0,0.4314228255404727,0.0020816615069384286,0.0030802037673261463,0.004739336492890996,0.15384615384615385,2.0,8428,422,0.03348252528692281,22,0,19,2,2
B0_dropFIN87__RandomForest_unweighted__M5_no_FIN87__seed789,B0|RandomForest_unweighted|M5_no_FIN87,B0,789,,O_frozen,13,3.773584905660377e-05,0.42392705333881797,0.00195968043405197,0.0021614945190674695,0.002369668246445498,0.15384615384615385,1.0,8428,422,0.034,20,0,13,1,1
B0_dropFIN87__RandomForest_unweighted__M5_no_FIN87__seed1024,B0|RandomForest_unweighted|M5_no_FIN87,B0,1024,,O_frozen,13,0.0003490361408563325,0.4224964577905753,0.0018803387636656525,0.0021618282890673254,0.002369668246445498,0.15384615384615385,1.0,8428,422,0.0336621794063861,22,0,6,1,1
B0_dropFIN87__RandomForest_unweighted__M11_no_FIN87__seed42,B0|RandomForest_unweighted|M11_no_FIN87,B0,42,,O_frozen,13,0.188,0.8492024315553727,0.037556745271727504,0.07142857142857142,0.011848341232227487,0.38461538461538464,5.0,8428,422,0.06,19,0,3,5,5
B0_dropFIN87__RandomForest_unweighted__M11_no_FIN87__seed123,B0|RandomForest_unweighted|M11_no_FIN87,B0,123,,O_frozen,13,0.27,0.8775035422094245,0.02785312780419861,0.08333333333333333,0.011848341232227487,0.46153846153846156,5.0,8428,422,0.06,14,0,2,5,5
B0_dropFIN87__RandomForest_unweighted__M11_no_FIN87__seed456,B0|RandomForest_unweighted|M11_no_FIN87,B0,456,,O_frozen,13,0.206,0.8819415878239407,0.02049188109735512,0.06666666666666667,0.011848341232227487,0.46153846153846156,5.0,8428,422,0.06,26,0,10,5,5
B0_dropFIN87__RandomForest_unweighted__M11_no_FIN87__seed789,B0|RandomForest_unweighted|M11_no_FIN87,B0,789,,O_frozen,13,0.314,0.883065953654189,0.02967653894900367,0.0,0.011848341232227487,0.38461538461538464,5.0,8428,422,0.062,16,0,16,5,5
B0_dropFIN87__RandomForest_unweighted__M11_no_FIN87__seed1024,B0|RandomForest_unweighted|M11_no_FIN87,B0,1024,,O_frozen,13,0.186,0.9018099547511313,0.02182769643884084,0.05063291139240506,0.011848341232227487,0.5384615384615384,5.0,8428,422,0.064,24,0,21,5,5
C_flags__RandomForest_unweighted__flags3__seed42,C|RandomForest_unweighted|flags3,C,42,,O_frozen,13,0.08109580984219628,0.876881941587824,0.023985864547225556,0.0627177700348432,0.02132701421800948,0.6923076923076923,9.0,8428,422,0.01682288572064652,1403,2,147,9,11
C_flags__RandomForest_unweighted__flags3__seed123,C|RandomForest_unweighted|flags3,C,123,,O_frozen,13,0.08180641845226101,0.876881941587824,0.023985864547225556,0.0627177700348432,0.02132701421800948,0.6923076923076923,9.0,8428,422,0.016877611988171195,1403,2,147,9,11
C_flags__RandomForest_unweighted__flags3__seed456,C|RandomForest_unweighted|flags3,C,456,,O_frozen,13,0.08115294237999894,0.876881941587824,0.023985864547225556,0.0627177700348432,0.02132701421800948,0.6923076923076923,9.0,8428,422,0.01691138611444124,1403,2,147,9,11
C_flags__RandomForest_unweighted__flags3__seed789,C|RandomForest_unweighted|flags3,C,789,,O_frozen,13,0.08159047092204824,0.8769002239590475,0.02398646593460437,0.0627177700348432,0.02132701421800948,0.6923076923076923,9.0,8428,422,0.016988894195965693,1403,2,148,9,11
C_flags__RandomForest_unweighted__flags3__seed1024,C|RandomForest_unweighted|flags3,C,1024,,O_frozen,13,0.08157199960152205,0.876881941587824,0.023985864547225556,0.0627177700348432,0.02132701421800948,0.6923076923076923,9.0,8428,422,0.016778055336776978,1403,2,147,9,11
REF__V26_original_MLP_M11__42,V26|MLP|M11,REFERENCE,42,,O_frozen,13,0.7935276627540588,0.9216326157502629,0.013421562871790416,0.012345679012345678,0.016587677725118485,0.6153846153846154,7.0,8428,422,0.7092322111129761,1,0,1,7,7
REF__V26_primary_unweighted_RF_M11__42,V26|RandomForest_unweighted|M11,REFERENCE,42,,O_frozen,13,0.204,0.9372046254399196,0.018115950095593473,0.03508771929824561,0.016587677725118485,0.6923076923076923,7.0,8428,422,0.082,16,0,11,7,7
REF__V26_reverse_GCN_M11__42,V26|GCN_reverse|M11,REFERENCE,42,,O_frozen,13,0.8834533095359802,0.8743635449517803,0.007625417820767887,0.0,0.0071090047393364926,0.6923076923076923,3.0,8428,422,0.7435175180435181,1,0,1,3,3
REF__V26_reverse_SAGE_M11__42,V26|GraphSAGE_reverse|M11,REFERENCE,42,,O_frozen,13,0.7077657580375671,0.8756798756798756,0.008075273234154304,0.009523809523809525,0.0071090047393364926,0.5384615384615384,3.0,8428,422,0.6374204158782959,1,0,1,3,3
REF__V26_existing_asof__MLP__M5__seed42__42,ASOF|MLP|M5,REFERENCE,42,,O_frozen,13,0.7071453928947449,0.8498011792129438,0.006870375295326031,0.014778325123152709,0.0071090047393364926,0.38461538461538464,3.0,8428,422,0.7018082141876221,1,0,1,3,3
REF__V26_existing_asof__MLP__M11__seed42__42,ASOF|MLP|M11,REFERENCE,42,,O_frozen,13,0.827336311340332,0.9273549979432333,0.013441471452475281,0.014925373134328358,0.016587677725118485,0.6153846153846154,7.0,8428,422,0.7258099913597107,1,0,1,7,7
REF__V26_existing_asof__RandomForest__M5__seed42__42,ASOF|RandomForest_unweighted|M5,REFERENCE,42,,O_frozen,13,0.17,0.86951871657754,0.03959622777089734,0.08791208791208792,0.016587677725118485,0.6153846153846154,7.0,8428,422,0.078,16,0,1,7,7
REF__V26_existing_asof__RandomForest__M11__seed42__42,ASOF|RandomForest_unweighted|M11,REFERENCE,42,,O_frozen,13,0.186,0.9578956990721696,0.045219719725487245,0.12195121951219512,0.02132701421800948,0.8461538461538461,9.0,8428,422,0.076,13,0,7,9,9
REF__V26_original_MLP_M11__123,V26|MLP|M11,REFERENCE,123,,O_frozen,13,0.7054864764213562,0.8916495269436446,0.011402990571975354,0.011527377521613832,0.009478672985781991,0.6153846153846154,4.0,8428,422,0.6820260882377625,1,0,1,4,4
REF__V26_primary_unweighted_RF_M11__123,V26|RandomForest_unweighted|M11,REFERENCE,123,,O_frozen,13,0.22,0.9284245166598107,0.016593475061318842,0.04,0.016587677725118485,0.6923076923076923,7.0,8428,422,0.084,11,0,7,7,7
REF__V26_reverse_GCN_M11__123,V26|GCN_reverse|M11,REFERENCE,123,,O_frozen,13,0.8293024301528931,0.8755884638237579,0.006639679612302721,0.0,0.004739336492890996,0.5384615384615384,2.0,8428,422,0.7668502330780029,1,0,1,2,2
REF__V26_reverse_SAGE_M11__123,V26|GraphSAGE_reverse|M11,REFERENCE,123,,O_frozen,13,0.8439841270446777,0.9304630010512364,0.012789839274503039,0.0,0.009478672985781991,0.8461538461538461,4.0,8428,422,0.7194398045539856,1,0,1,4,4
REF__V26_existing_asof__MLP__M5__seed123__123,ASOF|MLP|M5,REFERENCE,123,,O_frozen,13,0.8652052879333496,0.7964897847250789,0.005378449653623077,0.0,0.004739336492890996,0.23076923076923078,2.0,8428,422,0.6904577016830444,1,0,1,2,2
REF__V26_existing_asof__MLP__M11__seed123__123,ASOF|MLP|M11,REFERENCE,123,,O_frozen,13,0.7332101464271545,0.8949494949494949,0.011784797307399427,0.01834862385321101,0.009478672985781991,0.6153846153846154,4.0,8428,422,0.7037795782089233,1,0,1,4,4
REF__V26_existing_asof__RandomForest__M5__seed123__123,ASOF|RandomForest_unweighted|M5,REFERENCE,123,,O_frozen,13,0.146,0.8895516248457426,0.05017915303496646,0.07142857142857142,0.016587677725118485,0.6153846153846154,7.0,8428,422,0.078,12,0,1,7,7
REF__V26_existing_asof__RandomForest__M11__seed123__123,ASOF|RandomForest_unweighted|M11,REFERENCE,123,,O_frozen,13,0.182,0.9504364916129622,0.03619738339011904,0.11363636363636363,0.018957345971563982,0.8461538461538461,8.0,8428,422,0.08,26,0,23,8,8
REF__V26_original_MLP_M11__456,V26|MLP|M11,REFERENCE,456,,O_frozen,13,0.8522984981536865,0.923607111842406,0.011723270150331682,0.015873015873015872,0.016587677725118485,0.6153846153846154,7.0,8428,422,0.7246816754341125,1,0,1,7,7
REF__V26_primary_unweighted_RF_M11__456,V26|RandomForest_unweighted|M11,REFERENCE,456,,O_frozen,13,0.204,0.9347730700671877,0.01987363239996503,0.03571428571428571,0.016587677725118485,0.6153846153846154,7.0,8428,422,0.082,19,0,8,7,7
REF__V26_reverse_GCN_M11__456,V26|GCN_reverse|M11,REFERENCE,456,,O_frozen,13,0.7018065452575684,0.8887334887334887,0.0075115506278383235,0.0,0.002369668246445498,0.6153846153846154,1.0,8428,422,0.6462804675102234,1,0,1,1,1
REF__V26_reverse_SAGE_M11__456,V26|GraphSAGE_reverse|M11,REFERENCE,456,,O_frozen,13,0.8057092428207397,0.9088166735225558,0.009496652406436289,0.011363636363636364,0.0071090047393364926,0.6153846153846154,3.0,8428,422,0.6976275444030762,1,0,1,3,3
REF__V26_existing_asof__MLP__M5__seed456__456,ASOF|MLP|M5,REFERENCE,456,,O_frozen,13,0.8705941438674927,0.8187028657616893,0.007179157600633434,0.0,0.009478672985781991,0.46153846153846156,4.0,8428,422,0.6877521872520447,1,0,1,4,4
REF__V26_existing_asof__MLP__M11__seed456__456,ASOF|MLP|M11,REFERENCE,456,,O_frozen,13,0.858386754989624,0.9215777686365922,0.011781248519615038,0.0,0.016587677725118485,0.6153846153846154,7.0,8428,422,0.7234327793121338,1,0,1,7,7
REF__V26_existing_asof__RandomForest__M5__seed456__456,ASOF|RandomForest_unweighted|M5,REFERENCE,456,,O_frozen,13,0.164,0.885168426344897,0.050226506915501366,0.09009009009009009,0.016587677725118485,0.6153846153846154,7.0,8428,422,0.082,20,0,17,7,7
REF__V26_existing_asof__RandomForest__M11__seed456__456,ASOF|RandomForest_unweighted|M11,REFERENCE,456,,O_frozen,13,0.176,0.9465697700991819,0.03737862861771629,0.0851063829787234,0.018957345971563982,0.7692307692307693,8.0,8428,422,0.08,20,0,14,8,8
REF__V26_original_MLP_M11__789,V26|MLP|M11,REFERENCE,789,,O_frozen,13,0.6667288541793823,0.9208738973444855,0.01401011212680689,0.022900763358778626,0.014218009478672985,0.6153846153846154,6.0,8428,422,0.6371268033981323,1,0,1,6,6
REF__V26_primary_unweighted_RF_M11__789,V26|RandomForest_unweighted|M11,REFERENCE,789,,O_frozen,13,0.222,0.9368115544586134,0.01842242289134504,0.0392156862745098,0.016587677725118485,0.6923076923076923,7.0,8428,422,0.082,15,0,4,7,7
REF__V26_reverse_GCN_M11__789,V26|GCN_reverse|M11,REFERENCE,789,,O_frozen,13,0.8668327331542969,0.8614379084967321,0.006094570137033698,0.0,0.0,0.5384615384615384,0.0,8428,422,0.7334856986999512,1,0,1,0,0
REF__V26_reverse_SAGE_M11__789,V26|GraphSAGE_reverse|M11,REFERENCE,789,,O_frozen,13,0.712661862373352,0.9011015128662188,0.009014443143544389,0.0,0.011848341232227487,0.46153846153846156,5.0,8428,422,0.663834810256958,1,0,1,5,5
REF__V26_existing_asof__MLP__M5__seed789__789,ASOF|MLP|M5,REFERENCE,789,,O_frozen,13,0.66526859998703,0.8225055989761872,0.005694277837525918,0.009900990099009901,0.002369668246445498,0.46153846153846156,1.0,8428,422,0.6942209005355835,1,0,1,1,1
REF__V26_existing_asof__MLP__M11__seed789__789,ASOF|MLP|M11,REFERENCE,789,,O_frozen,13,0.698163628578186,0.9207276383746972,0.013628575144093462,0.028169014084507043,0.011848341232227487,0.6923076923076923,5.0,8428,422,0.6360604166984558,1,0,1,5,5
REF__V26_existing_asof__RandomForest__M5__seed789__789,ASOF|RandomForest_unweighted|M5,REFERENCE,789,,O_frozen,13,0.164,0.9031811325928973,0.04904572221784875,0.08547008547008547,0.016587677725118485,0.6153846153846154,7.0,8428,422,0.078,18,0,15,7,7
REF__V26_existing_asof__RandomForest__M11__seed789__789,ASOF|RandomForest_unweighted|M11,REFERENCE,789,,O_frozen,13,0.186,0.9423145481969011,0.035059772525714725,0.10256410256410256,0.016587677725118485,0.8461538461538461,7.0,8428,422,0.076,20,1,6,7,8
REF__V26_original_MLP_M11__1024,V26|MLP|M11,REFERENCE,1024,,O_frozen,13,0.7793102264404297,0.9274281274281274,0.013020938715883217,0.012658227848101266,0.016587677725118485,0.6923076923076923,7.0,8428,422,0.6968657970428467,1,0,1,7,7
REF__V26_primary_unweighted_RF_M11__1024,V26|RandomForest_unweighted|M11,REFERENCE,1024,,O_frozen,13,0.23,0.9387083504730565,0.01743328571864062,0.0,0.016587677725118485,0.6923076923076923,7.0,8428,422,0.08,10,0,1,7,7
REF__V26_reverse_GCN_M11__1024,V26|GCN_reverse|M11,REFERENCE,1024,,O_frozen,13,0.7881815433502197,0.8385758032816857,0.004873812134147871,0.0,0.0,0.38461538461538464,0.0,8428,422,0.7514862418174744,1,0,1,0,0
REF__V26_reverse_SAGE_M11__1024,V26|GraphSAGE_reverse|M11,REFERENCE,1024,,O_frozen,13,0.7922998666763306,0.8675350792997852,0.00785564946760236,0.009708737864077669,0.009478672985781991,0.5384615384615384,4.0,8428,422,0.7098320722579956,1,0,1,4,4
REF__V26_existing_asof__MLP__M5__seed1024__1024,ASOF|MLP|M5,REFERENCE,1024,,O_frozen,13,0.914283812046051,0.8375062845651081,0.007141853842664319,0.0,0.0071090047393364926,0.46153846153846156,3.0,8428,422,0.6994305849075317,1,0,1,3,3
REF__V26_existing_asof__MLP__M11__seed1024__1024,ASOF|MLP|M11,REFERENCE,1024,,O_frozen,13,0.8478824496269226,0.9283513871749166,0.013042736507056662,0.01694915254237288,0.014218009478672985,0.7692307692307693,6.0,8428,422,0.71816086769104,1,0,1,6,6
REF__V26_existing_asof__RandomForest__M5__seed1024__1024,ASOF|RandomForest_unweighted|M5,REFERENCE,1024,,O_frozen,13,0.18,0.8468668586315645,0.0440964906472878,0.09876543209876543,0.014218009478672985,0.6153846153846154,6.0,8428,422,0.078,19,1,5,6,7
REF__V26_existing_asof__RandomForest__M11__seed1024__1024,ASOF|RandomForest_unweighted|M11,REFERENCE,1024,,O_frozen,13,0.198,0.953032588326706,0.0345591765431884,0.10810810810810811,0.018957345971563982,0.8461538461538461,8.0,8428,422,0.076,19,0,7,8,8
A_docpurged__MLP__M11__seed42,A|MLP|M11,A,42,,S_frozen,6,0.8293477892875671,0.8155291790306627,0.004266106141943527,0.0,0.005154639175257732,0.5,2.0,7757,388,0.6975317597389221,1,0,1,2,2
A_docpurged__MLP__M11__seed123,A|MLP|M11,A,123,,S_frozen,6,0.9998741149902344,0.7187137143594375,0.002475794406203582,0.0,0.002577319587628866,0.3333333333333333,1.0,7757,388,0.559857964515686,1,0,1,1,1
A_docpurged__MLP__M11__seed456,A|MLP|M11,A,456,,S_frozen,6,0.7659621834754944,0.8036167376252527,0.0040076609559254765,0.0,0.005154639175257732,0.5,2.0,7757,388,0.6475548148155212,1,0,1,2,2
A_docpurged__MLP__M11__seed789,A|MLP|M11,A,789,,S_frozen,6,0.6812537908554077,0.8291618285812583,0.004872357773545154,0.0,0.007731958762886598,0.6666666666666666,3.0,7757,388,0.6297768354415894,1,0,1,3,3
A_docpurged__MLP__M11__seed1024,A|MLP|M11,A,1024,,S_frozen,6,0.7748478055000305,0.8346019868404078,0.00403150917868185,0.0,0.005154639175257732,0.6666666666666666,2.0,7757,388,0.6851194500923157,1,0,1,2,2
A_docpurged__RandomForest_unweighted__M11__seed42,A|RandomForest_unweighted|M11,A,42,,S_frozen,6,0.258,0.8448909818087988,0.003487967237135275,0.0,0.005154639175257732,0.3333333333333333,2.0,7757,388,0.068,17,0,17,2,2
A_docpurged__RandomForest_unweighted__M11__seed123,A|RandomForest_unweighted|M11,A,123,,S_frozen,6,0.254,0.8847568055734745,0.0038728825792011526,0.0,0.002577319587628866,0.3333333333333333,1.0,7757,388,0.066,14,0,5,1,1
A_docpurged__RandomForest_unweighted__M11__seed456,A|RandomForest_unweighted|M11,A,456,,S_frozen,6,0.268,0.8753171633767687,0.003989430919940721,0.0,0.002577319587628866,0.3333333333333333,1.0,7757,388,0.066,17,1,2,1,2
A_docpurged__RandomForest_unweighted__M11__seed789,A|RandomForest_unweighted|M11,A,789,,S_frozen,6,0.284,0.8685223412032856,0.00399649235381761,0.0,0.005154639175257732,0.3333333333333333,2.0,7757,388,0.064,18,0,5,2,2
A_docpurged__RandomForest_unweighted__M11__seed1024,A|RandomForest_unweighted|M11,A,1024,,S_frozen,6,0.566,0.8668988947662667,0.0035436128121036684,0.0,0.002577319587628866,0.3333333333333333,1.0,7757,388,0.068,14,0,13,1,1
A_docpurged__GCN_reverse__M11__seed42,A|GCN_reverse|M11,A,42,,S_frozen,6,0.8680577278137207,0.8405152023394831,0.004591630649558991,0.0,0.005154639175257732,0.5,2.0,7757,388,0.7258040904998779,1,0,1,2,2
A_docpurged__GCN_reverse__M11__seed123,A|GCN_reverse|M11,A,123,,S_frozen,6,0.8207434415817261,0.9001419171719778,0.004836078091263368,0.0,0.005154639175257732,0.5,2.0,7757,388,0.7555090188980103,1,0,1,2,2
A_docpurged__GCN_reverse__M11__seed456,A|GCN_reverse|M11,A,456,,S_frozen,6,0.6426172256469727,0.8490087300563368,0.0033930681937074775,0.0,0.0,0.5,0.0,7757,388,0.6069105267524719,1,0,1,0,0
A_docpurged__GCN_reverse__M11__seed789,A|GCN_reverse|M11,A,789,,S_frozen,6,0.9159432649612427,0.8662108115081926,0.003781618636620548,0.0,0.005154639175257732,0.5,2.0,7757,388,0.7225721478462219,1,0,1,2,2
A_docpurged__GCN_reverse__M11__seed1024,A|GCN_reverse|M11,A,1024,,S_frozen,6,0.9963271021842957,0.796671397239066,0.002161300789694605,0.0,0.0,0.16666666666666666,0.0,7757,388,0.6235765814781189,1,0,1,0,0
A_docpurged__GraphSAGE_reverse__M11__seed42,A|GraphSAGE_reverse|M11,A,42,,S_frozen,6,0.6721878051757812,0.8332258203242593,0.003826601947782105,0.0,0.0,0.6666666666666666,0.0,7757,388,0.6059057116508484,1,0,1,0,0
A_docpurged__GraphSAGE_reverse__M11__seed123,A|GraphSAGE_reverse|M11,A,123,,S_frozen,6,0.8418945074081421,0.8308605341246291,0.005549437906443648,0.0,0.005154639175257732,0.6666666666666666,2.0,7757,388,0.6858330368995667,1,0,1,2,2
A_docpurged__GraphSAGE_reverse__M11__seed456,A|GraphSAGE_reverse|M11,A,456,,S_frozen,6,0.9240967035293579,0.7626327785662066,0.008524951099960291,0.023255813953488372,0.005154639175257732,0.5,2.0,7757,388,0.6364607214927673,1,0,1,2,2
A_docpurged__GraphSAGE_reverse__M11__seed789,A|GraphSAGE_reverse|M11,A,789,,S_frozen,6,0.6868768334388733,0.7987786522169182,0.003802903860493671,0.008298755186721992,0.005154639175257732,0.5,2.0,7757,388,0.6425436735153198,1,0,1,2,2
A_docpurged__GraphSAGE_reverse__M11__seed1024,A|GraphSAGE_reverse|M11,A,1024,,S_frozen,6,0.8090844750404358,0.7846729454263965,0.003894993806884777,0.0,0.007731958762886598,0.5,3.0,7757,388,0.7048095464706421,1,0,1,3,3
B_donor__MLP__M5__imp271707__seed42,B|MLP|M5|271707,B,42,271707,S_frozen,6,0.7266632318496704,0.7535156753967229,0.002712299179411442,0.007017543859649123,0.005154639175257732,0.3333333333333333,2.0,7757,388,0.6981099843978882,1,0,1,2,2
B_donor__MLP__M5__imp271707__seed123,B|MLP|M5|271707,B,123,271707,S_frozen,6,0.9076050519943237,0.6582591493570722,0.0015665143588501891,0.0,0.0,0.3333333333333333,0.0,7757,388,0.6939672231674194,1,0,1,0,0
B_donor__MLP__M5__imp271707__seed456,B|MLP|M5|271707,B,456,271707,S_frozen,6,0.6952233910560608,0.6398314196017718,0.0019715497669087617,0.0,0.002577319587628866,0.3333333333333333,1.0,7757,388,0.6445556879043579,1,0,1,1,1
B_donor__MLP__M5__imp271707__seed789,B|MLP|M5|271707,B,789,271707,S_frozen,6,0.9552740454673767,0.7176708381714187,0.0021895400992265335,0.0,0.002577319587628866,0.3333333333333333,1.0,7757,388,0.7197235822677612,1,0,1,1,1
B_donor__MLP__M5__imp271707__seed1024,B|MLP|M5|271707,B,1024,271707,S_frozen,6,0.8850902318954468,0.676514858297854,0.002200680320704496,0.0,0.002577319587628866,0.3333333333333333,1.0,7757,388,0.6786192655563354,1,0,1,1,1
B_donor__MLP__M11__imp271707__seed42,B|MLP|M11|271707,B,42,271707,S_frozen,6,0.789149284362793,0.8027136283490303,0.004792176624056746,0.0,0.005154639175257732,0.3333333333333333,2.0,7757,388,0.6944144368171692,1,0,1,2,2
B_donor__MLP__M11__imp271707__seed123,B|MLP|M11|271707,B,123,271707,S_frozen,6,0.8172096610069275,0.7913387519889907,0.003849474058366917,0.0,0.005154639175257732,0.5,2.0,7757,388,0.6960557103157043,1,0,1,2,2
B_donor__MLP__M11__imp271707__seed456,B|MLP|M11|271707,B,456,271707,S_frozen,6,0.869680643081665,0.8432460327699651,0.004612053166799478,0.0,0.005154639175257732,0.3333333333333333,2.0,7757,388,0.7153681516647339,1,0,1,2,2
B_donor__MLP__M11__imp271707__seed789,B|MLP|M11|271707,B,789,271707,S_frozen,6,0.6733003854751587,0.8360641637638155,0.006103228126773401,0.013793103448275862,0.005154639175257732,0.6666666666666666,2.0,7757,388,0.6231639385223389,1,0,1,2,2
B_donor__MLP__M11__imp271707__seed1024,B|MLP|M11|271707,B,1024,271707,S_frozen,6,0.8811681270599365,0.8385369629725197,0.006405915032437321,0.0,0.007731958762886598,0.5,3.0,7757,388,0.7052842974662781,1,0,1,3,3
B_donor__RandomForest_unweighted__M5__imp271707__seed42,B|RandomForest_unweighted|M5|271707,B,42,271707,S_frozen,6,0.086,0.6479809056895884,0.001502727811724168,0.0,0.0,0.16666666666666666,0.0,7757,388,0.066,18,0,10,0,0
B_donor__RandomForest_unweighted__M5__imp271707__seed123,B|RandomForest_unweighted|M5|271707,B,123,271707,S_frozen,6,0.078,0.6773749623704468,0.0013022488611518816,0.0,0.0,0.0,0.0,7757,388,0.068,16,0,4,0,0
B_donor__RandomForest_unweighted__M5__imp271707__seed456,B|RandomForest_unweighted|M5|271707,B,456,271707,S_frozen,6,0.08,0.6898787253257644,0.0017168435838209224,0.0,0.0,0.3333333333333333,0.0,7757,388,0.066,23,0,7,0,0
B_donor__RandomForest_unweighted__M5__imp271707__seed789,B|RandomForest_unweighted|M5|271707,B,789,271707,S_frozen,6,0.084,0.6161248011009332,0.0015554545641359848,0.0,0.0,0.16666666666666666,0.0,7757,388,0.066,16,0,4,0,0
B_donor__RandomForest_unweighted__M5__imp271707__seed1024,B|RandomForest_unweighted|M5|271707,B,1024,271707,S_frozen,6,0.13,0.6684836365200189,0.00174299611299538,0.0,0.0,0.3333333333333333,0.0,7757,388,0.066,17,0,15,0,0
B_donor__RandomForest_unweighted__M11__imp271707__seed42,B|RandomForest_unweighted|M11|271707,B,42,271707,S_frozen,6,0.16,0.846783210768503,0.003994752846699541,0.0,0.002577319587628866,0.5,1.0,7757,388,0.068,15,0,5,1,1
B_donor__RandomForest_unweighted__M11__imp271707__seed123,B|RandomForest_unweighted|M11|271707,B,123,271707,S_frozen,6,0.224,0.8174214079903668,0.002795429413475972,0.0,0.002577319587628866,0.3333333333333333,1.0,7757,388,0.068,15,0,9,1,1
B_donor__RandomForest_unweighted__M11__imp271707__seed456,B|RandomForest_unweighted|M11|271707,B,456,271707,S_frozen,6,0.188,0.8096482174343096,0.0028800360456066407,0.0,0.002577319587628866,0.3333333333333333,1.0,7757,388,0.068,12,0,9,1,1
B_donor__RandomForest_unweighted__M11__imp271707__seed789,B|RandomForest_unweighted|M11|271707,B,789,271707,S_frozen,6,0.224,0.7999290414140111,0.0029464733750919157,0.0,0.002577319587628866,0.3333333333333333,1.0,7757,388,0.07,17,0,5,1,1
B_donor__RandomForest_unweighted__M11__imp271707__seed1024,B|RandomForest_unweighted|M11|271707,B,1024,271707,S_frozen,6,0.16,0.8463854126349288,0.004378470633254616,0.0,0.002577319587628866,0.16666666666666666,1.0,7757,388,0.068,11,0,3,1,1
B_donor__MLP__M5__imp271708__seed42,B|MLP|M5|271708,B,42,271708,S_frozen,6,0.9214997887611389,0.7482905431557219,0.002629056340421081,0.0,0.0,0.5,0.0,7757,388,0.7094550132751465,1,0,1,0,0
B_donor__MLP__M5__imp271708__seed123,B|MLP|M5|271708,B,123,271708,S_frozen,6,0.6368553638458252,0.6606459381585171,0.0015891955737184903,0.0,0.0,0.16666666666666666,0.0,7757,388,0.6766241788864136,1,0,1,0,0
B_donor__MLP__M5__imp271708__seed456,B|MLP|M5|271708,B,456,271708,S_frozen,6,0.6764742136001587,0.6807723734571883,0.00209346486595179,0.0,0.0,0.3333333333333333,0.0,7757,388,0.6804195046424866,1,0,1,0,0
B_donor__MLP__M5__imp271708__seed789,B|MLP|M5|271708,B,789,271708,S_frozen,6,0.8817907571792603,0.6777405066012987,0.001912513954178598,0.0,0.0,0.3333333333333333,0.0,7757,388,0.693528950214386,1,0,1,0,0
B_donor__MLP__M5__imp271708__seed1024,B|MLP|M5|271708,B,1024,271708,S_frozen,6,0.9106290936470032,0.7101664301380468,0.002180353001446794,0.0,0.0,0.5,0.0,7757,388,0.6900362372398376,1,0,1,0,0
B_donor__MLP__M11__imp271708__seed42,B|MLP|M11|271708,B,42,271708,S_frozen,6,0.821287214756012,0.8117232185094396,0.0052008062686909814,0.0,0.005154639175257732,0.5,2.0,7757,388,0.7081618309020996,1,0,1,2,2
B_donor__MLP__M11__imp271708__seed123,B|MLP|M11|271708,B,123,271708,S_frozen,6,0.7329700589179993,0.801918032081882,0.004081790884119108,0.006756756756756757,0.005154639175257732,0.5,2.0,7757,388,0.6993297338485718,1,0,1,2,2
B_donor__MLP__M11__imp271708__seed456,B|MLP|M11|271708,B,456,271708,S_frozen,6,0.8419145941734314,0.8225175246204791,0.004319137746000987,0.0,0.005154639175257732,0.3333333333333333,2.0,7757,388,0.709101140499115,1,0,1,2,2
B_donor__MLP__M11__imp271708__seed789,B|MLP|M11|271708,B,789,271708,S_frozen,6,0.6877439618110657,0.8434610587881133,0.0055146818372158665,0.011695906432748537,0.005154639175257732,0.6666666666666666,2.0,7757,388,0.6393911242485046,1,0,1,2,2
B_donor__MLP__M11__imp271708__seed1024,B|MLP|M11|271708,B,1024,271708,S_frozen,6,0.8405713438987732,0.8402356685158905,0.0052258824919208646,0.0,0.005154639175257732,0.5,2.0,7757,388,0.7046545147895813,1,0,1,2,2
B_donor__RandomForest_unweighted__M5__imp271708__seed42,B|RandomForest_unweighted|M5|271708,B,42,271708,S_frozen,6,0.106,0.6313378918849181,0.0013134966049378168,0.0,0.0,0.0,0.0,7757,388,0.07,16,0,6,0,0
B_donor__RandomForest_unweighted__M5__imp271708__seed123,B|RandomForest_unweighted|M5|271708,B,123,271708,S_frozen,6,0.074,0.6722465918376124,0.0015562102997069144,0.0,0.0,0.16666666666666666,0.0,7757,388,0.07,16,0,8,0,0
B_donor__RandomForest_unweighted__M5__imp271708__seed456,B|RandomForest_unweighted|M5|271708,B,456,271708,S_frozen,6,0.12,0.7025975142992302,0.0014971286585773109,0.0,0.0,0.16666666666666666,0.0,7757,388,0.07,22,0,3,0,0
B_donor__RandomForest_unweighted__M5__imp271708__seed789,B|RandomForest_unweighted|M5|271708,B,789,271708,S_frozen,6,0.088,0.5445318883584913,0.001156634896042306,0.0,0.0,0.0,0.0,7757,388,0.07,17,0,4,0,0
B_donor__RandomForest_unweighted__M5__imp271708__seed1024,B|RandomForest_unweighted|M5|271708,B,1024,271708,S_frozen,6,0.076,0.67163376768589,0.0014085941807052927,0.0,0.0,0.16666666666666666,0.0,7757,388,0.07,19,0,12,0,0
B_donor__RandomForest_unweighted__M11__imp271708__seed42,B|RandomForest_unweighted|M11|271708,B,42,271708,S_frozen,6,0.228,0.8283877349159249,0.004126734323728882,0.0,0.002577319587628866,0.6666666666666666,1.0,7757,388,0.068,21,0,4,1,1
B_donor__RandomForest_unweighted__M11__imp271708__seed123,B|RandomForest_unweighted|M11|271708,B,123,271708,S_frozen,6,0.116,0.8187760719047005,0.003151810866613097,0.0,0.002577319587628866,0.5,1.0,7757,388,0.07,12,0,6,1,1
B_donor__RandomForest_unweighted__M11__imp271708__seed456,B|RandomForest_unweighted|M11|271708,B,456,271708,S_frozen,6,0.188,0.8307100159119254,0.003200130779055616,0.0,0.002577319587628866,0.3333333333333333,1.0,7757,388,0.07,22,0,10,1,1
B_donor__RandomForest_unweighted__M11__imp271708__seed789,B|RandomForest_unweighted|M11|271708,B,789,271708,S_frozen,6,0.256,0.8661355524018406,0.0034890406362550843,0.0,0.0,0.5,0.0,7757,388,0.07,16,1,4,0,1
B_donor__RandomForest_unweighted__M11__imp271708__seed1024,B|RandomForest_unweighted|M11|271708,B,1024,271708,S_frozen,6,0.146,0.8386982324861307,0.003170485520273162,0.0,0.002577319587628866,0.3333333333333333,1.0,7757,388,0.07,17,0,10,1,1
B_donor__MLP__M5__imp271709__seed42,B|MLP|M5|271709,B,42,271709,S_frozen,6,0.8155568242073059,0.692125747215413,0.002628302684860758,0.0,0.005154639175257732,0.3333333333333333,2.0,7757,388,0.6959388256072998,1,0,1,2,2
B_donor__MLP__M5__imp271709__seed123,B|MLP|M5|271709,B,123,271709,S_frozen,6,0.6556443572044373,0.6072979830559497,0.0013396865203708194,0.0,0.0,0.16666666666666666,0.0,7757,388,0.6903656125068665,1,0,1,0,0
B_donor__MLP__M5__imp271709__seed456,B|MLP|M5|271709,B,456,271709,S_frozen,6,0.6876142621040344,0.6037285511546897,0.0016175537602410388,0.0,0.002577319587628866,0.16666666666666666,1.0,7757,388,0.6544274687767029,1,0,1,1,1
B_donor__MLP__M5__imp271709__seed789,B|MLP|M5|271709,B,789,271709,S_frozen,6,0.6803777813911438,0.6109964305680987,0.001347412813247267,0.0,0.0,0.16666666666666666,0.0,7757,388,0.7073709964752197,1,0,1,0,0
B_donor__MLP__M5__imp271709__seed1024,B|MLP|M5|271709,B,1024,271709,S_frozen,6,0.6818830966949463,0.6573345374790349,0.0019112835582999483,0.0,0.0,0.3333333333333333,0.0,7757,388,0.6920729279518127,1,0,1,0,0
B_donor__MLP__M11__imp271709__seed42,B|MLP|M11|271709,B,42,271709,S_frozen,6,0.768944263458252,0.7839848621683223,0.004438886795804602,0.0,0.005154639175257732,0.3333333333333333,2.0,7757,388,0.6900058388710022,1,0,1,2,2
B_donor__MLP__M11__imp271709__seed123,B|MLP|M11|271709,B,123,271709,S_frozen,6,0.6950118541717529,0.7764589515331355,0.0034707423761979874,0.008,0.005154639175257732,0.5,2.0,7757,388,0.6578200459480286,1,0,1,2,2
B_donor__MLP__M11__imp271709__seed456,B|MLP|M11|271709,B,456,271709,S_frozen,6,0.8774994015693665,0.8066916096847719,0.004152010258079523,0.0,0.005154639175257732,0.3333333333333333,2.0,7757,388,0.7182765007019043,1,0,1,2,2
B_donor__MLP__M11__imp271709__seed789,B|MLP|M11|271709,B,789,271709,S_frozen,6,0.6902663707733154,0.8231841052767386,0.004894679748466288,0.015151515151515152,0.002577319587628866,0.6666666666666666,1.0,7757,388,0.6337936520576477,1,0,1,1,1
B_donor__MLP__M11__imp271709__seed1024,B|MLP|M11|271709,B,1024,271709,S_frozen,6,0.823214054107666,0.8157872102524406,0.00435438416741204,0.0,0.005154639175257732,0.3333333333333333,2.0,7757,388,0.7075924277305603,1,0,1,2,2
B_donor__RandomForest_unweighted__M5__imp271709__seed42,B|RandomForest_unweighted|M5|271709,B,42,271709,S_frozen,6,0.206,0.6697630413280007,0.001761048829698008,0.0,0.0,0.3333333333333333,0.0,7757,388,0.066,14,0,14,0,0
B_donor__RandomForest_unweighted__M5__imp271709__seed123,B|RandomForest_unweighted|M5|271709,B,123,271709,S_frozen,6,0.084,0.6105878811336172,0.0014715408463484006,0.0,0.0,0.3333333333333333,0.0,7757,388,0.066,19,0,10,0,0
B_donor__RandomForest_unweighted__M5__imp271709__seed456,B|RandomForest_unweighted|M5|271709,B,456,271709,S_frozen,6,0.076,0.6720315658194642,0.0015211342211953413,0.0,0.0,0.0,0.0,7757,388,0.068,19,0,17,0,0
B_donor__RandomForest_unweighted__M5__imp271709__seed789,B|RandomForest_unweighted|M5|271709,B,789,271709,S_frozen,6,0.19,0.6739345460800756,0.0016169554543267067,0.0,0.0,0.3333333333333333,0.0,7757,388,0.066,17,0,12,0,0
B_donor__RandomForest_unweighted__M5__imp271709__seed1024,B|RandomForest_unweighted|M5|271709,B,1024,271709,S_frozen,6,0.118,0.678245817743947,0.0014516262959742587,0.0,0.0,0.0,0.0,7757,388,0.066,19,0,3,0,0
B_donor__RandomForest_unweighted__M11__imp271709__seed42,B|RandomForest_unweighted|M11|271709,B,42,271709,S_frozen,6,0.23,0.8503741452715778,0.003178830366548021,0.0,0.002577319587628866,0.3333333333333333,1.0,7757,388,0.068,21,0,13,1,1
B_donor__RandomForest_unweighted__M11__imp271709__seed123,B|RandomForest_unweighted|M11|271709,B,123,271709,S_frozen,6,0.208,0.8447082096933729,0.003555846682322414,0.0,0.002577319587628866,0.6666666666666666,1.0,7757,388,0.07,10,0,8,1,1
B_donor__RandomForest_unweighted__M11__imp271709__seed456,B|RandomForest_unweighted|M11|271709,B,456,271709,S_frozen,6,0.188,0.7911344772717499,0.0027845672529419685,0.0,0.002577319587628866,0.5,1.0,7757,388,0.068,21,0,8,1,1
B_donor__RandomForest_unweighted__M11__imp271709__seed789,B|RandomForest_unweighted|M11|271709,B,789,271709,S_frozen,6,0.204,0.8555885262116716,0.003607111010990024,0.0,0.002577319587628866,0.5,1.0,7757,388,0.068,15,0,2,1,1
B_donor__RandomForest_unweighted__M11__imp271709__seed1024,B|RandomForest_unweighted|M11|271709,B,1024,271709,S_frozen,6,0.214,0.8305810003010365,0.0035515158574988943,0.0,0.002577319587628866,0.5,1.0,7757,388,0.07,11,0,11,1,1
B0_dropFIN87__MLP__M5_no_FIN87__seed42,B0|MLP|M5_no_FIN87,B0,42,,S_frozen,6,0.60175621509552,0.519728637165097,0.0010186080111712424,0.0,0.0,0.16666666666666666,0.0,7757,388,0.5859078168869019,1,0,1,0,0
B0_dropFIN87__MLP__M5_no_FIN87__seed123,B0|MLP|M5_no_FIN87,B0,123,,S_frozen,6,0.5555928349494934,0.49947318625553694,0.0009575512010939829,0.0010793308148947653,0.0,0.16666666666666666,0.0,7757,388,0.6153241991996765,1,0,1,0,0
B0_dropFIN87__MLP__M5_no_FIN87__seed456,B0|MLP|M5_no_FIN87,B0,456,,S_frozen,6,0.6288096308708191,0.34388035952350227,0.0006244240324681969,0.0,0.0,0.0,0.0,7757,388,0.5850378274917603,1,0,1,0,0
B0_dropFIN87__MLP__M5_no_FIN87__seed789,B0|MLP|M5_no_FIN87,B0,789,,S_frozen,6,0.6851711869239807,0.49338794994194296,0.0013021542847167582,0.0,0.002577319587628866,0.16666666666666666,1.0,7757,388,0.5961592197418213,1,0,1,1,1
B0_dropFIN87__MLP__M5_no_FIN87__seed1024,B0|MLP|M5_no_FIN87,B0,1024,,S_frozen,6,0.49870067834854126,0.5261794177095429,0.0021316346380428723,0.0015810276679841897,0.002577319587628866,0.3333333333333333,1.0,7757,388,0.5731326341629028,43,0,22,1,1
B0_dropFIN87__MLP__M11_no_FIN87__seed42,B0|MLP|M11_no_FIN87,B0,42,,S_frozen,6,0.7624282836914062,0.8014664774437708,0.015763153039103243,0.0,0.007731958762886598,0.5,3.0,7757,388,0.6033739447593689,1,0,1,3,3
B0_dropFIN87__MLP__M11_no_FIN87__seed123,B0|MLP|M11_no_FIN87,B0,123,,S_frozen,6,0.7218081951141357,0.741474218380424,0.014024105001793382,0.03278688524590164,0.007731958762886598,0.5,3.0,7757,388,0.6374801993370056,1,0,1,3,3
B0_dropFIN87__MLP__M11_no_FIN87__seed456,B0|MLP|M11_no_FIN87,B0,456,,S_frozen,6,0.728958785533905,0.7586117920268352,0.012695793942237224,0.04597701149425287,0.007731958762886598,0.5,3.0,7757,388,0.6369567513465881,1,0,1,3,3
B0_dropFIN87__MLP__M11_no_FIN87__seed789,B0|MLP|M11_no_FIN87,B0,789,,S_frozen,6,0.6138710379600525,0.6938889605642282,0.003925981704075792,0.0,0.005154639175257732,0.5,2.0,7757,388,0.5511186718940735,1,0,1,2,2
B0_dropFIN87__MLP__M11_no_FIN87__seed1024,B0|MLP|M11_no_FIN87,B0,1024,,S_frozen,6,0.611513078212738,0.7997892745022148,0.02288771099922607,0.02857142857142857,0.002577319587628866,0.16666666666666666,1.0,7757,388,0.5629091858863831,1,0,1,1,1
B0_dropFIN87__RandomForest_unweighted__M5_no_FIN87__seed42,B0|RandomForest_unweighted|M5_no_FIN87,B0,42,,S_frozen,6,0.014,0.525921386487765,0.001087795205729972,0.0017969451931716084,0.0,0.16666666666666666,0.0,7757,388,0.032,26,0,7,0,0
B0_dropFIN87__RandomForest_unweighted__M5_no_FIN87__seed123,B0|RandomForest_unweighted|M5_no_FIN87,B0,123,,S_frozen,6,0.0,0.5100632176493355,0.0008827965519535017,0.0015457941517454592,0.0,0.0,0.0,7757,388,0.03463093844409743,16,0,15,0,0
B0_dropFIN87__RandomForest_unweighted__M5_no_FIN87__seed456,B0|RandomForest_unweighted|M5_no_FIN87,B0,456,,S_frozen,6,0.0,0.515954930546596,0.0009072406260370498,0.0015457941517454592,0.0,0.0,0.0,7757,388,0.032901685312339495,1,0,1,0,0
B0_dropFIN87__RandomForest_unweighted__M5_no_FIN87__seed789,B0|RandomForest_unweighted|M5_no_FIN87,B0,789,,S_frozen,6,3.773584905660377e-05,0.5167612781146517,0.0009503193981443284,0.0013477088948787063,0.0,0.0,0.0,7757,388,0.034,20,0,14,0,0
B0_dropFIN87__RandomForest_unweighted__M5_no_FIN87__seed1024,B0|RandomForest_unweighted|M5_no_FIN87,B0,1024,,S_frozen,6,0.0003490361408563325,0.5126972863716509,0.0009082884915057718,0.0013470281192119885,0.0,0.0,0.0,7757,388,0.0336621794063861,16,0,8,0,0
B0_dropFIN87__RandomForest_unweighted__M11_no_FIN87__seed42,B0|RandomForest_unweighted|M11_no_FIN87,B0,42,,S_frozen,6,0.188,0.7741689244398573,0.0073960328893697,0.03389830508474576,0.005154639175257732,0.3333333333333333,2.0,7757,388,0.054,25,0,13,2,2
B0_dropFIN87__RandomForest_unweighted__M11_no_FIN87__seed123,B0|RandomForest_unweighted|M11_no_FIN87,B0,123,,S_frozen,6,0.27,0.8132606545391993,0.008028150698886315,0.0,0.005154639175257732,0.3333333333333333,2.0,7757,388,0.054,18,0,4,2,2
B0_dropFIN87__RandomForest_unweighted__M11_no_FIN87__seed456,B0|RandomForest_unweighted|M11_no_FIN87,B0,456,,S_frozen,6,0.206,0.8449232357115211,0.007460648358853321,0.0,0.005154639175257732,0.5,2.0,7757,388,0.054,13,0,7,2,2
B0_dropFIN87__RandomForest_unweighted__M11_no_FIN87__seed789,B0|RandomForest_unweighted|M11_no_FIN87,B0,789,,S_frozen,6,0.314,0.7568700812798349,0.007009418975166541,0.0,0.005154639175257732,0.3333333333333333,2.0,7757,388,0.054,16,0,4,2,2
B0_dropFIN87__RandomForest_unweighted__M11_no_FIN87__seed1024,B0|RandomForest_unweighted|M11_no_FIN87,B0,1024,,S_frozen,6,0.186,0.7760396507977465,0.0069064879752824895,0.0,0.005154639175257732,0.3333333333333333,2.0,7757,388,0.056,15,0,5,2,2
C_flags__RandomForest_unweighted__flags3__seed42,C|RandomForest_unweighted|flags3,C,42,,S_frozen,6,0.08109580984219628,0.7453446867070915,0.0022071493747331528,0.0,0.002577319587628866,0.0,1.0,7757,388,0.01682288572064652,1368,4,388,0,4
C_flags__RandomForest_unweighted__flags3__seed123,C|RandomForest_unweighted|flags3,C,123,,S_frozen,6,0.08180641845226101,0.7453446867070915,0.0022071493747331528,0.0,0.002577319587628866,0.0,1.0,7757,388,0.016877611988171195,1368,4,388,0,4
C_flags__RandomForest_unweighted__flags3__seed456,C|RandomForest_unweighted|flags3,C,456,,S_frozen,6,0.08115294237999894,0.7453446867070915,0.0022071493747331528,0.0,0.002577319587628866,0.0,1.0,7757,388,0.01691138611444124,1368,4,388,0,4
C_flags__RandomForest_unweighted__flags3__seed789,C|RandomForest_unweighted|flags3,C,789,,S_frozen,6,0.08159047092204824,0.7453446867070915,0.0022071493747331528,0.0,0.002577319587628866,0.0,1.0,7757,388,0.016988894195965693,1368,4,388,0,4
C_flags__RandomForest_unweighted__flags3__seed1024,C|RandomForest_unweighted|flags3,C,1024,,S_frozen,6,0.08157199960152205,0.7453446867070915,0.0022071493747331528,0.0,0.002577319587628866,0.0,1.0,7757,388,0.016778055336776978,1368,4,388,0,4
REF__V26_original_MLP_M11__42,V26|MLP|M11,REFERENCE,42,,S_frozen,6,0.7935276627540588,0.801315959231067,0.00418953392457079,0.0,0.005154639175257732,0.3333333333333333,2.0,7757,388,0.6962181329727173,1,0,1,2,2
REF__V26_primary_unweighted_RF_M11__42,V26|RandomForest_unweighted|M11,REFERENCE,42,,S_frozen,6,0.204,0.8645228572657292,0.0036803935025389303,0.0,0.002577319587628866,0.5,1.0,7757,388,0.074,16,0,11,1,1
REF__V26_reverse_GCN_M11__42,V26|GCN_reverse|M11,REFERENCE,42,,S_frozen,6,0.8834533095359802,0.8502773835634112,0.0045902022624087725,0.0,0.005154639175257732,0.5,2.0,7757,388,0.7228021025657654,1,0,1,2,2
REF__V26_reverse_SAGE_M11__42,V26|GraphSAGE_reverse|M11,REFERENCE,42,,S_frozen,6,0.7077657580375671,0.8473530297165958,0.0038627934881251573,0.0,0.002577319587628866,0.6666666666666666,1.0,7757,388,0.6278865337371826,1,0,1,1,1
REF__V26_existing_asof__MLP__M5__seed42__42,ASOF|MLP|M5,REFERENCE,42,,S_frozen,6,0.7071453928947449,0.7117361200705286,0.002172172554435567,0.0058823529411764705,0.002577319587628866,0.3333333333333333,1.0,7757,388,0.6915056705474854,1,0,1,1,1
REF__V26_existing_asof__MLP__M11__seed42__42,ASOF|MLP|M11,REFERENCE,42,,S_frozen,6,0.827336311340332,0.8022190685072894,0.004569417924012851,0.0,0.005154639175257732,0.5,2.0,7757,388,0.7083827257156372,1,0,1,2,2
REF__V26_existing_asof__RandomForest__M5__seed42__42,ASOF|RandomForest_unweighted|M5,REFERENCE,42,,S_frozen,6,0.17,0.7151872876618071,0.0022826239479756256,0.0,0.0,0.3333333333333333,0.0,7757,388,0.064,23,0,11,0,0
REF__V26_existing_asof__RandomForest__M11__seed42__42,ASOF|RandomForest_unweighted|M11,REFERENCE,42,,S_frozen,6,0.186,0.8777254547800284,0.004955027867754217,0.0,0.005154639175257732,0.6666666666666666,2.0,7757,388,0.064,18,0,14,2,2
REF__V26_original_MLP_M11__123,V26|MLP|M11,REFERENCE,123,,S_frozen,6,0.7054864764213562,0.7789532533436546,0.002982108216364338,0.0,0.002577319587628866,0.5,1.0,7757,388,0.6695516109466553,1,0,1,1,1
REF__V26_primary_unweighted_RF_M11__123,V26|RandomForest_unweighted|M11,REFERENCE,123,,S_frozen,6,0.22,0.858932180793876,0.0033824683005549,0.0,0.002577319587628866,0.3333333333333333,1.0,7757,388,0.074,12,0,6,1,1
REF__V26_reverse_GCN_M11__123,V26|GCN_reverse|M11,REFERENCE,123,,S_frozen,6,0.8293024301528931,0.9053240442093493,0.005258631404560451,0.0,0.005154639175257732,0.6666666666666666,2.0,7757,388,0.7561224699020386,1,0,1,2,2
REF__V26_reverse_SAGE_M11__123,V26|GraphSAGE_reverse|M11,REFERENCE,123,,S_frozen,6,0.8439841270446777,0.8733496753107126,0.00532040083827028,0.0,0.007731958762886598,0.6666666666666666,3.0,7757,388,0.693414032459259,1,0,1,3,3
REF__V26_existing_asof__MLP__M5__seed123__123,ASOF|MLP|M5,REFERENCE,123,,S_frozen,6,0.8652052879333496,0.6134047219713585,0.00135425282248597,0.0,0.0,0.16666666666666666,0.0,7757,388,0.6838615536689758,1,0,1,0,0
REF__V26_existing_asof__MLP__M11__seed123__123,ASOF|MLP|M11,REFERENCE,123,,S_frozen,6,0.7332101464271545,0.7674708639745409,0.003403465502316612,0.007905138339920948,0.005154639175257732,0.5,2.0,7757,388,0.6872379779815674,1,0,1,2,2
REF__V26_existing_asof__RandomForest__M5__seed123__123,ASOF|RandomForest_unweighted|M5,REFERENCE,123,,S_frozen,6,0.146,0.7542467638584269,0.0020589618470332363,0.0,0.0,0.16666666666666666,0.0,7757,388,0.062,10,0,3,0,0
REF__V26_existing_asof__RandomForest__M11__seed123__123,ASOF|RandomForest_unweighted|M11,REFERENCE,123,,S_frozen,6,0.182,0.8802842643959919,0.003880068395754924,0.0,0.002577319587628866,0.3333333333333333,1.0,7757,388,0.062,21,0,1,1,1
REF__V26_original_MLP_M11__456,V26|MLP|M11,REFERENCE,456,,S_frozen,6,0.8522984981536865,0.8223455038059605,0.004049294267964632,0.0,0.005154639175257732,0.3333333333333333,2.0,7757,388,0.7070385217666626,1,0,1,2,2
REF__V26_primary_unweighted_RF_M11__456,V26|RandomForest_unweighted|M11,REFERENCE,456,,S_frozen,6,0.204,0.8428912398400207,0.0033809207526567294,0.0,0.002577319587628866,0.16666666666666666,1.0,7757,388,0.076,15,0,13,1,1
REF__V26_reverse_GCN_M11__456,V26|GCN_reverse|M11,REFERENCE,456,,S_frozen,6,0.7018065452575684,0.8495462951017072,0.0037902566870327897,0.0,0.0,0.5,0.0,7757,388,0.6378527283668518,1,0,1,0,0
REF__V26_reverse_SAGE_M11__456,V26|GraphSAGE_reverse|M11,REFERENCE,456,,S_frozen,6,0.8057092428207397,0.7703952178213564,0.005426078077140562,0.014814814814814815,0.005154639175257732,0.5,2.0,7757,388,0.6793879866600037,1,0,1,2,2
REF__V26_existing_asof__MLP__M5__seed456__456,ASOF|MLP|M5,REFERENCE,456,,S_frozen,6,0.8705941438674927,0.6449920440373285,0.0018126851221852208,0.0,0.002577319587628866,0.3333333333333333,1.0,7757,388,0.6767798662185669,1,0,1,1,1
REF__V26_existing_asof__MLP__M11__seed456__456,ASOF|MLP|M11,REFERENCE,456,,S_frozen,6,0.858386754989624,0.828495247924999,0.004369182824084412,0.0,0.005154639175257732,0.3333333333333333,2.0,7757,388,0.7064328789710999,1,0,1,2,2
REF__V26_existing_asof__RandomForest__M5__seed456__456,ASOF|RandomForest_unweighted|M5,REFERENCE,456,,S_frozen,6,0.164,0.7515804412333893,0.002197688262218491,0.0,0.0,0.3333333333333333,0.0,7757,388,0.066,20,0,16,0,0
REF__V26_existing_asof__RandomForest__M11__seed456__456,ASOF|RandomForest_unweighted|M11,REFERENCE,456,,S_frozen,6,0.176,0.8800799896787511,0.003623844934254032,0.0,0.002577319587628866,0.3333333333333333,1.0,7757,388,0.064,12,0,7,1,1
REF__V26_original_MLP_M11__789,V26|MLP|M11,REFERENCE,789,,S_frozen,6,0.6667288541793823,0.8237216703221091,0.004933982685605853,0.00975609756097561,0.005154639175257732,0.6666666666666666,2.0,7757,388,0.6297465562820435,1,0,1,2,2
REF__V26_primary_unweighted_RF_M11__789,V26|RandomForest_unweighted|M11,REFERENCE,789,,S_frozen,6,0.222,0.8448264740033544,0.003685163524638829,0.0,0.005154639175257732,0.3333333333333333,2.0,7757,388,0.076,13,1,12,1,2
REF__V26_reverse_GCN_M11__789,V26|GCN_reverse|M11,REFERENCE,789,,S_frozen,6,0.8668327331542969,0.8710058917128973,0.004154146571562761,0.0,0.002577319587628866,0.6666666666666666,1.0,7757,388,0.7145719528198242,1,0,1,1,1
REF__V26_reverse_SAGE_M11__789,V26|GraphSAGE_reverse|M11,REFERENCE,789,,S_frozen,6,0.712661862373352,0.7977250247279921,0.004076180820273418,0.0,0.005154639175257732,0.5,2.0,7757,388,0.6518136262893677,1,0,1,2,2
REF__V26_existing_asof__MLP__M5__seed789__789,ASOF|MLP|M5,REFERENCE,789,,S_frozen,6,0.66526859998703,0.6374446308003269,0.0016540285330790823,0.0,0.0,0.3333333333333333,0.0,7757,388,0.686710000038147,1,0,1,0,0
REF__V26_existing_asof__MLP__M11__seed789__789,ASOF|MLP|M11,REFERENCE,789,,S_frozen,6,0.698163628578186,0.8226895454349976,0.004992648409162909,0.0,0.005154639175257732,0.6666666666666666,2.0,7757,388,0.6306315660476685,1,0,1,2,2
REF__V26_existing_asof__RandomForest__M5__seed789__789,ASOF|RandomForest_unweighted|M5,REFERENCE,789,,S_frozen,6,0.164,0.7724702188964865,0.002146285624032948,0.0,0.0,0.16666666666666666,0.0,7757,388,0.062,15,0,3,0,0
REF__V26_existing_asof__RandomForest__M11__seed789__789,ASOF|RandomForest_unweighted|M11,REFERENCE,789,,S_frozen,6,0.186,0.8863157442050489,0.003758206657601988,0.0,0.002577319587628866,0.3333333333333333,1.0,7757,388,0.062,17,0,1,1,1
REF__V26_original_MLP_M11__1024,V26|MLP|M11,REFERENCE,1024,,S_frozen,6,0.7793102264404297,0.8389885176106309,0.004298693699796643,0.0,0.005154639175257732,0.5,2.0,7757,388,0.6854838132858276,1,0,1,2,2
REF__V26_primary_unweighted_RF_M11__1024,V26|RandomForest_unweighted|M11,REFERENCE,1024,,S_frozen,6,0.23,0.8846277899625855,0.003911445055440289,0.0,0.002577319587628866,0.3333333333333333,1.0,7757,388,0.072,16,0,3,1,1
REF__V26_reverse_GCN_M11__1024,V26|GCN_reverse|M11,REFERENCE,1024,,S_frozen,6,0.7881815433502197,0.8383434395561863,0.002736283415669894,0.0,0.0,0.3333333333333333,0.0,7757,388,0.7439835071563721,1,0,1,0,0
REF__V26_reverse_SAGE_M11__1024,V26|GraphSAGE_reverse|M11,REFERENCE,1024,,S_frozen,6,0.7922998666763306,0.8129488668128844,0.0035288386805434435,0.0,0.005154639175257732,0.5,2.0,7757,388,0.6947004795074463,1,0,1,2,2
REF__V26_existing_asof__MLP__M5__seed1024__1024,ASOF|MLP|M5,REFERENCE,1024,,S_frozen,6,0.914283812046051,0.6615705500365544,0.0019040476111054942,0.0,0.002577319587628866,0.3333333333333333,1.0,7757,388,0.6893439292907715,1,0,1,1,1
REF__V26_existing_asof__MLP__M11__seed1024__1024,ASOF|MLP|M11,REFERENCE,1024,,S_frozen,6,0.8478824496269226,0.8523416333376339,0.005187002841599943,0.0,0.005154639175257732,0.5,2.0,7757,388,0.6989850401878357,1,0,1,2,2
REF__V26_existing_asof__RandomForest__M5__seed1024__1024,ASOF|RandomForest_unweighted|M5,REFERENCE,1024,,S_frozen,6,0.18,0.6577000817098869,0.0018338858157125645,0.0,0.0,0.3333333333333333,0.0,7757,388,0.06,19,0,2,0,0
REF__V26_existing_asof__RandomForest__M11__seed1024__1024,ASOF|RandomForest_unweighted|M11,REFERENCE,1024,,S_frozen,6,0.198,0.8913473530297167,0.00426616344960925,0.0,0.005154639175257732,0.5,2.0,7757,388,0.062,20,1,11,1,2
A_docpurged__MLP__M11__seed42,A|MLP|M11,A,42,,J_frozen,2,0.8293477892875671,0.5770868275061282,0.0004465765905387191,0.0,0.0,0.0,0.0,7753,388,0.6971926689147949,1,0,1,0,0
A_docpurged__MLP__M11__seed123,A|MLP|M11,A,123,,J_frozen,2,0.9998741149902344,0.6408850470906979,0.0005244170075219245,0.0,0.0,0.0,0.0,7753,388,0.5598463416099548,1,0,1,0,0
A_docpurged__MLP__M11__seed456,A|MLP|M11,A,456,,J_frozen,2,0.7659621834754944,0.5557992517094568,0.000434506729080545,0.0,0.0,0.0,0.0,7753,388,0.6469048261642456,1,0,1,0,0
A_docpurged__MLP__M11__seed789,A|MLP|M11,A,789,,J_frozen,2,0.6812537908554077,0.5863114436846858,0.000462805330909823,0.0,0.0,0.0,0.0,7753,388,0.6293907761573792,1,0,1,0,0
A_docpurged__MLP__M11__seed1024,A|MLP|M11,A,1024,,J_frozen,2,0.7748478055000305,0.6273384079473616,0.0005046240678550041,0.0,0.0,0.0,0.0,7753,388,0.6844969987869263,1,0,1,0,0
A_docpurged__RandomForest_unweighted__M11__seed42,A|RandomForest_unweighted|M11,A,42,,J_frozen,2,0.258,0.7455489614243324,0.0006990214410814628,0.0,0.0,0.0,0.0,7753,388,0.066,9,0,2,0,0
A_docpurged__RandomForest_unweighted__M11__seed123,A|RandomForest_unweighted|M11,A,123,,J_frozen,2,0.254,0.8258289252999613,0.001033476431368656,0.0,0.0,0.0,0.0,7753,388,0.066,14,0,6,0,0
A_docpurged__RandomForest_unweighted__M11__seed456,A|RandomForest_unweighted|M11,A,456,,J_frozen,2,0.268,0.784479422010063,0.0008598495180185874,0.0,0.0,0.0,0.0,7753,388,0.066,16,0,3,0,0
A_docpurged__RandomForest_unweighted__M11__seed789,A|RandomForest_unweighted|M11,A,789,,J_frozen,2,0.284,0.7686750096761708,0.001063264221158958,0.0,0.0,0.0,0.0,7753,388,0.064,18,0,7,0,0
A_docpurged__RandomForest_unweighted__M11__seed1024,A|RandomForest_unweighted|M11,A,1024,,J_frozen,2,0.566,0.7803186685588956,0.0008149698625889103,0.0,0.0,0.0,0.0,7753,388,0.068,14,0,14,0,0
A_docpurged__GCN_reverse__M11__seed42,A|GCN_reverse|M11,A,42,,J_frozen,2,0.8680577278137207,0.6478518900786996,0.0005725989367017165,0.0,0.0,0.0,0.0,7753,388,0.725593090057373,1,0,1,0,0
A_docpurged__GCN_reverse__M11__seed123,A|GCN_reverse|M11,A,123,,J_frozen,2,0.8207434415817261,0.8830473487291962,0.0016074233959395435,0.0,0.0,0.0,0.0,7753,388,0.7551243901252747,1,0,1,0,0
A_docpurged__GCN_reverse__M11__seed456,A|GCN_reverse|M11,A,456,,J_frozen,2,0.6426172256469727,0.7366146303702747,0.0007841544151329145,0.0,0.0,0.0,0.0,7753,388,0.6069105267524719,1,0,1,0,0
A_docpurged__GCN_reverse__M11__seed789,A|GCN_reverse|M11,A,789,,J_frozen,2,0.9159432649612427,0.792736421106954,0.0009851992990525735,0.0,0.0,0.0,0.0,7753,388,0.7209805250167847,1,0,1,0,0
A_docpurged__GCN_reverse__M11__seed1024,A|GCN_reverse|M11,A,1024,,J_frozen,2,0.9963271021842957,0.8436330796026319,0.0013806787082649152,0.0,0.0,0.5,0.0,7753,388,0.6235765814781189,1,0,1,0,0
A_docpurged__GraphSAGE_reverse__M11__seed42,A|GraphSAGE_reverse|M11,A,42,,J_frozen,2,0.6721878051757812,0.6692039736808154,0.0010206976274143391,0.0,0.0,0.5,0.0,7753,388,0.6059057116508484,1,0,1,0,0
A_docpurged__GraphSAGE_reverse__M11__seed123,A|GraphSAGE_reverse|M11,A,123,,J_frozen,2,0.8418945074081421,0.5778609211714617,0.00046961986219065275,0.0,0.0,0.0,0.0,7753,388,0.6855645775794983,1,0,1,0,0
A_docpurged__GraphSAGE_reverse__M11__seed456,A|GraphSAGE_reverse|M11,A,456,,J_frozen,2,0.9240967035293579,0.42155850857953814,0.0004537911909480477,0.0,0.0,0.0,0.0,7753,388,0.6354528665542603,1,0,1,0,0
A_docpurged__GraphSAGE_reverse__M11__seed789,A|GraphSAGE_reverse|M11,A,789,,J_frozen,2,0.6868768334388733,0.5544445877951232,0.0004217582434506772,0.0,0.0,0.0,0.0,7753,388,0.6422085165977478,1,0,1,0,0
A_docpurged__GraphSAGE_reverse__M11__seed1024,A|GraphSAGE_reverse|M11,A,1024,,J_frozen,2,0.8090844750404358,0.5338665978583408,0.00041293959804768947,0.0,0.0,0.0,0.0,7753,388,0.7036667466163635,1,0,1,0,0
B_donor__MLP__M5__imp271707__seed42,B|MLP|M5|271707,B,42,271707,J_frozen,2,0.7266632318496704,0.6695265127080376,0.0005807423845061436,0.0,0.0,0.0,0.0,7753,388,0.6975440979003906,1,0,1,0,0
B_donor__MLP__M5__imp271707__seed123,B|MLP|M5|271707,B,123,271707,J_frozen,2,0.9076050519943237,0.6216617210682492,0.0005023542936331712,0.0,0.0,0.0,0.0,7753,388,0.6939672231674194,1,0,1,0,0
B_donor__MLP__M5__imp271707__seed456,B|MLP|M5|271707,B,456,271707,J_frozen,2,0.6952233910560608,0.4699393626628822,0.0003577246733670616,0.0,0.0,0.0,0.0,7753,388,0.6445152759552002,1,0,1,0,0
B_donor__MLP__M5__imp271707__seed789,B|MLP|M5|271707,B,789,271707,J_frozen,2,0.9552740454673767,0.5346406915236743,0.0004126667840774936,0.0,0.0,0.0,0.0,7753,388,0.7195084691047668,1,0,1,0,0
B_donor__MLP__M5__imp271707__seed1024,B|MLP|M5|271707,B,1024,271707,J_frozen,2,0.8850902318954468,0.5550896658495679,0.0004238735954826748,0.0,0.0,0.0,0.0,7753,388,0.6782091856002808,1,0,1,0,0
B_donor__MLP__M11__imp271707__seed42,B|MLP|M11|271707,B,42,271707,J_frozen,2,0.789149284362793,0.5521223067991227,0.00042443482571616353,0.0,0.0,0.0,0.0,7753,388,0.6941471695899963,1,0,1,0,0
B_donor__MLP__M11__imp271707__seed123,B|MLP|M11|271707,B,123,271707,J_frozen,2,0.8172096610069275,0.6340472197135854,0.0005137458908894333,0.0,0.0,0.0,0.0,7753,388,0.6934963464736938,1,0,1,0,0
B_donor__MLP__M11__imp271707__seed456,B|MLP|M11|271707,B,456,271707,J_frozen,2,0.869680643081665,0.6655915365759257,0.0005678084231387307,0.0,0.0,0.0,0.0,7753,388,0.714461088180542,1,0,1,0,0
B_donor__MLP__M11__imp271707__seed789,B|MLP|M11|271707,B,789,271707,J_frozen,2,0.6733003854751587,0.5986969423300219,0.0005060286519834262,0.0,0.0,0.0,0.0,7753,388,0.6230270266532898,1,0,1,0,0
B_donor__MLP__M11__imp271707__seed1024,B|MLP|M11|271707,B,1024,271707,J_frozen,2,0.8811681270599365,0.6346277899625854,0.0005269770315200566,0.0,0.0,0.0,0.0,7753,388,0.7043312191963196,1,0,1,0,0
B_donor__RandomForest_unweighted__M5__imp271707__seed42,B|RandomForest_unweighted|M5|271707,B,42,271707,J_frozen,2,0.086,0.648754999354922,0.000501544707079331,0.0,0.0,0.0,0.0,7753,388,0.066,18,0,10,0,0
B_donor__RandomForest_unweighted__M5__imp271707__seed123,B|RandomForest_unweighted|M5|271707,B,123,271707,J_frozen,2,0.078,0.611501741710747,0.0004518466150304129,0.0,0.0,0.0,0.0,7753,388,0.068,16,0,4,0,0
B_donor__RandomForest_unweighted__M5__imp271707__seed456,B|RandomForest_unweighted|M5|271707,B,456,271707,J_frozen,2,0.08,0.7362598374403303,0.0006782710815637935,0.0,0.0,0.0,0.0,7753,388,0.066,23,0,7,0,0
B_donor__RandomForest_unweighted__M5__imp271707__seed789,B|RandomForest_unweighted|M5|271707,B,789,271707,J_frozen,2,0.084,0.7719971616565604,0.0007914039055907568,0.0,0.0,0.0,0.0,7753,388,0.066,16,0,4,0,0
B_donor__RandomForest_unweighted__M5__imp271707__seed1024,B|RandomForest_unweighted|M5|271707,B,1024,271707,J_frozen,2,0.13,0.6562701586892015,0.0005325146692720215,0.0,0.0,0.0,0.0,7753,388,0.066,17,0,15,0,0
B_donor__RandomForest_unweighted__M11__imp271707__seed42,B|RandomForest_unweighted|M11|271707,B,42,271707,J_frozen,2,0.16,0.6885240614114307,0.0006120926097774389,0.0,0.0,0.0,0.0,7753,388,0.068,15,0,6,0,0
B_donor__RandomForest_unweighted__M11__imp271707__seed123,B|RandomForest_unweighted|M11|271707,B,123,271707,J_frozen,2,0.224,0.6633982711908141,0.0005309300767555078,0.0,0.0,0.0,0.0,7753,388,0.068,15,0,10,0,0
B_donor__RandomForest_unweighted__M11__imp271707__seed456,B|RandomForest_unweighted|M11|271707,B,456,271707,J_frozen,2,0.188,0.6746548832408721,0.0005432387624525088,0.0,0.0,0.0,0.0,7753,388,0.068,12,0,10,0,0
B_donor__RandomForest_unweighted__M11__imp271707__seed789,B|RandomForest_unweighted|M11|271707,B,789,271707,J_frozen,2,0.224,0.6374338794994194,0.00048133007142391043,0.0,0.0,0.0,0.0,7753,388,0.07,17,0,6,0,0
B_donor__RandomForest_unweighted__M11__imp271707__seed1024,B|RandomForest_unweighted|M11|271707,B,1024,271707,J_frozen,2,0.16,0.7818668558895627,0.0008326670810319184,0.0,0.0,0.0,0.0,7753,388,0.068,11,0,4,0,0
B_donor__MLP__M5__imp271708__seed42,B|MLP|M5|271708,B,42,271708,J_frozen,2,0.9214997887611389,0.5868275061282415,0.0005630017807645014,0.0,0.0,0.0,0.0,7753,388,0.7094550132751465,1,0,1,0,0
B_donor__MLP__M5__imp271708__seed123,B|MLP|M5|271708,B,123,271708,J_frozen,2,0.6368553638458252,0.5656044381370147,0.0004519926122868154,0.0,0.0,0.0,0.0,7753,388,0.6766241788864136,1,0,1,0,0
B_donor__MLP__M5__imp271708__seed456,B|MLP|M5|271708,B,456,271708,J_frozen,2,0.6764742136001587,0.5100632176493356,0.00038396545561463196,0.0,0.0,0.0,0.0,7753,388,0.6804195046424866,1,0,1,0,0
B_donor__MLP__M5__imp271708__seed789,B|MLP|M5|271708,B,789,271708,J_frozen,2,0.8817907571792603,0.5007740936653335,0.0003877867074611516,0.0,0.0,0.0,0.0,7753,388,0.693528950214386,1,0,1,0,0
B_donor__MLP__M5__imp271708__seed1024,B|MLP|M5|271708,B,1024,271708,J_frozen,2,0.9106290936470032,0.6178557605470262,0.0004949280353136528,0.0,0.0,0.0,0.0,7753,388,0.6900362372398376,1,0,1,0,0
B_donor__MLP__M11__imp271708__seed42,B|MLP|M11|271708,B,42,271708,J_frozen,2,0.821287214756012,0.5808282802219069,0.00044999053809626497,0.0,0.0,0.0,0.0,7753,388,0.7073773145675659,1,0,1,0,0
B_donor__MLP__M11__imp271708__seed123,B|MLP|M11|271708,B,123,271708,J_frozen,2,0.7329700589179993,0.6538511159850342,0.0005451205117732838,0.0,0.0,0.0,0.0,7753,388,0.6986688375473022,1,0,1,0,0
B_donor__MLP__M11__imp271708__seed456,B|MLP|M11|271708,B,456,271708,J_frozen,2,0.8419145941734314,0.6129531673332473,0.0004943743796701873,0.0,0.0,0.0,0.0,7753,388,0.7086248993873596,1,0,1,0,0
B_donor__MLP__M11__imp271708__seed789,B|MLP|M11|271708,B,789,271708,J_frozen,2,0.6877439618110657,0.6184363307960263,0.0004932011136128645,0.0,0.0,0.0,0.0,7753,388,0.6384008526802063,1,0,1,0,0
B_donor__MLP__M11__imp271708__seed1024,B|MLP|M11|271708,B,1024,271708,J_frozen,2,0.8405713438987732,0.6430138046703651,0.000558224911412302,0.0,0.0,0.0,0.0,7753,388,0.7027406692504883,1,0,1,0,0
B_donor__RandomForest_unweighted__M5__imp271708__seed42,B|RandomForest_unweighted|M5|271708,B,42,271708,J_frozen,2,0.106,0.5816023738872403,0.0004426004021989296,0.0,0.0,0.0,0.0,7753,388,0.07,16,0,6,0,0
B_donor__RandomForest_unweighted__M5__imp271708__seed123,B|RandomForest_unweighted|M5|271708,B,123,271708,J_frozen,2,0.074,0.6311766223713069,0.0004824268665078174,0.0,0.0,0.0,0.0,7753,388,0.07,16,0,8,0,0
B_donor__RandomForest_unweighted__M5__imp271708__seed456,B|RandomForest_unweighted|M5|271708,B,456,271708,J_frozen,2,0.12,0.6340472197135854,0.0004829407268431659,0.0,0.0,0.0,0.0,7753,388,0.07,22,0,3,0,0
B_donor__RandomForest_unweighted__M5__imp271708__seed789,B|RandomForest_unweighted|M5|271708,B,789,271708,J_frozen,2,0.088,0.35169655528318927,0.00025537262264634965,0.0,0.0,0.0,0.0,7753,388,0.07,17,0,4,0,0
B_donor__RandomForest_unweighted__M5__imp271708__seed1024,B|RandomForest_unweighted|M5|271708,B,1024,271708,J_frozen,2,0.076,0.6349503289898077,0.000486010750860811,0.0,0.0,0.0,0.0,7753,388,0.07,19,0,12,0,0
B_donor__RandomForest_unweighted__M11__imp271708__seed42,B|RandomForest_unweighted|M11|271708,B,42,271708,J_frozen,2,0.228,0.5995032898980777,0.00045061650673891866,0.0,0.0,0.0,0.0,7753,388,0.068,21,0,5,0,0
B_donor__RandomForest_unweighted__M11__imp271708__seed123,B|RandomForest_unweighted|M11|271708,B,123,271708,J_frozen,2,0.116,0.618533092504193,0.0005002114596549562,0.0,0.0,0.0,0.0,7753,388,0.07,12,0,7,0,0
B_donor__RandomForest_unweighted__M11__imp271708__seed456,B|RandomForest_unweighted|M11|271708,B,456,271708,J_frozen,2,0.188,0.6893949167849309,0.000610186414748726,0.0,0.0,0.0,0.0,7753,388,0.07,22,0,11,0,0
B_donor__RandomForest_unweighted__M11__imp271708__seed789,B|RandomForest_unweighted|M11|271708,B,789,271708,J_frozen,2,0.256,0.756321764933557,0.0007417284316428729,0.0,0.0,0.0,0.0,7753,388,0.07,15,0,4,0,0
B_donor__RandomForest_unweighted__M11__imp271708__seed1024,B|RandomForest_unweighted|M11|271708,B,1024,271708,J_frozen,2,0.146,0.6925557992517095,0.0005751969077000211,0.0,0.0,0.0,0.0,7753,388,0.07,17,0,11,0,0
B_donor__MLP__M5__imp271709__seed42,B|MLP|M5|271709,B,42,271709,J_frozen,2,0.8155568242073059,0.5214810992130048,0.000394023621342572,0.0,0.0,0.0,0.0,7753,388,0.694610595703125,1,0,1,0,0
B_donor__MLP__M5__imp271709__seed123,B|MLP|M5|271709,B,123,271709,J_frozen,2,0.6556443572044373,0.4768416978454393,0.0003617664958638745,0.0,0.0,0.0,0.0,7753,388,0.6903656125068665,1,0,1,0,0
B_donor__MLP__M5__imp271709__seed456,B|MLP|M5|271709,B,456,271709,J_frozen,2,0.6876142621040344,0.4045929557476455,0.000321526036609056,0.0,0.0,0.0,0.0,7753,388,0.6544122099876404,1,0,1,0,0
B_donor__MLP__M5__imp271709__seed789,B|MLP|M5|271709,B,789,271709,J_frozen,2,0.6803777813911438,0.38169268481486257,0.0003044582111350295,0.0,0.0,0.0,0.0,7753,388,0.7073709964752197,1,0,1,0,0
B_donor__MLP__M5__imp271709__seed1024,B|MLP|M5|271709,B,1024,271709,J_frozen,2,0.6818830966949463,0.49806476583666626,0.00038202538202538206,0.0,0.0,0.0,0.0,7753,388,0.6920729279518127,1,0,1,0,0
B_donor__MLP__M11__imp271709__seed42,B|MLP|M11|271709,B,42,271709,J_frozen,2,0.768944263458252,0.5106437878983356,0.0003921821003724861,0.0,0.0,0.0,0.0,7753,388,0.6888119578361511,1,0,1,0,0
B_donor__MLP__M11__imp271709__seed123,B|MLP|M11|271709,B,123,271709,J_frozen,2,0.6950118541717529,0.5904399432331311,0.00046127825329301425,0.0,0.0,0.0,0.0,7753,388,0.6574703454971313,1,0,1,0,0
B_donor__MLP__M11__imp271709__seed456,B|MLP|M11|271709,B,456,271709,J_frozen,2,0.8774994015693665,0.5672171332731261,0.0004466957301535156,0.0,0.0,0.0,0.0,7753,388,0.7180302739143372,1,0,1,0,0
B_donor__MLP__M11__imp271709__seed789,B|MLP|M11|271709,B,789,271709,J_frozen,2,0.6902663707733154,0.579989678751129,0.00045171683346651955,0.0,0.0,0.0,0.0,7753,388,0.6337395906448364,1,0,1,0,0
B_donor__MLP__M11__imp271709__seed1024,B|MLP|M11|271709,B,1024,271709,J_frozen,2,0.823214054107666,0.5799896787511288,0.00044845785169673157,0.0,0.0,0.0,0.0,7753,388,0.7073413133621216,1,0,1,0,0
B_donor__RandomForest_unweighted__M5__imp271709__seed42,B|RandomForest_unweighted|M5|271709,B,42,271709,J_frozen,2,0.206,0.6154044639401368,0.0006222775357809583,0.0,0.0,0.0,0.0,7753,388,0.066,14,0,14,0,0
B_donor__RandomForest_unweighted__M5__imp271709__seed123,B|RandomForest_unweighted|M5|271709,B,123,271709,J_frozen,2,0.084,0.5184814862598375,0.00035301283837877617,0.0,0.0,0.0,0.0,7753,388,0.066,19,0,10,0,0
B_donor__RandomForest_unweighted__M5__imp271709__seed456,B|RandomForest_unweighted|M5|271709,B,456,271709,J_frozen,2,0.076,0.6368855631531415,0.00048615718041412665,0.0,0.0,0.0,0.0,7753,388,0.068,19,0,17,0,0
B_donor__RandomForest_unweighted__M5__imp271709__seed789,B|RandomForest_unweighted|M5|271709,B,789,271709,J_frozen,2,0.19,0.5799574248484067,0.0004113196704084877,0.0,0.0,0.0,0.0,7753,388,0.066,17,0,12,0,0
B_donor__RandomForest_unweighted__M5__imp271709__seed1024,B|RandomForest_unweighted|M5|271709,B,1024,271709,J_frozen,2,0.118,0.5810540575409624,0.0004292646048223304,0.0,0.0,0.0,0.0,7753,388,0.066,19,0,3,0,0
B_donor__RandomForest_unweighted__M11__imp271709__seed42,B|RandomForest_unweighted|M11|271709,B,42,271709,J_frozen,2,0.23,0.7263901432073281,0.000650350060665146,0.0,0.0,0.0,0.0,7753,388,0.068,21,0,14,0,0
B_donor__RandomForest_unweighted__M11__imp271709__seed123,B|RandomForest_unweighted|M11|271709,B,123,271709,J_frozen,2,0.208,0.680686363049929,0.0007552870090634441,0.0,0.0,0.0,0.0,7753,388,0.07,10,0,9,0,0
B_donor__RandomForest_unweighted__M11__imp271709__seed456,B|RandomForest_unweighted|M11|271709,B,456,271709,J_frozen,2,0.188,0.5805379950974068,0.0004200923197633724,0.0,0.0,0.0,0.0,7753,388,0.068,21,0,9,0,0
B_donor__RandomForest_unweighted__M11__imp271709__seed789,B|RandomForest_unweighted|M11|271709,B,789,271709,J_frozen,2,0.204,0.7133595665075474,0.0006222400715998251,0.0,0.0,0.0,0.0,7753,388,0.068,15,0,3,0,0
B_donor__RandomForest_unweighted__M11__imp271709__seed1024,B|RandomForest_unweighted|M11|271709,B,1024,271709,J_frozen,2,0.214,0.6415301251451426,0.00048571125584560723,0.0,0.0,0.0,0.0,7753,388,0.068,13,0,1,0,0
B0_dropFIN87__MLP__M5_no_FIN87__seed42,B0|MLP|M5_no_FIN87,B0,42,,J_frozen,2,0.60175621509552,0.32041026964262675,0.0002411398813829018,0.0,0.0,0.0,0.0,7753,388,0.5859078168869019,1,0,1,0,0
B0_dropFIN87__MLP__M5_no_FIN87__seed123,B0|MLP|M5_no_FIN87,B0,123,,J_frozen,2,0.5555928349494934,0.3220229647787382,0.0002416335052422967,0.0,0.0,0.0,0.0,7753,388,0.6153241991996765,1,0,1,0,0
B0_dropFIN87__MLP__M5_no_FIN87__seed456,B0|MLP|M5_no_FIN87,B0,456,,J_frozen,2,0.6288096308708191,0.5064507805444458,0.0003193691487239614,0.0,0.0,0.0,0.0,7753,388,0.5850378274917603,1,0,1,0,0
B0_dropFIN87__MLP__M5_no_FIN87__seed789,B0|MLP|M5_no_FIN87,B0,789,,J_frozen,2,0.6851711869239807,0.3170558637595149,0.00024366019844516724,0.0,0.0,0.0,0.0,7753,388,0.5961329936981201,1,0,1,0,0
B0_dropFIN87__MLP__M5_no_FIN87__seed1024,B0|MLP|M5_no_FIN87,B0,1024,,J_frozen,2,0.49870067834854126,0.42813830473487285,0.00028439564661338675,0.0,0.0,0.0,0.0,7753,388,0.5731326341629028,43,0,23,0,0
B0_dropFIN87__MLP__M11_no_FIN87__seed42,B0|MLP|M11_no_FIN87,B0,42,,J_frozen,2,0.7624282836914062,0.6443039607792542,0.0005436263468013966,0.0,0.0,0.0,0.0,7753,388,0.6031013131141663,1,0,1,0,0
B0_dropFIN87__MLP__M11_no_FIN87__seed123,B0|MLP|M11_no_FIN87,B0,123,,J_frozen,2,0.7218081951141357,0.57986066314024,0.0004487117011672465,0.0,0.0,0.0,0.0,7753,388,0.6370896697044373,1,0,1,0,0
B0_dropFIN87__MLP__M11_no_FIN87__seed456,B0|MLP|M11_no_FIN87,B0,456,,J_frozen,2,0.728958785533905,0.3853696297251967,0.0003101497858555803,0.0,0.0,0.0,0.0,7753,388,0.6365148425102234,1,0,1,0,0
B0_dropFIN87__MLP__M11_no_FIN87__seed789,B0|MLP|M11_no_FIN87,B0,789,,J_frozen,2,0.6138710379600525,0.6119855502515804,0.0006304257957833816,0.0,0.0,0.0,0.0,7753,388,0.5509381294250488,1,0,1,0,0
B0_dropFIN87__MLP__M11_no_FIN87__seed1024,B0|MLP|M11_no_FIN87,B0,1024,,J_frozen,2,0.611513078212738,0.5958585988904658,0.00046554775476539495,0.0,0.0,0.0,0.0,7753,388,0.5628800988197327,1,0,1,0,0
B0_dropFIN87__RandomForest_unweighted__M5_no_FIN87__seed42,B0|RandomForest_unweighted|M5_no_FIN87,B0,42,,J_frozen,2,0.014,0.6997806734614889,0.0005440659261034596,0.0,0.0,0.0,0.0,7753,388,0.032,26,0,7,0,0
B0_dropFIN87__RandomForest_unweighted__M5_no_FIN87__seed123,B0|RandomForest_unweighted|M5_no_FIN87,B0,123,,J_frozen,2,0.0,0.6981034705199329,0.0005332017786908511,0.0005157962604771116,0.0,0.0,0.0,7753,388,0.03463093844409743,16,0,15,0,0
B0_dropFIN87__RandomForest_unweighted__M5_no_FIN87__seed456,B0|RandomForest_unweighted|M5_no_FIN87,B0,456,,J_frozen,2,0.0,0.7011353373758225,0.0005388450666812159,0.0005157962604771116,0.0,0.0,0.0,7753,388,0.032901685312339495,1,0,1,0,0
B0_dropFIN87__RandomForest_unweighted__M5_no_FIN87__seed789,B0|RandomForest_unweighted|M5_no_FIN87,B0,789,,J_frozen,2,3.773584905660377e-05,0.694168494387821,0.0005299303742767333,0.0006745362563237774,0.0,0.0,0.0,7753,388,0.034,20,0,14,0,0
B0_dropFIN87__RandomForest_unweighted__M5_no_FIN87__seed1024,B0|RandomForest_unweighted|M5_no_FIN87,B0,1024,,J_frozen,2,0.0003490361408563325,0.6984260095471552,0.000538624262434472,0.0006741951795044666,0.0,0.0,0.0,7753,388,0.0336621794063861,16,0,8,0,0
B0_dropFIN87__RandomForest_unweighted__M11_no_FIN87__seed42,B0|RandomForest_unweighted|M11_no_FIN87,B0,42,,J_frozen,2,0.188,0.5535092246161786,0.00038845595941380156,0.0,0.0,0.0,0.0,7753,388,0.054,25,0,15,0,0
B0_dropFIN87__RandomForest_unweighted__M11_no_FIN87__seed123,B0|RandomForest_unweighted|M11_no_FIN87,B0,123,,J_frozen,2,0.27,0.5917946071474649,0.0004552513394777666,0.0,0.0,0.0,0.0,7753,388,0.054,18,0,6,0,0
B0_dropFIN87__RandomForest_unweighted__M11_no_FIN87__seed456,B0|RandomForest_unweighted|M11_no_FIN87,B0,456,,J_frozen,2,0.206,0.6571732679654239,0.0005073682582491144,0.0,0.0,0.0,0.0,7753,388,0.054,13,0,9,0,0
B0_dropFIN87__RandomForest_unweighted__M11_no_FIN87__seed789,B0|RandomForest_unweighted|M11_no_FIN87,B0,789,,J_frozen,2,0.314,0.42917042962198426,0.00031851985785149857,0.0,0.0,0.0,0.0,7753,388,0.054,16,0,6,0,0
B0_dropFIN87__RandomForest_unweighted__M11_no_FIN87__seed1024,B0|RandomForest_unweighted|M11_no_FIN87,B0,1024,,J_frozen,2,0.186,0.4886788801444975,0.0004460400339230887,0.0,0.0,0.0,0.0,7753,388,0.056,15,0,7,0,0
C_flags__RandomForest_unweighted__flags3__seed42,C|RandomForest_unweighted|flags3,C,42,,J_frozen,2,0.08109580984219628,0.9120113533737582,0.0014641288433382138,0.0,0.002577319587628866,0.0,1.0,7753,388,0.01682288572064652,1366,2,388,0,2
C_flags__RandomForest_unweighted__flags3__seed123,C|RandomForest_unweighted|flags3,C,123,,J_frozen,2,0.08180641845226101,0.9120113533737582,0.0014641288433382138,0.0,0.002577319587628866,0.0,1.0,7753,388,0.016877611988171195,1366,2,388,0,2
C_flags__RandomForest_unweighted__flags3__seed456,C|RandomForest_unweighted|flags3,C,456,,J_frozen,2,0.08115294237999894,0.9120113533737582,0.0014641288433382138,0.0,0.002577319587628866,0.0,1.0,7753,388,0.01691138611444124,1366,2,388,0,2
C_flags__RandomForest_unweighted__flags3__seed789,C|RandomForest_unweighted|flags3,C,789,,J_frozen,2,0.08159047092204824,0.9120113533737582,0.0014641288433382138,0.0,0.002577319587628866,0.0,1.0,7753,388,0.016988894195965693,1366,2,388,0,2
C_flags__RandomForest_unweighted__flags3__seed1024,C|RandomForest_unweighted|flags3,C,1024,,J_frozen,2,0.08157199960152205,0.9120113533737582,0.0014641288433382138,0.0,0.002577319587628866,0.0,1.0,7753,388,0.016778055336776978,1366,2,388,0,2
REF__V26_original_MLP_M11__42,V26|MLP|M11,REFERENCE,42,,J_frozen,2,0.7935276627540588,0.5463166043091214,0.000414603641638387,0.0,0.0,0.0,0.0,7753,388,0.6962171792984009,1,0,1,0,0
REF__V26_primary_unweighted_RF_M11__42,V26|RandomForest_unweighted|M11,REFERENCE,42,,J_frozen,2,0.204,0.7485163204747775,0.0007273041934682331,0.0,0.0,0.0,0.0,7753,388,0.074,16,0,12,0,0
REF__V26_reverse_GCN_M11__42,V26|GCN_reverse|M11,REFERENCE,42,,J_frozen,2,0.8834533095359802,0.6784285898593729,0.0006446523137233374,0.0,0.0,0.0,0.0,7753,388,0.7220685482025146,1,0,1,0,0
REF__V26_reverse_SAGE_M11__42,V26|GraphSAGE_reverse|M11,REFERENCE,42,,J_frozen,2,0.7077657580375671,0.7099083989162689,0.0009366238121696107,0.0,0.0,0.5,0.0,7753,388,0.6277708411216736,1,0,1,0,0
REF__V26_existing_asof__MLP__M5__seed42__42,ASOF|MLP|M5,REFERENCE,42,,J_frozen,2,0.7071453928947449,0.5399948393755645,0.00041258970597786383,0.0,0.0,0.0,0.0,7753,388,0.6914441585540771,1,0,1,0,0
REF__V26_existing_asof__MLP__M11__seed42__42,ASOF|MLP|M11,REFERENCE,42,,J_frozen,2,0.827336311340332,0.5416075345116759,0.0004119713607330475,0.0,0.0,0.0,0.0,7753,388,0.7078008651733398,1,0,1,0,0
REF__V26_existing_asof__RandomForest__M5__seed42__42,ASOF|RandomForest_unweighted|M5,REFERENCE,42,,J_frozen,2,0.17,0.7667720294155593,0.001193157443157443,0.0,0.0,0.5,0.0,7753,388,0.064,23,0,11,0,0
REF__V26_existing_asof__RandomForest__M11__seed42__42,ASOF|RandomForest_unweighted|M11,REFERENCE,42,,J_frozen,2,0.186,0.7948329247838989,0.0010276185132353116,0.0,0.0,0.5,0.0,7753,388,0.064,18,0,16,0,0
REF__V26_original_MLP_M11__123,V26|MLP|M11,REFERENCE,123,,J_frozen,2,0.7054864764213562,0.6107599019481357,0.0004931476581059616,0.0,0.0,0.0,0.0,7753,388,0.6690598130226135,1,0,1,0,0
REF__V26_primary_unweighted_RF_M11__123,V26|RandomForest_unweighted|M11,REFERENCE,123,,J_frozen,2,0.22,0.7794800670881177,0.0008220461708833801,0.0,0.0,0.0,0.0,7753,388,0.074,12,0,7,0,0
REF__V26_reverse_GCN_M11__123,V26|GCN_reverse|M11,REFERENCE,123,,J_frozen,2,0.8293024301528931,0.9032382918333118,0.0019506280852732765,0.0,0.0,0.5,0.0,7753,388,0.7555437684059143,1,0,1,0,0
REF__V26_reverse_SAGE_M11__123,V26|GraphSAGE_reverse|M11,REFERENCE,123,,J_frozen,2,0.8439841270446777,0.7128112501612696,0.0006677966703347414,0.0,0.0,0.0,0.0,7753,388,0.6929196119308472,1,0,1,0,0
REF__V26_existing_asof__MLP__M5__seed123__123,ASOF|MLP|M5,REFERENCE,123,,J_frozen,2,0.8652052879333496,0.4672945426396594,0.00035502234613063444,0.0,0.0,0.0,0.0,7753,388,0.6838615536689758,1,0,1,0,0
REF__V26_existing_asof__MLP__M11__seed123__123,ASOF|MLP|M11,REFERENCE,123,,J_frozen,2,0.7332101464271545,0.5820539285253516,0.00045033368670336754,0.0,0.0,0.0,0.0,7753,388,0.6868048310279846,1,0,1,0,0
REF__V26_existing_asof__RandomForest__M5__seed123__123,ASOF|RandomForest_unweighted|M5,REFERENCE,123,,J_frozen,2,0.146,0.7846084376209521,0.0008374136194742507,0.0,0.0,0.0,0.0,7753,388,0.062,10,0,3,0,0
REF__V26_existing_asof__RandomForest__M11__seed123__123,ASOF|RandomForest_unweighted|M11,REFERENCE,123,,J_frozen,2,0.182,0.8089923880789576,0.0009473791410429121,0.0,0.0,0.0,0.0,7753,388,0.062,21,0,2,0,0
REF__V26_original_MLP_M11__456,V26|MLP|M11,REFERENCE,456,,J_frozen,2,0.8522984981536865,0.6090826990065797,0.00048678059822256293,0.0,0.0,0.0,0.0,7753,388,0.7060686349868774,1,0,1,0,0
REF__V26_primary_unweighted_RF_M11__456,V26|RandomForest_unweighted|M11,REFERENCE,456,,J_frozen,2,0.204,0.7111340472197136,0.0008507018290089324,0.0,0.0,0.0,0.0,7753,388,0.076,15,0,14,0,0
REF__V26_reverse_GCN_M11__456,V26|GCN_reverse|M11,REFERENCE,456,,J_frozen,2,0.7018065452575684,0.7197135853438266,0.0007292957404885772,0.0,0.0,0.0,0.0,7753,388,0.6378527283668518,1,0,1,0,0
REF__V26_reverse_SAGE_M11__456,V26|GraphSAGE_reverse|M11,REFERENCE,456,,J_frozen,2,0.8057092428207397,0.43516965552831893,0.0003536401914734339,0.0,0.0,0.0,0.0,7753,388,0.6785686612129211,1,0,1,0,0
REF__V26_existing_asof__MLP__M5__seed456__456,ASOF|MLP|M5,REFERENCE,456,,J_frozen,2,0.8705941438674927,0.49296864920655403,0.0003776765746477005,0.0,0.0,0.0,0.0,7753,388,0.676630973815918,1,0,1,0,0
REF__V26_existing_asof__MLP__M11__seed456__456,ASOF|MLP|M11,REFERENCE,456,,J_frozen,2,0.858386754989624,0.6199845181266933,0.0005044706296680819,0.0,0.0,0.0,0.0,7753,388,0.7061148881912231,1,0,1,0,0
REF__V26_existing_asof__RandomForest__M5__seed456__456,ASOF|RandomForest_unweighted|M5,REFERENCE,456,,J_frozen,2,0.164,0.7900270932782867,0.0011622376553594668,0.0,0.0,0.5,0.0,7753,388,0.066,20,0,16,0,0
REF__V26_existing_asof__RandomForest__M11__seed456__456,ASOF|RandomForest_unweighted|M11,REFERENCE,456,,J_frozen,2,0.176,0.8227648045413495,0.0010302994983269471,0.0,0.0,0.0,0.0,7753,388,0.064,12,0,8,0,0
REF__V26_original_MLP_M11__789,V26|MLP|M11,REFERENCE,789,,J_frozen,2,0.6667288541793823,0.5749580699264611,0.00044896713423810597,0.0,0.0,0.0,0.0,7753,388,0.629581868648529,1,0,1,0,0
REF__V26_primary_unweighted_RF_M11__789,V26|RandomForest_unweighted|M11,REFERENCE,789,,J_frozen,2,0.222,0.6989743258934331,0.0005938299987227969,0.0,0.0,0.0,0.0,7753,388,0.074,16,0,1,0,0
REF__V26_reverse_GCN_M11__789,V26|GCN_reverse|M11,REFERENCE,789,,J_frozen,2,0.8668327331542969,0.8193781447555154,0.001741818548422446,0.0,0.002577319587628866,0.5,1.0,7753,388,0.7145719528198242,1,0,1,1,1
REF__V26_reverse_SAGE_M11__789,V26|GraphSAGE_reverse|M11,REFERENCE,789,,J_frozen,2,0.712661862373352,0.5761192104244613,0.00044337887545980027,0.0,0.0,0.0,0.0,7753,388,0.6516855359077454,1,0,1,0,0
REF__V26_existing_asof__MLP__M5__seed789__789,ASOF|MLP|M5,REFERENCE,789,,J_frozen,2,0.66526859998703,0.3982711908140885,0.00031376337244538985,0.0,0.0,0.0,0.0,7753,388,0.686710000038147,1,0,1,0,0
REF__V26_existing_asof__MLP__M11__seed789__789,ASOF|MLP|M11,REFERENCE,789,,J_frozen,2,0.698163628578186,0.568055734743904,0.0004462805473657798,0.0,0.0,0.0,0.0,7753,388,0.6305387616157532,1,0,1,0,0
REF__V26_existing_asof__RandomForest__M5__seed789__789,ASOF|RandomForest_unweighted|M5,REFERENCE,789,,J_frozen,2,0.164,0.7485163204747775,0.0009121829702695243,0.0,0.0,0.0,0.0,7753,388,0.062,15,0,3,0,0
REF__V26_existing_asof__RandomForest__M11__seed789__789,ASOF|RandomForest_unweighted|M11,REFERENCE,789,,J_frozen,2,0.186,0.8728228615662494,0.0014240093233151372,0.0,0.0,0.0,0.0,7753,388,0.062,17,0,2,0,0
REF__V26_original_MLP_M11__1024,V26|MLP|M11,REFERENCE,1024,,J_frozen,2,0.7793102264404297,0.6408205392852535,0.0005256201374499052,0.0,0.0,0.0,0.0,7753,388,0.6851556301116943,1,0,1,0,0
REF__V26_primary_unweighted_RF_M11__1024,V26|RandomForest_unweighted|M11,REFERENCE,1024,,J_frozen,2,0.23,0.8171848793704038,0.0010068491630855258,0.0,0.0,0.0,0.0,7753,388,0.072,16,0,4,0,0
REF__V26_reverse_GCN_M11__1024,V26|GCN_reverse|M11,REFERENCE,1024,,J_frozen,2,0.7881815433502197,0.8003483421494001,0.0009489542707417328,0.0,0.0,0.0,0.0,7753,388,0.7439835071563721,1,0,1,0,0
REF__V26_reverse_SAGE_M11__1024,V26|GraphSAGE_reverse|M11,REFERENCE,1024,,J_frozen,2,0.7922998666763306,0.6412075861179203,0.000535655631897915,0.0,0.0,0.0,0.0,7753,388,0.6940043568611145,1,0,1,0,0
REF__V26_existing_asof__MLP__M5__seed1024__1024,ASOF|MLP|M5,REFERENCE,1024,,J_frozen,2,0.914283812046051,0.5072248742097794,0.00039246489322763127,0.0,0.0,0.0,0.0,7753,388,0.6892550587654114,1,0,1,0,0
REF__V26_existing_asof__MLP__M11__seed1024__1024,ASOF|MLP|M11,REFERENCE,1024,,J_frozen,2,0.8478824496269226,0.6674622629338149,0.0005697042455421268,0.0,0.0,0.0,0.0,7753,388,0.6987417936325073,1,0,1,0,0
REF__V26_existing_asof__RandomForest__M5__seed1024__1024,ASOF|RandomForest_unweighted|M5,REFERENCE,1024,,J_frozen,2,0.18,0.6592375177396465,0.001031895587289856,0.0,0.0,0.5,0.0,7753,388,0.06,19,0,2,0,0
REF__V26_existing_asof__RandomForest__M11__seed1024__1024,ASOF|RandomForest_unweighted|M11,REFERENCE,1024,,J_frozen,2,0.198,0.8337633853696297,0.0010932636124434143,0.0,0.0,0.0,0.0,7753,388,0.062,19,0,12,0,0
