condition,population,metric,n_model_seeds,donor_worlds_averaged,estimate,seed_sd,seed_min,seed_max,uncertainty_type,world_mean_min,world_mean_max
ASOF|MLP|M11,full_test,roc_auc,5,1,0.8315876411170529,0.015520188368829832,0.8054486036838977,0.8433808674985145,seed_description_not_test_CI,,
ASOF|MLP|M11,full_test,ap,5,1,0.01095568241126861,0.0006146854601018406,0.010148402561474429,0.011590197395975079,seed_description_not_test_CI,,
ASOF|MLP|M11,full_test,f1_val_threshold,5,1,0.014998821320660122,0.009692394605814206,0.0,0.026845637583892617,seed_description_not_test_CI,,
ASOF|MLP|M11,full_test,p_at_5pct,5,1,0.013744075829383886,0.0030896693863519667,0.009478672985781991,0.016587677725118485,seed_description_not_test_CI,,
ASOF|MLP|M11,full_test,r_at_10fpr,5,1,0.45,0.03535533905932737,0.4,0.5,seed_description_not_test_CI,,
ASOF|MLP|M11,full_test,hits_at_budget,5,1,5.8,1.3038404810405297,4.0,7.0,seed_description_not_test_CI,,
ASOF|MLP|M5,full_test,roc_auc,5,1,0.7672786690433748,0.021994315010069283,0.7434818775995247,0.8007189542483659,seed_description_not_test_CI,,
ASOF|MLP|M5,full_test,ap,5,1,0.006716333835701185,0.0005969576041420183,0.00579391338901701,0.007170372296007723,seed_description_not_test_CI,,
ASOF|MLP|M5,full_test,f1_val_threshold,5,1,0.005511432199446333,0.007565413593504403,0.0,0.014527845036319613,seed_description_not_test_CI,,
ASOF|MLP|M5,full_test,p_at_5pct,5,1,0.006161137440758294,0.002701837500234924,0.002369668246445498,0.009478672985781991,seed_description_not_test_CI,,
ASOF|MLP|M5,full_test,r_at_10fpr,5,1,0.3,0.07071067811865474,0.2,0.35,seed_description_not_test_CI,,
ASOF|MLP|M5,full_test,hits_at_budget,5,1,2.6,1.140175425099138,1.0,4.0,seed_description_not_test_CI,,
ASOF|RandomForest_unweighted|M11,full_test,roc_auc,5,1,0.9049221628045159,0.007664087079194171,0.8931966726084374,0.9145038621509209,seed_description_not_test_CI,,
ASOF|RandomForest_unweighted|M11,full_test,ap,5,1,0.0301642814684989,0.003076280680038435,0.028296338423549453,0.03550713299406609,seed_description_not_test_CI,,
ASOF|RandomForest_unweighted|M11,full_test,f1_val_threshold,5,1,0.09794274168124055,0.012527315693912834,0.07920792079207921,0.11235955056179775,seed_description_not_test_CI,,
ASOF|RandomForest_unweighted|M11,full_test,p_at_5pct,5,1,0.02132701421800948,0.001675608486224045,0.018957345971563982,0.023696682464454975,seed_description_not_test_CI,,
ASOF|RandomForest_unweighted|M11,full_test,r_at_10fpr,5,1,0.6699999999999999,0.027386127875258272,0.65,0.7,seed_description_not_test_CI,,
ASOF|RandomForest_unweighted|M11,full_test,hits_at_budget,5,1,9.0,0.7071067811865476,8.0,10.0,seed_description_not_test_CI,,
ASOF|RandomForest_unweighted|M5,full_test,roc_auc,5,1,0.8487504456327987,0.02021286840430946,0.8220677361853834,0.8733422459893048,seed_description_not_test_CI,,
ASOF|RandomForest_unweighted|M5,full_test,ap,5,1,0.036071850355469795,0.0030844932861037937,0.03179271694051118,0.03863038583388925,seed_description_not_test_CI,,
ASOF|RandomForest_unweighted|M5,full_test,f1_val_threshold,5,1,0.08119197577137123,0.0083793789343102,0.06802721088435375,0.09090909090909091,seed_description_not_test_CI,,
ASOF|RandomForest_unweighted|M5,full_test,p_at_5pct,5,1,0.01943127962085308,0.0019826066979480466,0.016587677725118485,0.02132701421800948,seed_description_not_test_CI,,
ASOF|RandomForest_unweighted|M5,full_test,r_at_10fpr,5,1,0.5800000000000001,0.04472135954999577,0.55,0.65,seed_description_not_test_CI,,
ASOF|RandomForest_unweighted|M5,full_test,hits_at_budget,5,1,8.2,0.8366600265340756,7.0,9.0,seed_description_not_test_CI,,
A|GCN_reverse|M11,full_test,roc_auc,5,1,0.8087961972667855,0.02654941991170906,0.7651099227569815,0.8371776589423648,seed_description_not_test_CI,,
A|GCN_reverse|M11,full_test,ap,5,1,0.007927355225293467,0.0012178462593006032,0.005832189635049585,0.008764567587123673,seed_description_not_test_CI,,
A|GCN_reverse|M11,full_test,f1_val_threshold,5,1,0.008829817335077417,0.005691397662400699,0.0,0.013793103448275862,seed_description_not_test_CI,,
A|GCN_reverse|M11,full_test,p_at_5pct,5,1,0.005213270142180095,0.0030896693863519662,0.002369668246445498,0.009478672985781991,seed_description_not_test_CI,,
A|GCN_reverse|M11,full_test,r_at_10fpr,5,1,0.41,0.0894427190999916,0.3,0.5,seed_description_not_test_CI,,
A|GCN_reverse|M11,full_test,hits_at_budget,5,1,2.2,1.3038404810405297,1.0,4.0,seed_description_not_test_CI,,
A|GraphSAGE_reverse|M11,full_test,roc_auc,5,1,0.8008389780154486,0.037382977951868,0.7386215092097445,0.8386215092097444,seed_description_not_test_CI,,
A|GraphSAGE_reverse|M11,full_test,ap,5,1,0.00930088345996194,0.0010887728693753252,0.008427207110617377,0.011050825515538008,seed_description_not_test_CI,,
A|GraphSAGE_reverse|M11,full_test,f1_val_threshold,5,1,0.0077513062916733195,0.007493253021677913,0.0,0.01652892561983471,seed_description_not_test_CI,,
A|GraphSAGE_reverse|M11,full_test,p_at_5pct,5,1,0.00947867298578199,0.003746774478872487,0.004739336492890996,0.014218009478672985,seed_description_not_test_CI,,
A|GraphSAGE_reverse|M11,full_test,r_at_10fpr,5,1,0.47000000000000003,0.05700877125495691,0.4,0.55,seed_description_not_test_CI,,
A|GraphSAGE_reverse|M11,full_test,hits_at_budget,5,1,4.0,1.5811388300841898,2.0,6.0,seed_description_not_test_CI,,
A|MLP|M11,full_test,roc_auc,5,1,0.8213256090314914,0.03422191564132938,0.7618568033273916,0.8483303624480095,seed_description_not_test_CI,,
A|MLP|M11,full_test,ap,5,1,0.01098336732757069,0.0008619373526712582,0.009540410101733742,0.011834521629823538,seed_description_not_test_CI,,
A|MLP|M11,full_test,f1_val_threshold,5,1,0.012112303110137312,0.007422981742910695,0.0,0.019138755980861243,seed_description_not_test_CI,,
A|MLP|M11,full_test,p_at_5pct,5,1,0.013270142180094788,0.005191683009527641,0.004739336492890996,0.018957345971563982,seed_description_not_test_CI,,
A|MLP|M11,full_test,r_at_10fpr,5,1,0.47000000000000003,0.05700877125495691,0.4,0.55,seed_description_not_test_CI,,
A|MLP|M11,full_test,hits_at_budget,5,1,5.6,2.1908902300206643,2.0,8.0,seed_description_not_test_CI,,
A|RandomForest_unweighted|M11,full_test,roc_auc,5,1,0.851526440879382,0.011617842476174305,0.8396375519904932,0.8680065359477124,seed_description_not_test_CI,,
A|RandomForest_unweighted|M11,full_test,ap,5,1,0.01372865660428579,0.0006528728767830782,0.013130634376883546,0.014610034204559459,seed_description_not_test_CI,,
A|RandomForest_unweighted|M11,full_test,f1_val_threshold,5,1,0.0,0.0,0.0,0.0,seed_description_not_test_CI,,
A|RandomForest_unweighted|M11,full_test,p_at_5pct,5,1,0.016587677725118485,0.0,0.016587677725118485,0.016587677725118485,seed_description_not_test_CI,,
A|RandomForest_unweighted|M11,full_test,r_at_10fpr,5,1,0.49000000000000005,0.04183300132670379,0.45,0.55,seed_description_not_test_CI,,
A|RandomForest_unweighted|M11,full_test,hits_at_budget,5,1,7.0,0.0,7.0,7.0,seed_description_not_test_CI,,
B0|MLP|M11_no_FIN87,full_test,roc_auc,5,1,0.739022578728461,0.038302686749092325,0.6864289958407606,0.778267973856209,seed_description_not_test_CI,,
B0|MLP|M11_no_FIN87,full_test,ap,5,1,0.035382694194596234,0.026551151669498792,0.013733779069875291,0.06838875881145201,seed_description_not_test_CI,,
B0|MLP|M11_no_FIN87,full_test,f1_val_threshold,5,1,0.048148210953125194,0.01773429756376074,0.02040816326530612,0.06896551724137931,seed_description_not_test_CI,,
B0|MLP|M11_no_FIN87,full_test,p_at_5pct,5,1,0.013270142180094785,0.0021194957132699434,0.011848341232227487,0.016587677725118485,seed_description_not_test_CI,,
B0|MLP|M11_no_FIN87,full_test,r_at_10fpr,5,1,0.45999999999999996,0.06519202405202651,0.35,0.5,seed_description_not_test_CI,,
B0|MLP|M11_no_FIN87,full_test,hits_at_budget,5,1,5.6,0.8944271909999159,5.0,7.0,seed_description_not_test_CI,,
B0|MLP|M5_no_FIN87,full_test,roc_auc,5,1,0.5263713606654783,0.07009039884567407,0.41857694592988715,0.5932857991681522,seed_description_not_test_CI,,
B0|MLP|M5_no_FIN87,full_test,ap,5,1,0.004841654872147112,0.0035736976451477016,0.002604190551341795,0.011168606741016393,seed_description_not_test_CI,,
B0|MLP|M5_no_FIN87,full_test,f1_val_threshold,5,1,0.009693174353533993,0.01056760942828877,0.0,0.027777777777777776,seed_description_not_test_CI,,
B0|MLP|M5_no_FIN87,full_test,p_at_5pct,5,1,0.0037914691943127963,0.003965213395896093,0.0,0.009478672985781991,seed_description_not_test_CI,,
B0|MLP|M5_no_FIN87,full_test,r_at_10fpr,5,1,0.15000000000000002,0.05,0.1,0.2,seed_description_not_test_CI,,
B0|MLP|M5_no_FIN87,full_test,hits_at_budget,5,1,1.6,1.6733200530681511,0.0,4.0,seed_description_not_test_CI,,
B0|RandomForest_unweighted|M11_no_FIN87,full_test,roc_auc,5,1,0.7478972073677955,0.018090472517619118,0.7197860962566845,0.7621063576945929,seed_description_not_test_CI,,
B0|RandomForest_unweighted|M11_no_FIN87,full_test,ap,5,1,0.0199791833559948,0.004316121344427209,0.015424843726812491,0.026353989362208466,seed_description_not_test_CI,,
B0|RandomForest_unweighted|M11_no_FIN87,full_test,f1_val_threshold,5,1,0.04733266308212283,0.02754689966863742,0.0,0.06593406593406594,seed_description_not_test_CI,,
B0|RandomForest_unweighted|M11_no_FIN87,full_test,p_at_5pct,5,1,0.011848341232227487,0.0,0.011848341232227487,0.011848341232227487,seed_description_not_test_CI,,
B0|RandomForest_unweighted|M11_no_FIN87,full_test,r_at_10fpr,5,1,0.32999999999999996,0.0570087712549569,0.25,0.4,seed_description_not_test_CI,,
B0|RandomForest_unweighted|M11_no_FIN87,full_test,hits_at_budget,5,1,5.0,0.0,5.0,5.0,seed_description_not_test_CI,,
B0|RandomForest_unweighted|M5_no_FIN87,full_test,roc_auc,5,1,0.4737296494355318,0.017481848680271674,0.4607664884135472,0.5039275103980986,seed_description_not_test_CI,,
B0|RandomForest_unweighted|M5_no_FIN87,full_test,ap,5,1,0.002928055893920458,0.0002995452310410262,0.002676397269763215,0.0034239036370870522,seed_description_not_test_CI,,
B0|RandomForest_unweighted|M5_no_FIN87,full_test,f1_val_threshold,5,1,0.004718571979384175,0.0010560983706594843,0.0036991368680641184,0.00642570281124498,seed_description_not_test_CI,,
B0|RandomForest_unweighted|M5_no_FIN87,full_test,p_at_5pct,5,1,0.004739336492890996,0.0023696682464454974,0.002369668246445498,0.0071090047393364926,seed_description_not_test_CI,,
B0|RandomForest_unweighted|M5_no_FIN87,full_test,r_at_10fpr,5,1,0.16,0.022360679774997907,0.15,0.2,seed_description_not_test_CI,,
B0|RandomForest_unweighted|M5_no_FIN87,full_test,hits_at_budget,5,1,2.0,1.0,1.0,3.0,seed_description_not_test_CI,,
B|MLP|M11|271707,full_test,roc_auc,5,1,0.8301925133689838,0.01321257592237133,0.8118419489007724,0.8421033868092691,seed_description_not_test_CI,,
B|MLP|M11|271707,full_test,ap,5,1,0.01137428258849781,0.0008647450017820318,0.010410427731591957,0.01247564923599833,seed_description_not_test_CI,,
B|MLP|M11|271707,full_test,f1_val_threshold,5,1,0.011566980000948357,0.012984748427338523,0.0,0.031578947368421054,seed_description_not_test_CI,,
B|MLP|M11|271707,full_test,p_at_5pct,5,1,0.014691943127962088,0.0025958415047638217,0.011848341232227487,0.016587677725118485,seed_description_not_test_CI,,
B|MLP|M11|271707,full_test,r_at_10fpr,5,1,0.45,0.03535533905932737,0.4,0.5,seed_description_not_test_CI,,
B|MLP|M11|271707,full_test,hits_at_budget,5,1,6.2,1.0954451150103321,5.0,7.0,seed_description_not_test_CI,,
B|MLP|M11|271708,full_test,roc_auc,5,1,0.830488413547237,0.01053499176508472,0.8122043969102792,0.8382412358882947,seed_description_not_test_CI,,
B|MLP|M11|271708,full_test,ap,5,1,0.011739566078836049,0.0010148154636120746,0.010469708092926444,0.013256174350851354,seed_description_not_test_CI,,
B|MLP|M11|271708,full_test,f1_val_threshold,5,1,0.015653341195481958,0.0034109037513217187,0.012658227848101266,0.020618556701030927,seed_description_not_test_CI,,
B|MLP|M11|271708,full_test,p_at_5pct,5,1,0.013744075829383884,0.001982606697948047,0.011848341232227487,0.016587677725118485,seed_description_not_test_CI,,
B|MLP|M11|271708,full_test,r_at_10fpr,5,1,0.4600000000000001,0.04183300132670377,0.4,0.5,seed_description_not_test_CI,,
B|MLP|M11|271708,full_test,hits_at_budget,5,1,5.8,0.8366600265340756,5.0,7.0,seed_description_not_test_CI,,
B|MLP|M11|271709,full_test,roc_auc,5,1,0.8250778371954842,0.015093270899121847,0.801010101010101,0.8426678550207962,seed_description_not_test_CI,,
B|MLP|M11|271709,full_test,ap,5,1,0.010955965691013043,0.0007690460557752976,0.010027970055425422,0.011713176095215036,seed_description_not_test_CI,,
B|MLP|M11|271709,full_test,f1_val_threshold,5,1,0.017031516345005153,0.012046846793678439,0.0,0.0335195530726257,seed_description_not_test_CI,,
B|MLP|M11|271709,full_test,p_at_5pct,5,1,0.013744075829383886,0.001982606697948047,0.011848341232227487,0.016587677725118485,seed_description_not_test_CI,,
B|MLP|M11|271709,full_test,r_at_10fpr,5,1,0.42000000000000004,0.0273861278752583,0.4,0.45,seed_description_not_test_CI,,
B|MLP|M11|271709,full_test,hits_at_budget,5,1,5.8,0.8366600265340756,5.0,7.0,seed_description_not_test_CI,,
B|MLP|M5|271707,full_test,roc_auc,5,1,0.7824931669637551,0.017624172968032634,0.7647593582887701,0.8120261437908497,seed_description_not_test_CI,,
B|MLP|M5|271707,full_test,ap,5,1,0.007366051615223959,0.0007089985008439969,0.006345581963208781,0.007989796466665571,seed_description_not_test_CI,,
B|MLP|M5|271707,full_test,f1_val_threshold,5,1,0.006750394326442999,0.009248016818561472,0.0,0.01729106628242075,seed_description_not_test_CI,,
B|MLP|M5|271707,full_test,p_at_5pct,5,1,0.008530805687203791,0.002701837500234924,0.004739336492890996,0.011848341232227487,seed_description_not_test_CI,,
B|MLP|M5|271707,full_test,r_at_10fpr,5,1,0.3,0.061237243569579436,0.2,0.35,seed_description_not_test_CI,,
B|MLP|M5|271707,full_test,hits_at_budget,5,1,3.6,1.140175425099138,2.0,5.0,seed_description_not_test_CI,,
B|MLP|M5|271708,full_test,roc_auc,5,1,0.7682673796791443,0.019125080029304173,0.7480748663101604,0.7977540106951871,seed_description_not_test_CI,,
B|MLP|M5|271708,full_test,ap,5,1,0.007223549842784126,0.00040397875358246394,0.006592621847121323,0.0075925607086855555,seed_description_not_test_CI,,
B|MLP|M5|271708,full_test,f1_val_threshold,5,1,0.003919100667394118,0.00557849318814702,0.0,0.01195219123505976,seed_description_not_test_CI,,
B|MLP|M5|271708,full_test,p_at_5pct,5,1,0.0071090047393364926,0.0016756084862240464,0.004739336492890996,0.009478672985781991,seed_description_not_test_CI,,
B|MLP|M5|271708,full_test,r_at_10fpr,5,1,0.30999999999999994,0.09617692030835673,0.15,0.4,seed_description_not_test_CI,,
B|MLP|M5|271708,full_test,hits_at_budget,5,1,3.0,0.7071067811865476,2.0,4.0,seed_description_not_test_CI,,
B|MLP|M5|271709,full_test,roc_auc,5,1,0.7579964349376114,0.022768894349965155,0.7370469399881164,0.791146761734997,seed_description_not_test_CI,,
B|MLP|M5|271709,full_test,ap,5,1,0.006842080511737026,0.0008891603558336235,0.005866930665686333,0.007756677976527598,seed_description_not_test_CI,,
B|MLP|M5|271709,full_test,f1_val_threshold,5,1,0.009696140509074996,0.005930865977458179,0.0,0.015267175572519083,seed_description_not_test_CI,,
B|MLP|M5|271709,full_test,p_at_5pct,5,1,0.0066350710900473925,0.003514786012841546,0.002369668246445498,0.011848341232227487,seed_description_not_test_CI,,
B|MLP|M5|271709,full_test,r_at_10fpr,5,1,0.3,0.03535533905932737,0.25,0.35,seed_description_not_test_CI,,
B|MLP|M5|271709,full_test,hits_at_budget,5,1,2.8,1.4832396974191326,1.0,5.0,seed_description_not_test_CI,,
B|RandomForest_unweighted|M11|271707,full_test,roc_auc,5,1,0.8511366607248959,0.010331569400055808,0.8409090909090909,0.8671301247771837,seed_description_not_test_CI,,
B|RandomForest_unweighted|M11|271707,full_test,ap,5,1,0.013295433451275818,0.0008041269334309672,0.012171221297453863,0.014416859357638787,seed_description_not_test_CI,,
B|RandomForest_unweighted|M11|271707,full_test,f1_val_threshold,5,1,0.03207562317926753,0.008609184036323717,0.01904761904761905,0.038461538461538464,seed_description_not_test_CI,,
B|RandomForest_unweighted|M11|271707,full_test,p_at_5pct,5,1,0.015639810426540283,0.002119495713269944,0.014218009478672985,0.018957345971563982,seed_description_not_test_CI,,
B|RandomForest_unweighted|M11|271707,full_test,r_at_10fpr,5,1,0.5,0.05000000000000002,0.45,0.55,seed_description_not_test_CI,,
B|RandomForest_unweighted|M11|271707,full_test,hits_at_budget,5,1,6.6,0.8944271909999159,6.0,8.0,seed_description_not_test_CI,,
B|RandomForest_unweighted|M11|271708,full_test,roc_auc,5,1,0.8483339275103982,0.011341776690525761,0.8340938799762329,0.8582857991681522,seed_description_not_test_CI,,
B|RandomForest_unweighted|M11|271708,full_test,ap,5,1,0.013098459523575598,0.0008689711606399088,0.012183142841634515,0.014246136280133504,seed_description_not_test_CI,,
B|RandomForest_unweighted|M11|271708,full_test,f1_val_threshold,5,1,0.011761813292354975,0.011622330201728988,0.0,0.02666666666666667,seed_description_not_test_CI,,
B|RandomForest_unweighted|M11|271708,full_test,p_at_5pct,5,1,0.014691943127962084,0.0010597478566349724,0.014218009478672985,0.016587677725118485,seed_description_not_test_CI,,
B|RandomForest_unweighted|M11|271708,full_test,r_at_10fpr,5,1,0.5599999999999999,0.0651920240520265,0.5,0.65,seed_description_not_test_CI,,
B|RandomForest_unweighted|M11|271708,full_test,hits_at_budget,5,1,6.2,0.4472135954999579,6.0,7.0,seed_description_not_test_CI,,
B|RandomForest_unweighted|M11|271709,full_test,roc_auc,5,1,0.8573796791443851,0.012275599655407705,0.839263220439691,0.873663101604278,seed_description_not_test_CI,,
B|RandomForest_unweighted|M11|271709,full_test,ap,5,1,0.01391929375871349,0.0012907449532341948,0.01234701056284688,0.01524932497392274,seed_description_not_test_CI,,
B|RandomForest_unweighted|M11|271709,full_test,f1_val_threshold,5,1,0.03381669226830517,0.004499044341436242,0.027777777777777776,0.04,seed_description_not_test_CI,,
B|RandomForest_unweighted|M11|271709,full_test,p_at_5pct,5,1,0.015165876777251185,0.0012979207523819113,0.014218009478672985,0.016587677725118485,seed_description_not_test_CI,,
B|RandomForest_unweighted|M11|271709,full_test,r_at_10fpr,5,1,0.51,0.022360679774997918,0.5,0.55,seed_description_not_test_CI,,
B|RandomForest_unweighted|M11|271709,full_test,hits_at_budget,5,1,6.4,0.5477225575051662,6.0,7.0,seed_description_not_test_CI,,
B|RandomForest_unweighted|M5|271707,full_test,roc_auc,5,1,0.7751853832442068,0.006978900068247184,0.7661824123588828,0.7825193107546049,seed_description_not_test_CI,,
B|RandomForest_unweighted|M5|271707,full_test,ap,5,1,0.010541715414932377,0.000740251911393055,0.00981807892742014,0.011629631426436754,seed_description_not_test_CI,,
B|RandomForest_unweighted|M5|271707,full_test,f1_val_threshold,5,1,0.02204923914324497,0.005260394703912787,0.013888888888888888,0.028089887640449437,seed_description_not_test_CI,,
B|RandomForest_unweighted|M5|271707,full_test,p_at_5pct,5,1,0.012322274881516587,0.0010597478566349715,0.011848341232227487,0.014218009478672985,seed_description_not_test_CI,,
B|RandomForest_unweighted|M5|271707,full_test,r_at_10fpr,5,1,0.37,0.07582875444051551,0.25,0.45,seed_description_not_test_CI,,
B|RandomForest_unweighted|M5|271707,full_test,hits_at_budget,5,1,5.2,0.4472135954999579,5.0,6.0,seed_description_not_test_CI,,
B|RandomForest_unweighted|M5|271708,full_test,roc_auc,5,1,0.7593178847296495,0.021066046281520562,0.7323618538324421,0.7820974450386214,seed_description_not_test_CI,,
B|RandomForest_unweighted|M5|271708,full_test,ap,5,1,0.011615686227584233,0.0015450997415140312,0.009701218487374739,0.013767331153550652,seed_description_not_test_CI,,
B|RandomForest_unweighted|M5|271708,full_test,f1_val_threshold,5,1,0.022142736014652494,0.004579936222787792,0.017278617710583154,0.028708133971291867,seed_description_not_test_CI,,
B|RandomForest_unweighted|M5|271708,full_test,p_at_5pct,5,1,0.00995260663507109,0.0010597478566349706,0.009478672985781991,0.011848341232227487,seed_description_not_test_CI,,
B|RandomForest_unweighted|M5|271708,full_test,r_at_10fpr,5,1,0.32,0.04472135954999579,0.25,0.35,seed_description_not_test_CI,,
B|RandomForest_unweighted|M5|271708,full_test,hits_at_budget,5,1,4.2,0.4472135954999579,4.0,5.0,seed_description_not_test_CI,,
B|RandomForest_unweighted|M5|271709,full_test,roc_auc,5,1,0.7716631016042781,0.00980492428117399,0.7630243612596554,0.787139037433155,seed_description_not_test_CI,,
B|RandomForest_unweighted|M5|271709,full_test,ap,5,1,0.011845632737190952,0.00017190253856715502,0.011593591236844128,0.01204623875936468,seed_description_not_test_CI,,
B|RandomForest_unweighted|M5|271709,full_test,f1_val_threshold,5,1,0.028041194122429818,0.0053177703135929705,0.021739130434782608,0.03508771929824561,seed_description_not_test_CI,,
B|RandomForest_unweighted|M5|271709,full_test,p_at_5pct,5,1,0.011374407582938386,0.0010597478566349706,0.009478672985781991,0.011848341232227487,seed_description_not_test_CI,,
B|RandomForest_unweighted|M5|271709,full_test,r_at_10fpr,5,1,0.32,0.04472135954999579,0.25,0.35,seed_description_not_test_CI,,
B|RandomForest_unweighted|M5|271709,full_test,hits_at_budget,5,1,4.8,0.44721359549995787,4.0,5.0,seed_description_not_test_CI,,
C|RandomForest_unweighted|flags3,full_test,roc_auc,5,1,0.8446749851455735,1.0628962459915482e-05,0.8446702317290553,0.844693998811646,seed_description_not_test_CI,,
C|RandomForest_unweighted|flags3,full_test,ap,5,1,0.028368587056760746,5.05539237092807e-07,0.02836836097274086,0.02836949139284029,seed_description_not_test_CI,,
C|RandomForest_unweighted|flags3,full_test,f1_val_threshold,5,1,0.08080808080808081,0.0,0.08080808080808081,0.08080808080808081,seed_description_not_test_CI,,
C|RandomForest_unweighted|flags3,full_test,p_at_5pct,5,1,0.030805687203791465,3.878959614448864e-18,0.030805687203791468,0.030805687203791468,seed_description_not_test_CI,,
C|RandomForest_unweighted|flags3,full_test,r_at_10fpr,5,1,0.6,0.0,0.6,0.6,seed_description_not_test_CI,,
C|RandomForest_unweighted|flags3,full_test,hits_at_budget,5,1,13.0,0.0,13.0,13.0,seed_description_not_test_CI,,
V26|GCN_reverse|M11,full_test,roc_auc,5,1,0.818114081996435,0.01451856952192331,0.8027035056446821,0.8387462863933453,seed_description_not_test_CI,,
V26|GCN_reverse|M11,full_test,ap,5,1,0.008301840605057838,0.0009093656710046962,0.006752076253683716,0.009145460169178148,seed_description_not_test_CI,,
V26|GCN_reverse|M11,full_test,f1_val_threshold,5,1,0.008573679995391104,0.002067813064939901,0.006060606060606061,0.01098901098901099,seed_description_not_test_CI,,
V26|GCN_reverse|M11,full_test,p_at_5pct,5,1,0.005687203791469195,0.002701837500234924,0.002369668246445498,0.009478672985781991,seed_description_not_test_CI,,
V26|GCN_reverse|M11,full_test,r_at_10fpr,5,1,0.47000000000000003,0.0670820393249937,0.35,0.5,seed_description_not_test_CI,,
V26|GCN_reverse|M11,full_test,hits_at_budget,5,1,2.4,1.140175425099138,1.0,4.0,seed_description_not_test_CI,,
V26|GraphSAGE_reverse|M11,full_test,roc_auc,5,1,0.8173416518122399,0.021035354993418083,0.7982471776589424,0.8530005941770648,seed_description_not_test_CI,,
V26|GraphSAGE_reverse|M11,full_test,ap,5,1,0.009146044357349248,0.0014334634224235213,0.008312503635037265,0.011701294198120523,seed_description_not_test_CI,,
V26|GraphSAGE_reverse|M11,full_test,f1_val_threshold,5,1,0.005907044594377476,0.0054334101322289574,0.0,0.01092896174863388,seed_description_not_test_CI,,
V26|GraphSAGE_reverse|M11,full_test,p_at_5pct,5,1,0.00947867298578199,0.0023696682464454974,0.0071090047393364926,0.011848341232227487,seed_description_not_test_CI,,
V26|GraphSAGE_reverse|M11,full_test,r_at_10fpr,5,1,0.43999999999999995,0.09617692030835673,0.35,0.6,seed_description_not_test_CI,,
V26|GraphSAGE_reverse|M11,full_test,hits_at_budget,5,1,4.0,1.0,3.0,5.0,seed_description_not_test_CI,,
V26|MLP|M11,full_test,roc_auc,5,1,0.831888294711824,0.012858824573272684,0.8125252525252524,0.8422162804515746,seed_description_not_test_CI,,
V26|MLP|M11,full_test,ap,5,1,0.010937965606419487,0.0006494880010467707,0.01004467880902027,0.011571361523068953,seed_description_not_test_CI,,
V26|MLP|M11,full_test,f1_val_threshold,5,1,0.014519478674960996,0.004588317343680101,0.011299435028248588,0.022304832713754646,seed_description_not_test_CI,,
V26|MLP|M11,full_test,p_at_5pct,5,1,0.014691943127962088,0.0030896693863519662,0.009478672985781991,0.016587677725118485,seed_description_not_test_CI,,
V26|MLP|M11,full_test,r_at_10fpr,5,1,0.44000000000000006,0.022360679774997894,0.4,0.45,seed_description_not_test_CI,,
V26|MLP|M11,full_test,hits_at_budget,5,1,6.2,1.3038404810405297,4.0,7.0,seed_description_not_test_CI,,
V26|RandomForest_unweighted|M11,full_test,roc_auc,5,1,0.863868686868687,0.005564174128935324,0.8563963161021984,0.8709744503862151,seed_description_not_test_CI,,
V26|RandomForest_unweighted|M11,full_test,ap,5,1,0.014760277167452828,0.0006553972657598179,0.014189184890063287,0.015769622258573906,seed_description_not_test_CI,,
V26|RandomForest_unweighted|M11,full_test,f1_val_threshold,5,1,0.026513301932993404,0.014914806588713456,0.0,0.03508771929824561,seed_description_not_test_CI,,
V26|RandomForest_unweighted|M11,full_test,p_at_5pct,5,1,0.016587677725118485,0.0,0.016587677725118485,0.016587677725118485,seed_description_not_test_CI,,
V26|RandomForest_unweighted|M11,full_test,r_at_10fpr,5,1,0.4600000000000001,0.04183300132670377,0.4,0.5,seed_description_not_test_CI,,
V26|RandomForest_unweighted|M11,full_test,hits_at_budget,5,1,7.0,0.0,7.0,7.0,seed_description_not_test_CI,,
B_mean3|MLP|M5,full_test,roc_auc,5,3,0.769585660526837,0.018561111558624582,0.753749257278669,0.8003089720736779,fixed_world_mean_then_matched_seed_description_not_independent_15_cohorts,0.7579964349376114,0.7824931669637551
B_mean3|MLP|M5,full_test,ap,5,3,0.007143893989915037,0.0005592120168443585,0.006473138173038784,0.007744718843152491,fixed_world_mean_then_matched_seed_description_not_independent_15_cohorts,0.006842080511737026,0.007366051615223959
B_mean3|MLP|M5,full_test,f1_val_threshold,5,3,0.006788545167637371,0.003795122561540359,0.004206098843322818,0.013499229576623036,fixed_world_mean_then_matched_seed_description_not_independent_15_cohorts,0.003919100667394118,0.009696140509074996
B_mean3|MLP|M5,full_test,p_at_5pct,5,3,0.007424960505529226,0.002059779590901311,0.005529225908372828,0.010268562401263823,fixed_world_mean_then_matched_seed_description_not_independent_15_cohorts,0.0066350710900473925,0.008530805687203791
B_mean3|MLP|M5,full_test,r_at_10fpr,5,3,0.30333333333333334,0.06055300708194984,0.19999999999999998,0.35000000000000003,fixed_world_mean_then_matched_seed_description_not_independent_15_cohorts,0.3,0.30999999999999994
B_mean3|MLP|M5,full_test,hits_at_budget,5,3,3.1333333333333333,0.869226987360353,2.3333333333333335,4.333333333333333,fixed_world_mean_then_matched_seed_description_not_independent_15_cohorts,2.8,3.6
B_mean3|MLP|M11,full_test,roc_auc,5,3,0.8285862547039018,0.011499872574706015,0.8083521489403842,0.8360685284214696,fixed_world_mean_then_matched_seed_description_not_independent_15_cohorts,0.8250778371954842,0.830488413547237
B_mean3|MLP|M11,full_test,ap,5,3,0.011356604786115634,0.0008280297636297849,0.010302701959981274,0.012314489660315545,fixed_world_mean_then_matched_seed_description_not_independent_15_cohorts,0.010955965691013043,0.011739566078836049
B_mean3|MLP|M11,full_test,f1_val_threshold,5,3,0.014750612513811823,0.008797651327985474,0.0045662100456621,0.027625426072941512,fixed_world_mean_then_matched_seed_description_not_independent_15_cohorts,0.011566980000948357,0.017031516345005153
B_mean3|MLP|M11,full_test,p_at_5pct,5,3,0.014060031595576622,0.001712439446183161,0.011848341232227487,0.015797788309636653,fixed_world_mean_then_matched_seed_description_not_independent_15_cohorts,0.013744075829383884,0.014691943127962088
B_mean3|MLP|M11,full_test,r_at_10fpr,5,3,0.44333333333333336,0.02527625148017183,0.4166666666666667,0.48333333333333334,fixed_world_mean_then_matched_seed_description_not_independent_15_cohorts,0.42000000000000004,0.4600000000000001
B_mean3|MLP|M11,full_test,hits_at_budget,5,3,5.9333333333333345,0.7226494462892934,5.0,6.666666666666667,fixed_world_mean_then_matched_seed_description_not_independent_15_cohorts,5.8,6.2
B_mean3|RandomForest_unweighted|M5,full_test,roc_auc,5,3,0.7687221231927115,0.008881127902258418,0.7539918795801149,0.7779243414537532,fixed_world_mean_then_matched_seed_description_not_independent_15_cohorts,0.7593178847296495,0.7751853832442068
B_mean3|RandomForest_unweighted|M5,full_test,ap,5,3,0.011334344793235855,0.0006475253232543087,0.010521845391386517,0.012330184605610512,fixed_world_mean_then_matched_seed_description_not_independent_15_cohorts,0.010541715414932377,0.011845632737190952
B_mean3|RandomForest_unweighted|M5,full_test,f1_val_threshold,5,3,0.024077723093442426,0.0038214322222919427,0.01799221439229417,0.027398315727835177,fixed_world_mean_then_matched_seed_description_not_independent_15_cohorts,0.02204923914324497,0.028041194122429818
B_mean3|RandomForest_unweighted|M5,full_test,p_at_5pct,5,3,0.011216429699842021,0.0006608688993160153,0.010268562401263823,0.011848341232227487,fixed_world_mean_then_matched_seed_description_not_independent_15_cohorts,0.00995260663507109,0.012322274881516587
B_mean3|RandomForest_unweighted|M5,full_test,r_at_10fpr,5,3,0.3366666666666666,0.018257418583505557,0.31666666666666665,0.3666666666666667,fixed_world_mean_then_matched_seed_description_not_independent_15_cohorts,0.32,0.37
B_mean3|RandomForest_unweighted|M5,full_test,hits_at_budget,5,3,4.733333333333333,0.2788866755113586,4.333333333333333,5.0,fixed_world_mean_then_matched_seed_description_not_independent_15_cohorts,4.2,5.2
B_mean3|RandomForest_unweighted|M11,full_test,roc_auc,5,3,0.852283422459893,0.006859296182455012,0.8441889483065953,0.8595137651020005,fixed_world_mean_then_matched_seed_description_not_independent_15_cohorts,0.8483339275103982,0.8573796791443851
B_mean3|RandomForest_unweighted|M11,full_test,ap,5,3,0.013437728911188301,0.0006596843434409739,0.012842851619638338,0.014225025547423826,fixed_world_mean_then_matched_seed_description_not_independent_15_cohorts,0.013098459523575598,0.01391929375871349
B_mean3|RandomForest_unweighted|M11,full_test,f1_val_threshold,5,3,0.025884709579975896,0.0024627501705123474,0.023120148302630053,0.029179257740618535,fixed_world_mean_then_matched_seed_description_not_independent_15_cohorts,0.011761813292354975,0.03381669226830517
B_mean3|RandomForest_unweighted|M11,full_test,p_at_5pct,5,3,0.015165876777251185,0.0006608688993160168,0.014218009478672985,0.015797788309636653,fixed_world_mean_then_matched_seed_description_not_independent_15_cohorts,0.014691943127962084,0.015639810426540283
B_mean3|RandomForest_unweighted|M11,full_test,r_at_10fpr,5,3,0.5233333333333333,0.030276503540974945,0.48333333333333334,0.5666666666666668,fixed_world_mean_then_matched_seed_description_not_independent_15_cohorts,0.5,0.5599999999999999
B_mean3|RandomForest_unweighted|M11,full_test,hits_at_budget,5,3,6.4,0.2788866755113587,6.0,6.666666666666667,fixed_world_mean_then_matched_seed_description_not_independent_15_cohorts,6.2,6.6
ASOF|MLP|M11,D_frozen,roc_auc,5,1,0.670007639419404,0.020698318868310556,0.6392326627620746,0.6898395721925132,seed_description_not_test_CI,,
ASOF|MLP|M11,D_frozen,ap,5,1,0.001445858023205319,9.847021915510079e-05,0.0013384890225038983,0.0015433960397744871,seed_description_not_test_CI,,
ASOF|MLP|M11,D_frozen,f1_val_threshold,5,1,0.0,0.0,0.0,0.0,seed_description_not_test_CI,,
ASOF|MLP|M11,D_frozen,p_at_5pct,5,1,0.0,0.0,0.0,0.0,seed_description_not_test_CI,,
ASOF|MLP|M11,D_frozen,r_at_10fpr,5,1,0.05714285714285714,0.07824607964359516,0.0,0.14285714285714285,seed_description_not_test_CI,,
ASOF|MLP|M11,D_frozen,hits_at_budget,5,1,0.0,0.0,0.0,0.0,seed_description_not_test_CI,,
ASOF|MLP|M5,D_frozen,roc_auc,5,1,0.6600797894915542,0.03151301401838155,0.6281300398947458,0.7095662507427214,seed_description_not_test_CI,,
ASOF|MLP|M5,D_frozen,ap,5,1,0.001479951952449229,0.00012773311733954866,0.0013628101158083027,0.0016258695414796288,seed_description_not_test_CI,,
ASOF|MLP|M5,D_frozen,f1_val_threshold,5,1,0.0006688963210702341,0.0014956976438125682,0.0,0.0033444816053511705,seed_description_not_test_CI,,
ASOF|MLP|M5,D_frozen,p_at_5pct,5,1,0.0,0.0,0.0,0.0,seed_description_not_test_CI,,
ASOF|MLP|M5,D_frozen,r_at_10fpr,5,1,0.11428571428571428,0.06388765649999399,0.0,0.14285714285714285,seed_description_not_test_CI,,
ASOF|MLP|M5,D_frozen,hits_at_budget,5,1,0.0,0.0,0.0,0.0,seed_description_not_test_CI,,
ASOF|RandomForest_unweighted|M11,D_frozen,roc_auc,5,1,0.8211136575842458,0.02428765313016292,0.786894151600034,0.8429505135387488,seed_description_not_test_CI,,
ASOF|RandomForest_unweighted|M11,D_frozen,ap,5,1,0.0030001020870330268,0.0002473421158109771,0.002581082756395809,0.003188385745619598,seed_description_not_test_CI,,
ASOF|RandomForest_unweighted|M11,D_frozen,f1_val_threshold,5,1,0.0,0.0,0.0,0.0,seed_description_not_test_CI,,
ASOF|RandomForest_unweighted|M11,D_frozen,p_at_5pct,5,1,0.002369668246445498,0.0,0.002369668246445498,0.002369668246445498,seed_description_not_test_CI,,
ASOF|RandomForest_unweighted|M11,D_frozen,r_at_10fpr,5,1,0.37142857142857133,0.07824607964359515,0.2857142857142857,0.42857142857142855,seed_description_not_test_CI,,
ASOF|RandomForest_unweighted|M11,D_frozen,hits_at_budget,5,1,1.0,0.0,1.0,1.0,seed_description_not_test_CI,,
ASOF|RandomForest_unweighted|M5,D_frozen,roc_auc,5,1,0.7928376198964434,0.019202184556048156,0.7711909006026654,0.8179271708683473,seed_description_not_test_CI,,
ASOF|RandomForest_unweighted|M5,D_frozen,ap,5,1,0.0035315615039531465,0.00029488056415432815,0.0032339179205210715,0.0039414037110728425,seed_description_not_test_CI,,
ASOF|RandomForest_unweighted|M5,D_frozen,f1_val_threshold,5,1,0.0,0.0,0.0,0.0,seed_description_not_test_CI,,
ASOF|RandomForest_unweighted|M5,D_frozen,p_at_5pct,5,1,0.003317535545023697,0.0012979207523819102,0.002369668246445498,0.004739336492890996,seed_description_not_test_CI,,
ASOF|RandomForest_unweighted|M5,D_frozen,r_at_10fpr,5,1,0.5142857142857142,0.127775312999988,0.42857142857142855,0.7142857142857143,seed_description_not_test_CI,,
ASOF|RandomForest_unweighted|M5,D_frozen,hits_at_budget,5,1,1.4,0.5477225575051661,1.0,2.0,seed_description_not_test_CI,,
A|GCN_reverse|M11,D_frozen,roc_auc,5,1,0.7253068500127324,0.033527500066423896,0.6881588999236058,0.7667770138358374,seed_description_not_test_CI,,
A|GCN_reverse|M11,D_frozen,ap,5,1,0.003125578580120491,0.0005289574747837852,0.0023758042972988795,0.003636186829666928,seed_description_not_test_CI,,
A|GCN_reverse|M11,D_frozen,f1_val_threshold,5,1,0.008013599187227207,0.005541510568758997,0.0,0.015151515151515152,seed_description_not_test_CI,,
A|GCN_reverse|M11,D_frozen,p_at_5pct,5,1,0.002369668246445498,0.0,0.002369668246445498,0.002369668246445498,seed_description_not_test_CI,,
A|GCN_reverse|M11,D_frozen,r_at_10fpr,5,1,0.2857142857142857,0.10101525445522107,0.14285714285714285,0.42857142857142855,seed_description_not_test_CI,,
A|GCN_reverse|M11,D_frozen,hits_at_budget,5,1,1.0,0.0,1.0,1.0,seed_description_not_test_CI,,
A|GraphSAGE_reverse|M11,D_frozen,roc_auc,5,1,0.6456226126814363,0.052961576035563375,0.5541804600628131,0.6865631100925218,seed_description_not_test_CI,,
A|GraphSAGE_reverse|M11,D_frozen,ap,5,1,0.001514363549748664,0.0002565855916618661,0.0012363485648437629,0.0018975020908276598,seed_description_not_test_CI,,
A|GraphSAGE_reverse|M11,D_frozen,f1_val_threshold,5,1,0.0,0.0,0.0,0.0,seed_description_not_test_CI,,
A|GraphSAGE_reverse|M11,D_frozen,p_at_5pct,5,1,0.0,0.0,0.0,0.0,seed_description_not_test_CI,,
A|GraphSAGE_reverse|M11,D_frozen,r_at_10fpr,5,1,0.1714285714285714,0.1564921592871903,0.0,0.42857142857142855,seed_description_not_test_CI,,
A|GraphSAGE_reverse|M11,D_frozen,hits_at_budget,5,1,0.0,0.0,0.0,0.0,seed_description_not_test_CI,,
A|MLP|M11,D_frozen,roc_auc,5,1,0.6691893727187844,0.017051103317691024,0.6551056786350904,0.6979713097360156,seed_description_not_test_CI,,
A|MLP|M11,D_frozen,ap,5,1,0.001451626713620153,7.975560074938626e-05,0.0013100188297417098,0.0014995468689955984,seed_description_not_test_CI,,
A|MLP|M11,D_frozen,f1_val_threshold,5,1,0.0,0.0,0.0,0.0,seed_description_not_test_CI,,
A|MLP|M11,D_frozen,p_at_5pct,5,1,0.0,0.0,0.0,0.0,seed_description_not_test_CI,,
A|MLP|M11,D_frozen,r_at_10fpr,5,1,0.05714285714285714,0.07824607964359516,0.0,0.14285714285714285,seed_description_not_test_CI,,
A|MLP|M11,D_frozen,hits_at_budget,5,1,0.0,0.0,0.0,0.0,seed_description_not_test_CI,,
A|RandomForest_unweighted|M11,D_frozen,roc_auc,5,1,0.7135608182667006,0.026471060548701804,0.6877005347593583,0.749129955012308,seed_description_not_test_CI,,
A|RandomForest_unweighted|M11,D_frozen,ap,5,1,0.0016278148221844202,0.000167905903090406,0.0014868212635505485,0.0018994750383553392,seed_description_not_test_CI,,
A|RandomForest_unweighted|M11,D_frozen,f1_val_threshold,5,1,0.0,0.0,0.0,0.0,seed_description_not_test_CI,,
A|RandomForest_unweighted|M11,D_frozen,p_at_5pct,5,1,0.0,0.0,0.0,0.0,seed_description_not_test_CI,,
A|RandomForest_unweighted|M11,D_frozen,r_at_10fpr,5,1,0.11428571428571428,0.06388765649999399,0.0,0.14285714285714285,seed_description_not_test_CI,,
A|RandomForest_unweighted|M11,D_frozen,hits_at_budget,5,1,0.0,0.0,0.0,0.0,seed_description_not_test_CI,,
B0|MLP|M11_no_FIN87,D_frozen,roc_auc,5,1,0.5558832017655547,0.019975883487541965,0.5305491893727188,0.5839911722264663,seed_description_not_test_CI,,
B0|MLP|M11_no_FIN87,D_frozen,ap,5,1,0.0011578849368573108,0.0001346905280441018,0.0009593060845660706,0.0012968270219959027,seed_description_not_test_CI,,
B0|MLP|M11_no_FIN87,D_frozen,f1_val_threshold,5,1,0.0,0.0,0.0,0.0,seed_description_not_test_CI,,
B0|MLP|M11_no_FIN87,D_frozen,p_at_5pct,5,1,0.0,0.0,0.0,0.0,seed_description_not_test_CI,,
B0|MLP|M11_no_FIN87,D_frozen,r_at_10fpr,5,1,0.05714285714285714,0.07824607964359516,0.0,0.14285714285714285,seed_description_not_test_CI,,
B0|MLP|M11_no_FIN87,D_frozen,hits_at_budget,5,1,0.0,0.0,0.0,0.0,seed_description_not_test_CI,,
B0|MLP|M5_no_FIN87,D_frozen,roc_auc,5,1,0.47743994567523984,0.0831896255798163,0.38743739920210507,0.5941685765215177,seed_description_not_test_CI,,
B0|MLP|M5_no_FIN87,D_frozen,ap,5,1,0.00123241667672695,0.0007771117004628538,0.0007295419140868814,0.002562357472047253,seed_description_not_test_CI,,
B0|MLP|M5_no_FIN87,D_frozen,f1_val_threshold,5,1,0.0008990235507005924,0.0013524246651109115,0.0,0.00303951367781155,seed_description_not_test_CI,,
B0|MLP|M5_no_FIN87,D_frozen,p_at_5pct,5,1,0.00047393364928909954,0.0010597478566349715,0.0,0.002369668246445498,seed_description_not_test_CI,,
B0|MLP|M5_no_FIN87,D_frozen,r_at_10fpr,5,1,0.05714285714285714,0.07824607964359516,0.0,0.14285714285714285,seed_description_not_test_CI,,
B0|MLP|M5_no_FIN87,D_frozen,hits_at_budget,5,1,0.2,0.447213595499958,0.0,1.0,seed_description_not_test_CI,,
B0|RandomForest_unweighted|M11_no_FIN87,D_frozen,roc_auc,5,1,0.5049690179101944,0.03004777130226319,0.47372039724980897,0.5395552160258043,seed_description_not_test_CI,,
B0|RandomForest_unweighted|M11_no_FIN87,D_frozen,ap,5,1,0.001070514742567044,0.00010627367572502839,0.0009330240204741954,0.0011820251558354138,seed_description_not_test_CI,,
B0|RandomForest_unweighted|M11_no_FIN87,D_frozen,f1_val_threshold,5,1,0.0,0.0,0.0,0.0,seed_description_not_test_CI,,
B0|RandomForest_unweighted|M11_no_FIN87,D_frozen,p_at_5pct,5,1,0.0,0.0,0.0,0.0,seed_description_not_test_CI,,
B0|RandomForest_unweighted|M11_no_FIN87,D_frozen,r_at_10fpr,5,1,0.11428571428571428,0.06388765649999399,0.0,0.14285714285714285,seed_description_not_test_CI,,
B0|RandomForest_unweighted|M11_no_FIN87,D_frozen,hits_at_budget,5,1,0.0,0.0,0.0,0.0,seed_description_not_test_CI,,
B0|RandomForest_unweighted|M5_no_FIN87,D_frozen,roc_auc,5,1,0.5410338680926916,0.011818469602904346,0.5318394024276377,0.5617095322977675,seed_description_not_test_CI,,
B0|RandomForest_unweighted|M5_no_FIN87,D_frozen,ap,5,1,0.0012007579458292255,0.00010691976341077776,0.0010903057455954638,0.0013508029358096029,seed_description_not_test_CI,,
B0|RandomForest_unweighted|M5_no_FIN87,D_frozen,f1_val_threshold,5,1,0.0016699982659438527,0.00011342571134327587,0.0015460729746444033,0.0018547140649149924,seed_description_not_test_CI,,
B0|RandomForest_unweighted|M5_no_FIN87,D_frozen,p_at_5pct,5,1,0.0014218009478672987,0.0012979207523819104,0.0,0.002369668246445498,seed_description_not_test_CI,,
B0|RandomForest_unweighted|M5_no_FIN87,D_frozen,r_at_10fpr,5,1,0.14285714285714285,0.0,0.14285714285714285,0.14285714285714285,seed_description_not_test_CI,,
B0|RandomForest_unweighted|M5_no_FIN87,D_frozen,hits_at_budget,5,1,0.6,0.5477225575051662,0.0,1.0,seed_description_not_test_CI,,
B|MLP|M11|271707,D_frozen,roc_auc,5,1,0.673389355742297,0.013899576300350276,0.6518801459977931,0.6865121806298277,seed_description_not_test_CI,,
B|MLP|M11|271707,D_frozen,ap,5,1,0.0014446837075772726,6.750213280325704e-05,0.0013812998036618626,0.0015447762651235176,seed_description_not_test_CI,,
B|MLP|M11|271707,D_frozen,f1_val_threshold,5,1,0.0,0.0,0.0,0.0,seed_description_not_test_CI,,
B|MLP|M11|271707,D_frozen,p_at_5pct,5,1,0.0,0.0,0.0,0.0,seed_description_not_test_CI,,
B|MLP|M11|271707,D_frozen,r_at_10fpr,5,1,0.02857142857142857,0.06388765649999399,0.0,0.14285714285714285,seed_description_not_test_CI,,
B|MLP|M11|271707,D_frozen,hits_at_budget,5,1,0.0,0.0,0.0,0.0,seed_description_not_test_CI,,
B|MLP|M11|271708,D_frozen,roc_auc,5,1,0.6675766064001358,0.01370386725005356,0.6566675154910449,0.6906204906204907,seed_description_not_test_CI,,
B|MLP|M11|271708,D_frozen,ap,5,1,0.001399255875031155,9.465268080364283e-05,0.0013001832397882898,0.0015559803037594852,seed_description_not_test_CI,,
B|MLP|M11|271708,D_frozen,f1_val_threshold,5,1,0.0,0.0,0.0,0.0,seed_description_not_test_CI,,
B|MLP|M11|271708,D_frozen,p_at_5pct,5,1,0.0,0.0,0.0,0.0,seed_description_not_test_CI,,
B|MLP|M11|271708,D_frozen,r_at_10fpr,5,1,0.02857142857142857,0.06388765649999399,0.0,0.14285714285714285,seed_description_not_test_CI,,
B|MLP|M11|271708,D_frozen,hits_at_budget,5,1,0.0,0.0,0.0,0.0,seed_description_not_test_CI,,
B|MLP|M11|271709,D_frozen,roc_auc,5,1,0.6555912061794414,0.022289270280915,0.6255835667600373,0.6877514642220525,seed_description_not_test_CI,,
B|MLP|M11|271709,D_frozen,ap,5,1,0.0013561161484988073,8.93015536958869e-05,0.0012419092563957217,0.0014688514586218468,seed_description_not_test_CI,,
B|MLP|M11|271709,D_frozen,f1_val_threshold,5,1,0.0,0.0,0.0,0.0,seed_description_not_test_CI,,
B|MLP|M11|271709,D_frozen,p_at_5pct,5,1,0.0,0.0,0.0,0.0,seed_description_not_test_CI,,
B|MLP|M11|271709,D_frozen,r_at_10fpr,5,1,0.02857142857142857,0.06388765649999399,0.0,0.14285714285714285,seed_description_not_test_CI,,
B|MLP|M11|271709,D_frozen,hits_at_budget,5,1,0.0,0.0,0.0,0.0,seed_description_not_test_CI,,
B|MLP|M5|271707,D_frozen,roc_auc,5,1,0.6832255326372974,0.03459451957653808,0.6544266191325014,0.7392581274934217,seed_description_not_test_CI,,
B|MLP|M5|271707,D_frozen,ap,5,1,0.0014635079076310096,0.00013979920788442018,0.0013604704394580898,0.001706413092794727,seed_description_not_test_CI,,
B|MLP|M5|271707,D_frozen,f1_val_threshold,5,1,0.0,0.0,0.0,0.0,seed_description_not_test_CI,,
B|MLP|M5|271707,D_frozen,p_at_5pct,5,1,0.0,0.0,0.0,0.0,seed_description_not_test_CI,,
B|MLP|M5|271707,D_frozen,r_at_10fpr,5,1,0.02857142857142857,0.06388765649999399,0.0,0.14285714285714285,seed_description_not_test_CI,,
B|MLP|M5|271707,D_frozen,hits_at_budget,5,1,0.0,0.0,0.0,0.0,seed_description_not_test_CI,,
B|MLP|M5|271708,D_frozen,roc_auc,5,1,0.6601341142517614,0.03776329204185646,0.6022748493336729,0.705050505050505,seed_description_not_test_CI,,
B|MLP|M5|271708,D_frozen,ap,5,1,0.0014060752899802873,0.00014935855289444183,0.0012354448884489878,0.0016082554723832793,seed_description_not_test_CI,,
B|MLP|M5|271708,D_frozen,f1_val_threshold,5,1,0.0,0.0,0.0,0.0,seed_description_not_test_CI,,
B|MLP|M5|271708,D_frozen,p_at_5pct,5,1,0.0,0.0,0.0,0.0,seed_description_not_test_CI,,
B|MLP|M5|271708,D_frozen,r_at_10fpr,5,1,0.05714285714285714,0.07824607964359516,0.0,0.14285714285714285,seed_description_not_test_CI,,
B|MLP|M5|271708,D_frozen,hits_at_budget,5,1,0.0,0.0,0.0,0.0,seed_description_not_test_CI,,
B|MLP|M5|271709,D_frozen,roc_auc,5,1,0.6407164077752313,0.03655590393246173,0.595654019183431,0.6969357439945675,seed_description_not_test_CI,,
B|MLP|M5|271709,D_frozen,ap,5,1,0.00134957695082558,0.00016458518374892856,0.0012318473754457677,0.001626584847354959,seed_description_not_test_CI,,
B|MLP|M5|271709,D_frozen,f1_val_threshold,5,1,0.0006472491909385113,0.0014472931893202523,0.0,0.003236245954692557,seed_description_not_test_CI,,
B|MLP|M5|271709,D_frozen,p_at_5pct,5,1,0.0,0.0,0.0,0.0,seed_description_not_test_CI,,
B|MLP|M5|271709,D_frozen,r_at_10fpr,5,1,0.02857142857142857,0.06388765649999399,0.0,0.14285714285714285,seed_description_not_test_CI,,
B|MLP|M5|271709,D_frozen,hits_at_budget,5,1,0.0,0.0,0.0,0.0,seed_description_not_test_CI,,
B|RandomForest_unweighted|M11|271707,D_frozen,roc_auc,5,1,0.7127408539173246,0.030117894797128387,0.6819794584500467,0.7554876496052967,seed_description_not_test_CI,,
B|RandomForest_unweighted|M11|271707,D_frozen,ap,5,1,0.0016200925937314627,0.0002190832530798566,0.0014491493502851041,0.001971927016870299,seed_description_not_test_CI,,
B|RandomForest_unweighted|M11|271707,D_frozen,f1_val_threshold,5,1,0.0,0.0,0.0,0.0,seed_description_not_test_CI,,
B|RandomForest_unweighted|M11|271707,D_frozen,p_at_5pct,5,1,0.0,0.0,0.0,0.0,seed_description_not_test_CI,,
B|RandomForest_unweighted|M11|271707,D_frozen,r_at_10fpr,5,1,0.11428571428571428,0.06388765649999399,0.0,0.14285714285714285,seed_description_not_test_CI,,
B|RandomForest_unweighted|M11|271707,D_frozen,hits_at_budget,5,1,0.0,0.0,0.0,0.0,seed_description_not_test_CI,,
B|RandomForest_unweighted|M11|271708,D_frozen,roc_auc,5,1,0.6842610983787454,0.02381781345903406,0.652160258042611,0.7070707070707071,seed_description_not_test_CI,,
B|RandomForest_unweighted|M11|271708,D_frozen,ap,5,1,0.0014603455965694879,0.00010417814275836144,0.00130366829931875,0.0015491390295688373,seed_description_not_test_CI,,
B|RandomForest_unweighted|M11|271708,D_frozen,f1_val_threshold,5,1,0.0,0.0,0.0,0.0,seed_description_not_test_CI,,
B|RandomForest_unweighted|M11|271708,D_frozen,p_at_5pct,5,1,0.0,0.0,0.0,0.0,seed_description_not_test_CI,,
B|RandomForest_unweighted|M11|271708,D_frozen,r_at_10fpr,5,1,0.14285714285714285,0.0,0.14285714285714285,0.14285714285714285,seed_description_not_test_CI,,
B|RandomForest_unweighted|M11|271708,D_frozen,hits_at_budget,5,1,0.0,0.0,0.0,0.0,seed_description_not_test_CI,,
B|RandomForest_unweighted|M11|271709,D_frozen,roc_auc,5,1,0.7181648416942534,0.035958705368217214,0.663857057974705,0.7602835073423309,seed_description_not_test_CI,,
B|RandomForest_unweighted|M11|271709,D_frozen,ap,5,1,0.0016942944339524118,0.00023898229136177902,0.0013272933617681833,0.0019063255756768538,seed_description_not_test_CI,,
B|RandomForest_unweighted|M11|271709,D_frozen,f1_val_threshold,5,1,0.0,0.0,0.0,0.0,seed_description_not_test_CI,,
B|RandomForest_unweighted|M11|271709,D_frozen,p_at_5pct,5,1,0.0,0.0,0.0,0.0,seed_description_not_test_CI,,
B|RandomForest_unweighted|M11|271709,D_frozen,r_at_10fpr,5,1,0.14285714285714285,0.0,0.14285714285714285,0.14285714285714285,seed_description_not_test_CI,,
B|RandomForest_unweighted|M11|271709,D_frozen,hits_at_budget,5,1,0.0,0.0,0.0,0.0,seed_description_not_test_CI,,
B|RandomForest_unweighted|M5|271707,D_frozen,roc_auc,5,1,0.6933367286308464,0.025576712443946284,0.6632543926661574,0.7254138018843901,seed_description_not_test_CI,,
B|RandomForest_unweighted|M5|271707,D_frozen,ap,5,1,0.0018074359996095412,0.00016908431612437126,0.0016542410572917502,0.002095723496711647,seed_description_not_test_CI,,
B|RandomForest_unweighted|M5|271707,D_frozen,f1_val_threshold,5,1,0.0010050251256281408,0.002247304499999789,0.0,0.005025125628140704,seed_description_not_test_CI,,
B|RandomForest_unweighted|M5|271707,D_frozen,p_at_5pct,5,1,0.0018957345971563982,0.0010597478566349715,0.0,0.002369668246445498,seed_description_not_test_CI,,
B|RandomForest_unweighted|M5|271707,D_frozen,r_at_10fpr,5,1,0.14285714285714285,0.0,0.14285714285714285,0.14285714285714285,seed_description_not_test_CI,,
B|RandomForest_unweighted|M5|271707,D_frozen,hits_at_budget,5,1,0.8,0.4472135954999579,0.0,1.0,seed_description_not_test_CI,,
B|RandomForest_unweighted|M5|271708,D_frozen,roc_auc,5,1,0.6633952975129447,0.03064353207214336,0.632433579492403,0.7100246159069689,seed_description_not_test_CI,,
B|RandomForest_unweighted|M5|271708,D_frozen,ap,5,1,0.001499597695728782,6.208089369039046e-05,0.001420549584474334,0.0015631009360680163,seed_description_not_test_CI,,
B|RandomForest_unweighted|M5|271708,D_frozen,f1_val_threshold,5,1,0.0,0.0,0.0,0.0,seed_description_not_test_CI,,
B|RandomForest_unweighted|M5|271708,D_frozen,p_at_5pct,5,1,0.0009478672985781991,0.0012979207523819104,0.0,0.002369668246445498,seed_description_not_test_CI,,
B|RandomForest_unweighted|M5|271708,D_frozen,r_at_10fpr,5,1,0.14285714285714285,0.0,0.14285714285714285,0.14285714285714285,seed_description_not_test_CI,,
B|RandomForest_unweighted|M5|271708,D_frozen,hits_at_budget,5,1,0.4,0.5477225575051662,0.0,1.0,seed_description_not_test_CI,,
B|RandomForest_unweighted|M5|271709,D_frozen,roc_auc,5,1,0.6689194465665054,0.042531804101354535,0.6237161531279178,0.7356676003734827,seed_description_not_test_CI,,
B|RandomForest_unweighted|M5|271709,D_frozen,ap,5,1,0.0016436750801077777,0.000198376187399616,0.0014680262850546427,0.001977889201923201,seed_description_not_test_CI,,
B|RandomForest_unweighted|M5|271709,D_frozen,f1_val_threshold,5,1,0.0022037074668653615,0.0030379246807642787,0.0,0.006006006006006006,seed_description_not_test_CI,,
B|RandomForest_unweighted|M5|271709,D_frozen,p_at_5pct,5,1,0.0018957345971563982,0.0010597478566349713,0.0,0.002369668246445498,seed_description_not_test_CI,,
B|RandomForest_unweighted|M5|271709,D_frozen,r_at_10fpr,5,1,0.14285714285714285,0.0,0.14285714285714285,0.14285714285714285,seed_description_not_test_CI,,
B|RandomForest_unweighted|M5|271709,D_frozen,hits_at_budget,5,1,0.8,0.44721359549995804,0.0,1.0,seed_description_not_test_CI,,
C|RandomForest_unweighted|flags3,D_frozen,roc_auc,5,1,0.7848552754435107,1.5184232085550987e-05,0.7848484848484849,0.7848824378236143,seed_description_not_test_CI,,
C|RandomForest_unweighted|flags3,D_frozen,ap,5,1,0.005889425661172322,2.2866739002523637e-07,0.0058893233980066555,0.005889834713834989,seed_description_not_test_CI,,
C|RandomForest_unweighted|flags3,D_frozen,f1_val_threshold,5,1,0.02181818181818182,0.0,0.02181818181818182,0.02181818181818182,seed_description_not_test_CI,,
C|RandomForest_unweighted|flags3,D_frozen,p_at_5pct,5,1,0.009478672985781991,0.0,0.009478672985781991,0.009478672985781991,seed_description_not_test_CI,,
C|RandomForest_unweighted|flags3,D_frozen,r_at_10fpr,5,1,0.42857142857142855,0.0,0.42857142857142855,0.42857142857142855,seed_description_not_test_CI,,
C|RandomForest_unweighted|flags3,D_frozen,hits_at_budget,5,1,4.0,0.0,4.0,4.0,seed_description_not_test_CI,,
V26|GCN_reverse|M11,D_frozen,roc_auc,5,1,0.7259519565401918,0.039229003207025465,0.6787029963500553,0.7703250997368645,seed_description_not_test_CI,,
V26|GCN_reverse|M11,D_frozen,ap,5,1,0.0033277309466456435,0.0006730352583271893,0.0024543387542589894,0.004059127663518434,seed_description_not_test_CI,,
V26|GCN_reverse|M11,D_frozen,f1_val_threshold,5,1,0.009106115516430943,0.0023215248337017922,0.006309148264984227,0.011834319526627219,seed_description_not_test_CI,,
V26|GCN_reverse|M11,D_frozen,p_at_5pct,5,1,0.0028436018957345975,0.0010597478566349715,0.002369668246445498,0.004739336492890996,seed_description_not_test_CI,,
V26|GCN_reverse|M11,D_frozen,r_at_10fpr,5,1,0.3142857142857142,0.11952286093343935,0.14285714285714285,0.42857142857142855,seed_description_not_test_CI,,
V26|GCN_reverse|M11,D_frozen,hits_at_budget,5,1,1.2,0.4472135954999579,1.0,2.0,seed_description_not_test_CI,,
V26|GraphSAGE_reverse|M11,D_frozen,roc_auc,5,1,0.6699261522790934,0.0544117017665164,0.5929038281979458,0.7230965113318055,seed_description_not_test_CI,,
V26|GraphSAGE_reverse|M11,D_frozen,ap,5,1,0.0016291665005520504,0.00031092674871469153,0.001274189622633795,0.0019638645208663956,seed_description_not_test_CI,,
V26|GraphSAGE_reverse|M11,D_frozen,f1_val_threshold,5,1,0.0,0.0,0.0,0.0,seed_description_not_test_CI,,
V26|GraphSAGE_reverse|M11,D_frozen,p_at_5pct,5,1,0.00047393364928909954,0.0010597478566349715,0.0,0.002369668246445498,seed_description_not_test_CI,,
V26|GraphSAGE_reverse|M11,D_frozen,r_at_10fpr,5,1,0.14285714285714285,0.0,0.14285714285714285,0.14285714285714285,seed_description_not_test_CI,,
V26|GraphSAGE_reverse|M11,D_frozen,hits_at_budget,5,1,0.2,0.447213595499958,0.0,1.0,seed_description_not_test_CI,,
V26|MLP|M11,D_frozen,roc_auc,5,1,0.673752652576182,0.017467946134844835,0.6472455648926237,0.6910618792971734,seed_description_not_test_CI,,
V26|MLP|M11,D_frozen,ap,5,1,0.0014434655226067516,9.795422081950548e-05,0.001282775188720358,0.0015177784015506417,seed_description_not_test_CI,,
V26|MLP|M11,D_frozen,f1_val_threshold,5,1,0.0,0.0,0.0,0.0,seed_description_not_test_CI,,
V26|MLP|M11,D_frozen,p_at_5pct,5,1,0.0,0.0,0.0,0.0,seed_description_not_test_CI,,
V26|MLP|M11,D_frozen,r_at_10fpr,5,1,0.08571428571428572,0.07824607964359516,0.0,0.14285714285714285,seed_description_not_test_CI,,
V26|MLP|M11,D_frozen,hits_at_budget,5,1,0.0,0.0,0.0,0.0,seed_description_not_test_CI,,
V26|RandomForest_unweighted|M11,D_frozen,roc_auc,5,1,0.7314251761310585,0.02199570732906911,0.7063237416178593,0.7642814701638231,seed_description_not_test_CI,,
V26|RandomForest_unweighted|M11,D_frozen,ap,5,1,0.0017098958363263798,0.00018920871346652098,0.0014595458935677667,0.0019469515318809778,seed_description_not_test_CI,,
V26|RandomForest_unweighted|M11,D_frozen,f1_val_threshold,5,1,0.0,0.0,0.0,0.0,seed_description_not_test_CI,,
V26|RandomForest_unweighted|M11,D_frozen,p_at_5pct,5,1,0.0,0.0,0.0,0.0,seed_description_not_test_CI,,
V26|RandomForest_unweighted|M11,D_frozen,r_at_10fpr,5,1,0.05714285714285714,0.07824607964359516,0.0,0.14285714285714285,seed_description_not_test_CI,,
V26|RandomForest_unweighted|M11,D_frozen,hits_at_budget,5,1,0.0,0.0,0.0,0.0,seed_description_not_test_CI,,
B_mean3|MLP|M5,D_frozen,roc_auc,5,3,0.6613586848880967,0.03360072513377295,0.6197889256712786,0.7137481255128314,fixed_world_mean_then_matched_seed_description_not_independent_15_cohorts,0.6407164077752313,0.6832255326372974
B_mean3|MLP|M5,D_frozen,ap,5,3,0.0014063867161456258,0.00014372637904615931,0.0012865141357888063,0.0016470844708443217,fixed_world_mean_then_matched_seed_description_not_independent_15_cohorts,0.00134957695082558,0.0014635079076310096
B_mean3|MLP|M5,D_frozen,f1_val_threshold,5,3,0.00021574973031283714,0.00048243106310675085,0.0,0.0010787486515641857,fixed_world_mean_then_matched_seed_description_not_independent_15_cohorts,0.0,0.0006472491909385113
B_mean3|MLP|M5,D_frozen,p_at_5pct,5,3,0.0,0.0,0.0,0.0,fixed_world_mean_then_matched_seed_description_not_independent_15_cohorts,0.0,0.0
B_mean3|MLP|M5,D_frozen,r_at_10fpr,5,3,0.03809523809523809,0.062087641954310935,0.0,0.14285714285714285,fixed_world_mean_then_matched_seed_description_not_independent_15_cohorts,0.02857142857142857,0.05714285714285714
B_mean3|MLP|M5,D_frozen,hits_at_budget,5,3,0.0,0.0,0.0,0.0,fixed_world_mean_then_matched_seed_description_not_independent_15_cohorts,0.0,0.0
B_mean3|MLP|M11,D_frozen,roc_auc,5,3,0.6655190561072913,0.013445142602813945,0.645632798573975,0.6830829301417537,fixed_world_mean_then_matched_seed_description_not_independent_15_cohorts,0.6555912061794414,0.673389355742297
B_mean3|MLP|M11,D_frozen,ap,5,3,0.001400018577035745,7.685626963696357e-05,0.0013293439709366854,0.00152320267583495,fixed_world_mean_then_matched_seed_description_not_independent_15_cohorts,0.0013561161484988073,0.0014446837075772726
B_mean3|MLP|M11,D_frozen,f1_val_threshold,5,3,0.0,0.0,0.0,0.0,fixed_world_mean_then_matched_seed_description_not_independent_15_cohorts,0.0,0.0
B_mean3|MLP|M11,D_frozen,p_at_5pct,5,3,0.0,0.0,0.0,0.0,fixed_world_mean_then_matched_seed_description_not_independent_15_cohorts,0.0,0.0
B_mean3|MLP|M11,D_frozen,r_at_10fpr,5,3,0.02857142857142857,0.042591770999996,0.0,0.09523809523809523,fixed_world_mean_then_matched_seed_description_not_independent_15_cohorts,0.02857142857142857,0.02857142857142857
B_mean3|MLP|M11,D_frozen,hits_at_budget,5,3,0.0,0.0,0.0,0.0,fixed_world_mean_then_matched_seed_description_not_independent_15_cohorts,0.0,0.0
B_mean3|RandomForest_unweighted|M5,D_frozen,roc_auc,5,3,0.6752171575700987,0.010337740262508872,0.660521178168237,0.6883060294825,fixed_world_mean_then_matched_seed_description_not_independent_15_cohorts,0.6633952975129447,0.6933367286308464
B_mean3|RandomForest_unweighted|M5,D_frozen,ap,5,3,0.0016502362584820338,8.488772502650585e-05,0.001575036523237256,0.001755868318383218,fixed_world_mean_then_matched_seed_description_not_independent_15_cohorts,0.001499597695728782,0.0018074359996095412
B_mean3|RandomForest_unweighted|M5,D_frozen,f1_val_threshold,5,3,0.0010695775308311676,0.001627297616676012,0.0,0.0036770438780489036,fixed_world_mean_then_matched_seed_description_not_independent_15_cohorts,0.0,0.0022037074668653615
B_mean3|RandomForest_unweighted|M5,D_frozen,p_at_5pct,5,3,0.0015797788309636653,0.0,0.0015797788309636653,0.0015797788309636653,fixed_world_mean_then_matched_seed_description_not_independent_15_cohorts,0.0009478672985781991,0.0018957345971563982
B_mean3|RandomForest_unweighted|M5,D_frozen,r_at_10fpr,5,3,0.14285714285714285,0.0,0.14285714285714285,0.14285714285714285,fixed_world_mean_then_matched_seed_description_not_independent_15_cohorts,0.14285714285714285,0.14285714285714285
B_mean3|RandomForest_unweighted|M5,D_frozen,hits_at_budget,5,3,0.6666666666666666,0.0,0.6666666666666666,0.6666666666666666,fixed_world_mean_then_matched_seed_description_not_independent_15_cohorts,0.4,0.8
B_mean3|RandomForest_unweighted|M11,D_frozen,roc_auc,5,3,0.7050555979967744,0.015174299166123088,0.6872563166680813,0.720948985654868,fixed_world_mean_then_matched_seed_description_not_independent_15_cohorts,0.6842610983787454,0.7181648416942534
B_mean3|RandomForest_unweighted|M11,D_frozen,ap,5,3,0.0015915775414177876,0.000104321577918164,0.001475883286605273,0.0017138110428184556,fixed_world_mean_then_matched_seed_description_not_independent_15_cohorts,0.0014603455965694879,0.0016942944339524118
B_mean3|RandomForest_unweighted|M11,D_frozen,f1_val_threshold,5,3,0.0,0.0,0.0,0.0,fixed_world_mean_then_matched_seed_description_not_independent_15_cohorts,0.0,0.0
B_mean3|RandomForest_unweighted|M11,D_frozen,p_at_5pct,5,3,0.0,0.0,0.0,0.0,fixed_world_mean_then_matched_seed_description_not_independent_15_cohorts,0.0,0.0
B_mean3|RandomForest_unweighted|M11,D_frozen,r_at_10fpr,5,3,0.1333333333333333,0.021295885499997995,0.09523809523809523,0.14285714285714285,fixed_world_mean_then_matched_seed_description_not_independent_15_cohorts,0.11428571428571428,0.14285714285714285
B_mean3|RandomForest_unweighted|M11,D_frozen,hits_at_budget,5,3,0.0,0.0,0.0,0.0,fixed_world_mean_then_matched_seed_description_not_independent_15_cohorts,0.0,0.0
ASOF|MLP|M11,O_frozen,roc_auc,5,1,0.9185922574157868,0.013642576565055605,0.8949494949494949,0.9283513871749166,seed_description_not_test_CI,,
ASOF|MLP|M11,O_frozen,ap,5,1,0.012735765786127975,0.0008950983633516956,0.011781248519615038,0.013628575144093462,seed_description_not_test_CI,,
ASOF|MLP|M11,O_frozen,f1_val_threshold,5,1,0.01567843272288386,0.010138289102128613,0.0,0.028169014084507043,seed_description_not_test_CI,,
ASOF|MLP|M11,O_frozen,p_at_5pct,5,1,0.013744075829383886,0.0030896693863519667,0.009478672985781991,0.016587677725118485,seed_description_not_test_CI,,
ASOF|MLP|M11,O_frozen,r_at_10fpr,5,1,0.6615384615384615,0.06880209161537813,0.6153846153846154,0.7692307692307693,seed_description_not_test_CI,,
ASOF|MLP|M11,O_frozen,hits_at_budget,5,1,5.8,1.3038404810405297,4.0,7.0,seed_description_not_test_CI,,
ASOF|MLP|M5,O_frozen,roc_auc,5,1,0.8250011426482015,0.020187954010703026,0.7964897847250789,0.8498011792129438,seed_description_not_test_CI,,
ASOF|MLP|M5,O_frozen,ap,5,1,0.006452822845954556,0.0008524001736962999,0.005378449653623077,0.007179157600633434,seed_description_not_test_CI,,
ASOF|MLP|M5,O_frozen,f1_val_threshold,5,1,0.004935863044432521,0.0069752200398862894,0.0,0.014778325123152709,seed_description_not_test_CI,,
ASOF|MLP|M5,O_frozen,p_at_5pct,5,1,0.006161137440758294,0.002701837500234924,0.002369668246445498,0.009478672985781991,seed_description_not_test_CI,,
ASOF|MLP|M5,O_frozen,r_at_10fpr,5,1,0.4000000000000001,0.1002954216185023,0.23076923076923078,0.46153846153846156,seed_description_not_test_CI,,
ASOF|MLP|M5,O_frozen,hits_at_budget,5,1,2.6,1.140175425099138,1.0,4.0,seed_description_not_test_CI,,
ASOF|RandomForest_unweighted|M11,O_frozen,roc_auc,5,1,0.9500498194615842,0.005969703037467213,0.9423145481969011,0.9578956990721696,seed_description_not_test_CI,,
ASOF|RandomForest_unweighted|M11,O_frozen,ap,5,1,0.037682936160445143,0.004351477858763907,0.0345591765431884,0.045219719725487245,seed_description_not_test_CI,,
ASOF|RandomForest_unweighted|M11,O_frozen,f1_val_threshold,5,1,0.10627323535989856,0.013830897556926425,0.0851063829787234,0.12195121951219512,seed_description_not_test_CI,,
ASOF|RandomForest_unweighted|M11,O_frozen,p_at_5pct,5,1,0.018957345971563982,0.0016756084862240464,0.016587677725118485,0.02132701421800948,seed_description_not_test_CI,,
ASOF|RandomForest_unweighted|M11,O_frozen,r_at_10fpr,5,1,0.8307692307692308,0.03440104580768905,0.7692307692307693,0.8461538461538461,seed_description_not_test_CI,,
ASOF|RandomForest_unweighted|M11,O_frozen,hits_at_budget,5,1,8.0,0.7071067811865476,7.0,9.0,seed_description_not_test_CI,,
ASOF|RandomForest_unweighted|M5,O_frozen,roc_auc,5,1,0.8788573517985283,0.02154324262342459,0.8468668586315645,0.9031811325928973,seed_description_not_test_CI,,
ASOF|RandomForest_unweighted|M5,O_frozen,ap,5,1,0.04662882011730034,0.00467064442939165,0.03959622777089734,0.050226506915501366,seed_description_not_test_CI,,
ASOF|RandomForest_unweighted|M5,O_frozen,f1_val_threshold,5,1,0.08673325339992007,0.009915394735909211,0.07142857142857142,0.09876543209876543,seed_description_not_test_CI,,
ASOF|RandomForest_unweighted|M5,O_frozen,p_at_5pct,5,1,0.016113744075829384,0.0010597478566349724,0.014218009478672985,0.016587677725118485,seed_description_not_test_CI,,
ASOF|RandomForest_unweighted|M5,O_frozen,r_at_10fpr,5,1,0.6153846153846154,0.0,0.6153846153846154,0.6153846153846154,seed_description_not_test_CI,,
ASOF|RandomForest_unweighted|M5,O_frozen,hits_at_budget,5,1,6.8,0.4472135954999579,6.0,7.0,seed_description_not_test_CI,,
A|GCN_reverse|M11,O_frozen,roc_auc,5,1,0.8537519996343527,0.04433720479308916,0.7786370492252845,0.8839435074729193,seed_description_not_test_CI,,
A|GCN_reverse|M11,O_frozen,ap,5,1,0.006266222485512549,0.0016116623414087286,0.003609208409562704,0.0077535394064579466,seed_description_not_test_CI,,
A|GCN_reverse|M11,O_frozen,f1_val_threshold,5,1,0.0013937282229965157,0.0031164710487801947,0.0,0.006968641114982578,seed_description_not_test_CI,,
A|GCN_reverse|M11,O_frozen,p_at_5pct,5,1,0.0028436018957345975,0.0030896693863519662,0.0,0.0071090047393364926,seed_description_not_test_CI,,
A|GCN_reverse|M11,O_frozen,r_at_10fpr,5,1,0.4769230769230769,0.18365132902020495,0.23076923076923078,0.6923076923076923,seed_description_not_test_CI,,
A|GCN_reverse|M11,O_frozen,hits_at_budget,5,1,1.2,1.3038404810405297,0.0,3.0,seed_description_not_test_CI,,
A|GraphSAGE_reverse|M11,O_frozen,roc_auc,5,1,0.8844170208876092,0.03542048854523346,0.8379359202888617,0.9299602358425888,seed_description_not_test_CI,,
A|GraphSAGE_reverse|M11,O_frozen,ap,5,1,0.010021779946474534,0.0019591848116867817,0.008144713428370984,0.012764513840128036,seed_description_not_test_CI,,
A|GraphSAGE_reverse|M11,O_frozen,f1_val_threshold,5,1,0.008077966713380586,0.00786004916149719,0.0,0.017543859649122806,seed_description_not_test_CI,,
A|GraphSAGE_reverse|M11,O_frozen,p_at_5pct,5,1,0.00947867298578199,0.003746774478872487,0.004739336492890996,0.014218009478672985,seed_description_not_test_CI,,
A|GraphSAGE_reverse|M11,O_frozen,r_at_10fpr,5,1,0.6307692307692307,0.12639751327042295,0.5384615384615384,0.8461538461538461,seed_description_not_test_CI,,
A|GraphSAGE_reverse|M11,O_frozen,hits_at_budget,5,1,4.0,1.5811388300841898,2.0,6.0,seed_description_not_test_CI,,
A|MLP|M11,O_frozen,roc_auc,5,1,0.9032451208921797,0.048763234384421275,0.8164038575803283,0.9293294940353765,seed_description_not_test_CI,,
A|MLP|M11,O_frozen,ap,5,1,0.012822880209020232,0.0012194326364072597,0.01074299557482072,0.01384823811756589,seed_description_not_test_CI,,
A|MLP|M11,O_frozen,f1_val_threshold,5,1,0.012678344757552678,0.007758300262823371,0.0,0.019801980198019802,seed_description_not_test_CI,,
A|MLP|M11,O_frozen,p_at_5pct,5,1,0.013270142180094788,0.005191683009527641,0.004739336492890996,0.018957345971563982,seed_description_not_test_CI,,
A|MLP|M11,O_frozen,r_at_10fpr,5,1,0.6923076923076923,0.05439282932204212,0.6153846153846154,0.7692307692307693,seed_description_not_test_CI,,
A|MLP|M11,O_frozen,hits_at_budget,5,1,5.6,2.1908902300206643,2.0,8.0,seed_description_not_test_CI,,
A|RandomForest_unweighted|M11,O_frozen,roc_auc,5,1,0.9258156222862105,0.00399640439892191,0.9214497920380273,0.9320170026052379,seed_description_not_test_CI,,
A|RandomForest_unweighted|M11,O_frozen,ap,5,1,0.016613424767404874,0.0010203875219789436,0.015888618488910156,0.018338207217440526,seed_description_not_test_CI,,
A|RandomForest_unweighted|M11,O_frozen,f1_val_threshold,5,1,0.0,0.0,0.0,0.0,seed_description_not_test_CI,,
A|RandomForest_unweighted|M11,O_frozen,p_at_5pct,5,1,0.016587677725118485,0.0,0.016587677725118485,0.016587677725118485,seed_description_not_test_CI,,
A|RandomForest_unweighted|M11,O_frozen,r_at_10fpr,5,1,0.6923076923076923,0.05439282932204212,0.6153846153846154,0.7692307692307693,seed_description_not_test_CI,,
A|RandomForest_unweighted|M11,O_frozen,hits_at_budget,5,1,7.0,0.0,7.0,7.0,seed_description_not_test_CI,,
B0|MLP|M11_no_FIN87,O_frozen,roc_auc,5,1,0.8376360894007954,0.062375524362679007,0.7415878239407652,0.8973444855797797,seed_description_not_test_CI,,
B0|MLP|M11_no_FIN87,O_frozen,ap,5,1,0.051157595243743956,0.04089309821372652,0.01859591278865273,0.10220198465839585,seed_description_not_test_CI,,
B0|MLP|M11_no_FIN87,O_frozen,f1_val_threshold,5,1,0.05402190904889056,0.021637130754958787,0.02197802197802198,0.0784313725490196,seed_description_not_test_CI,,
B0|MLP|M11_no_FIN87,O_frozen,p_at_5pct,5,1,0.013270142180094785,0.0021194957132699434,0.011848341232227487,0.016587677725118485,seed_description_not_test_CI,,
B0|MLP|M11_no_FIN87,O_frozen,r_at_10fpr,5,1,0.676923076923077,0.10029542161850231,0.5384615384615384,0.7692307692307693,seed_description_not_test_CI,,
B0|MLP|M11_no_FIN87,O_frozen,hits_at_budget,5,1,5.6,0.8944271909999159,5.0,7.0,seed_description_not_test_CI,,
B0|MLP|M5_no_FIN87,O_frozen,roc_auc,5,1,0.5527190456602221,0.07144375368111401,0.4353443941679236,0.6020796197266787,seed_description_not_test_CI,,
B0|MLP|M5_no_FIN87,O_frozen,ap,5,1,0.004827208102748277,0.004265124655365276,0.00211888685583495,0.012249856083959065,seed_description_not_test_CI,,
B0|MLP|M5_no_FIN87,O_frozen,f1_val_threshold,5,1,0.00945114803875893,0.012256917113499171,0.0,0.03076923076923077,seed_description_not_test_CI,,
B0|MLP|M5_no_FIN87,O_frozen,p_at_5pct,5,1,0.003317535545023697,0.003179243569904914,0.0,0.0071090047393364926,seed_description_not_test_CI,,
B0|MLP|M5_no_FIN87,O_frozen,r_at_10fpr,5,1,0.20000000000000004,0.042132504423474326,0.15384615384615385,0.23076923076923078,seed_description_not_test_CI,,
B0|MLP|M5_no_FIN87,O_frozen,hits_at_budget,5,1,1.4,1.3416407864998738,0.0,3.0,seed_description_not_test_CI,,
B0|RandomForest_unweighted|M11_no_FIN87,O_frozen,roc_auc,5,1,0.8787046939988116,0.01894186762671625,0.8492024315553727,0.9018099547511313,seed_description_not_test_CI,,
B0|RandomForest_unweighted|M11_no_FIN87,O_frozen,ap,5,1,0.02748119791222515,0.00684264453910302,0.02049188109735512,0.037556745271727504,seed_description_not_test_CI,,
B0|RandomForest_unweighted|M11_no_FIN87,O_frozen,f1_val_threshold,5,1,0.054412296564195294,0.03260035020646582,0.0,0.08333333333333333,seed_description_not_test_CI,,
B0|RandomForest_unweighted|M11_no_FIN87,O_frozen,p_at_5pct,5,1,0.011848341232227487,0.0,0.011848341232227487,0.011848341232227487,seed_description_not_test_CI,,
B0|RandomForest_unweighted|M11_no_FIN87,O_frozen,r_at_10fpr,5,1,0.4461538461538462,0.06435846357954425,0.38461538461538464,0.5384615384615384,seed_description_not_test_CI,,
B0|RandomForest_unweighted|M11_no_FIN87,O_frozen,hits_at_budget,5,1,5.0,0.0,5.0,5.0,seed_description_not_test_CI,,
B0|RandomForest_unweighted|M5_no_FIN87,O_frozen,roc_auc,5,1,0.4374889163124457,0.027714999828107892,0.4224964577905753,0.4866401572283925,seed_description_not_test_CI,,
B0|RandomForest_unweighted|M5_no_FIN87,O_frozen,ap,5,1,0.002090622412828638,0.00029472017733220453,0.0018803387636656525,0.0026008867664466095,seed_description_not_test_CI,,
B0|RandomForest_unweighted|M5_no_FIN87,O_frozen,f1_val_threshold,5,1,0.003066834993375526,0.0010977589981726829,0.0021614945190674695,0.004850444624090542,seed_description_not_test_CI,,
B0|RandomForest_unweighted|M5_no_FIN87,O_frozen,p_at_5pct,5,1,0.003317535545023697,0.0012979207523819102,0.002369668246445498,0.004739336492890996,seed_description_not_test_CI,,
B0|RandomForest_unweighted|M5_no_FIN87,O_frozen,r_at_10fpr,5,1,0.16923076923076924,0.034401045807689073,0.15384615384615385,0.23076923076923078,seed_description_not_test_CI,,
B0|RandomForest_unweighted|M5_no_FIN87,O_frozen,hits_at_budget,5,1,1.4,0.5477225575051661,1.0,2.0,seed_description_not_test_CI,,
B|MLP|M11|271707,O_frozen,roc_auc,5,1,0.9146249828602769,0.013374537987970862,0.8979752273869921,0.9267791032496915,seed_description_not_test_CI,,
B|MLP|M11|271707,O_frozen,ap,5,1,0.013494781684516944,0.0012881780073678972,0.012134694456609512,0.01519427804955232,seed_description_not_test_CI,,
B|MLP|M11|271707,O_frozen,f1_val_threshold,5,1,0.012062656083871127,0.013491386232506257,0.0,0.03278688524590164,seed_description_not_test_CI,,
B|MLP|M11|271707,O_frozen,p_at_5pct,5,1,0.014691943127962088,0.0025958415047638217,0.011848341232227487,0.016587677725118485,seed_description_not_test_CI,,
B|MLP|M11|271707,O_frozen,r_at_10fpr,5,1,0.676923076923077,0.06435846357954428,0.6153846153846154,0.7692307692307693,seed_description_not_test_CI,,
B|MLP|M11|271707,O_frozen,hits_at_budget,5,1,6.2,1.0954451150103321,5.0,7.0,seed_description_not_test_CI,,
B|MLP|M11|271708,O_frozen,roc_auc,5,1,0.9182101558572147,0.014677115914009388,0.894465012112071,0.9337903926139219,seed_description_not_test_CI,,
B|MLP|M11|271708,O_frozen,ap,5,1,0.01419915622901779,0.0015940512422970353,0.012157771478534382,0.016398751379592617,seed_description_not_test_CI,,
B|MLP|M11|271708,O_frozen,f1_val_threshold,5,1,0.01623278373312629,0.003305377288764294,0.013245033112582781,0.02099737532808399,seed_description_not_test_CI,,
B|MLP|M11|271708,O_frozen,p_at_5pct,5,1,0.013744075829383884,0.001982606697948047,0.011848341232227487,0.016587677725118485,seed_description_not_test_CI,,
B|MLP|M11|271708,O_frozen,r_at_10fpr,5,1,0.6923076923076923,0.07692307692307693,0.6153846153846154,0.7692307692307693,seed_description_not_test_CI,,
B|MLP|M11|271708,O_frozen,hits_at_budget,5,1,5.8,0.8366600265340756,5.0,7.0,seed_description_not_test_CI,,
B|MLP|M11|271709,O_frozen,roc_auc,5,1,0.9163398692810457,0.012417191179684813,0.8954705425293661,0.9260843731431967,seed_description_not_test_CI,,
B|MLP|M11|271709,O_frozen,ap,5,1,0.013031556473044442,0.0011581434260425959,0.011467654554927369,0.01439057266815479,seed_description_not_test_CI,,
B|MLP|M11|271709,O_frozen,f1_val_threshold,5,1,0.017662916690802107,0.012515041882816548,0.0,0.03488372093023256,seed_description_not_test_CI,,
B|MLP|M11|271709,O_frozen,p_at_5pct,5,1,0.013744075829383886,0.001982606697948047,0.011848341232227487,0.016587677725118485,seed_description_not_test_CI,,
B|MLP|M11|271709,O_frozen,r_at_10fpr,5,1,0.6307692307692307,0.03440104580768905,0.6153846153846154,0.6923076923076923,seed_description_not_test_CI,,
B|MLP|M11|271709,O_frozen,hits_at_budget,5,1,5.8,0.8366600265340756,5.0,7.0,seed_description_not_test_CI,,
B|MLP|M5|271707,O_frozen,roc_auc,5,1,0.8359449700626171,0.01875277344556642,0.8032268385209562,0.8512089217971571,seed_description_not_test_CI,,
B|MLP|M5|271707,O_frozen,ap,5,1,0.007560840903236804,0.0010780724281283483,0.006169084880186492,0.008716045039919308,seed_description_not_test_CI,,
B|MLP|M5|271707,O_frozen,f1_val_threshold,5,1,0.006919242273180459,0.00947777517209201,0.0,0.01764705882352941,seed_description_not_test_CI,,
B|MLP|M5|271707,O_frozen,p_at_5pct,5,1,0.008530805687203791,0.002701837500234924,0.004739336492890996,0.011848341232227487,seed_description_not_test_CI,,
B|MLP|M5|271707,O_frozen,r_at_10fpr,5,1,0.4461538461538462,0.08426500884694862,0.3076923076923077,0.5384615384615384,seed_description_not_test_CI,,
B|MLP|M5|271707,O_frozen,hits_at_budget,5,1,3.6,1.140175425099138,2.0,5.0,seed_description_not_test_CI,,
B|MLP|M5|271708,O_frozen,roc_auc,5,1,0.826492984140043,0.013521036306689209,0.8129073540838248,0.8476712829654006,seed_description_not_test_CI,,
B|MLP|M5|271708,O_frozen,ap,5,1,0.0074604752061442434,0.000801337566918512,0.00621527152390364,0.008313212250507847,seed_description_not_test_CI,,
B|MLP|M5|271708,O_frozen,f1_val_threshold,5,1,0.003966658876684584,0.005650842478927878,0.0,0.012121212121212121,seed_description_not_test_CI,,
B|MLP|M5|271708,O_frozen,p_at_5pct,5,1,0.0071090047393364926,0.0016756084862240464,0.004739336492890996,0.009478672985781991,seed_description_not_test_CI,,
B|MLP|M5|271708,O_frozen,r_at_10fpr,5,1,0.4461538461538462,0.12639751327042292,0.23076923076923078,0.5384615384615384,seed_description_not_test_CI,,
B|MLP|M5|271708,O_frozen,hits_at_budget,5,1,3.0,0.7071067811865476,2.0,4.0,seed_description_not_test_CI,,
B|MLP|M5|271709,O_frozen,roc_auc,5,1,0.8211472187942777,0.020251201339504272,0.7949723479135244,0.841875771287536,seed_description_not_test_CI,,
B|MLP|M5|271709,O_frozen,ap,5,1,0.006984773780213981,0.0012667677943704113,0.005408221290482149,0.008523136473629815,seed_description_not_test_CI,,
B|MLP|M5|271709,O_frozen,f1_val_threshold,5,1,0.009200043980416437,0.005796761194772045,0.0,0.015473887814313346,seed_description_not_test_CI,,
B|MLP|M5|271709,O_frozen,p_at_5pct,5,1,0.0066350710900473925,0.003514786012841546,0.002369668246445498,0.011848341232227487,seed_description_not_test_CI,,
B|MLP|M5|271709,O_frozen,r_at_10fpr,5,1,0.4461538461538462,0.06435846357954425,0.38461538461538464,0.5384615384615384,seed_description_not_test_CI,,
B|MLP|M5|271709,O_frozen,hits_at_budget,5,1,2.8,1.4832396974191326,1.0,5.0,seed_description_not_test_CI,,
B|RandomForest_unweighted|M11|271707,O_frozen,roc_auc,5,1,0.9256574797751268,0.007436574032089699,0.9198180904063258,0.9379724850313086,seed_description_not_test_CI,,
B|RandomForest_unweighted|M11|271707,O_frozen,ap,5,1,0.016097091323653744,0.0009116143174817615,0.014685705177533884,0.017233436553052796,seed_description_not_test_CI,,
B|RandomForest_unweighted|M11|271707,O_frozen,f1_val_threshold,5,1,0.0358075878572773,0.01027137191196001,0.02040816326530612,0.044444444444444446,seed_description_not_test_CI,,
B|RandomForest_unweighted|M11|271707,O_frozen,p_at_5pct,5,1,0.015639810426540283,0.002119495713269944,0.014218009478672985,0.018957345971563982,seed_description_not_test_CI,,
B|RandomForest_unweighted|M11|271707,O_frozen,r_at_10fpr,5,1,0.7076923076923076,0.10029542161850227,0.6153846153846154,0.8461538461538461,seed_description_not_test_CI,,
B|RandomForest_unweighted|M11|271707,O_frozen,hits_at_budget,5,1,6.6,0.8944271909999159,6.0,8.0,seed_description_not_test_CI,,
B|RandomForest_unweighted|M11|271708,O_frozen,roc_auc,5,1,0.9366808355043649,0.006265734808518806,0.9311942959001782,0.9463001051236345,seed_description_not_test_CI,,
B|RandomForest_unweighted|M11|271708,O_frozen,ap,5,1,0.015864770532231818,0.001136375396125662,0.01469703490659224,0.01747140316274082,seed_description_not_test_CI,,
B|RandomForest_unweighted|M11|271708,O_frozen,f1_val_threshold,5,1,0.012579185520361991,0.012630838966420201,0.0,0.029411764705882353,seed_description_not_test_CI,,
B|RandomForest_unweighted|M11|271708,O_frozen,p_at_5pct,5,1,0.014691943127962084,0.0010597478566349724,0.014218009478672985,0.016587677725118485,seed_description_not_test_CI,,
B|RandomForest_unweighted|M11|271708,O_frozen,r_at_10fpr,5,1,0.7846153846153846,0.10029542161850231,0.6923076923076923,0.9230769230769231,seed_description_not_test_CI,,
B|RandomForest_unweighted|M11|271708,O_frozen,hits_at_budget,5,1,6.2,0.4472135954999579,6.0,7.0,seed_description_not_test_CI,,
B|RandomForest_unweighted|M11|271709,O_frozen,roc_auc,5,1,0.9323415146944558,0.0062285676950235135,0.9249965720553956,0.9407468348644819,seed_description_not_test_CI,,
B|RandomForest_unweighted|M11|271709,O_frozen,ap,5,1,0.016727157459539014,0.001685620946995232,0.014266155902389086,0.01828340780784068,seed_description_not_test_CI,,
B|RandomForest_unweighted|M11|271709,O_frozen,f1_val_threshold,5,1,0.03843933412541198,0.0057975408089345854,0.03076923076923077,0.046511627906976744,seed_description_not_test_CI,,
B|RandomForest_unweighted|M11|271709,O_frozen,p_at_5pct,5,1,0.015165876777251185,0.0012979207523819113,0.014218009478672985,0.016587677725118485,seed_description_not_test_CI,,
B|RandomForest_unweighted|M11|271709,O_frozen,r_at_10fpr,5,1,0.7076923076923076,0.0344010458076891,0.6923076923076923,0.7692307692307693,seed_description_not_test_CI,,
B|RandomForest_unweighted|M11|271709,O_frozen,hits_at_budget,5,1,6.4,0.5477225575051662,6.0,7.0,seed_description_not_test_CI,,
B|RandomForest_unweighted|M5|271707,O_frozen,roc_auc,5,1,0.8192577357283239,0.020318644627194953,0.7881347410759176,0.84478266831208,seed_description_not_test_CI,,
B|RandomForest_unweighted|M5|271707,O_frozen,ap,5,1,0.011606814584818593,0.0009277392396575075,0.010464712652351528,0.012786302638234158,seed_description_not_test_CI,,
B|RandomForest_unweighted|M5|271707,O_frozen,f1_val_threshold,5,1,0.021590494621978283,0.005194690086278914,0.014598540145985401,0.02865329512893983,seed_description_not_test_CI,,
B|RandomForest_unweighted|M5|271707,O_frozen,p_at_5pct,5,1,0.01042654028436019,0.0012979207523819093,0.009478672985781991,0.011848341232227487,seed_description_not_test_CI,,
B|RandomForest_unweighted|M5|271707,O_frozen,r_at_10fpr,5,1,0.49230769230769234,0.11665962221617769,0.3076923076923077,0.6153846153846154,seed_description_not_test_CI,,
B|RandomForest_unweighted|M5|271707,O_frozen,hits_at_budget,5,1,4.4,0.5477225575051662,4.0,5.0,seed_description_not_test_CI,,
B|RandomForest_unweighted|M5|271708,O_frozen,roc_auc,5,1,0.8109685086155676,0.018076296826216143,0.7861693861693863,0.8344942639060287,seed_description_not_test_CI,,
B|RandomForest_unweighted|M5|271708,O_frozen,ap,5,1,0.013977767360886217,0.0023191566983060516,0.011068662187595899,0.017252517070210804,seed_description_not_test_CI,,
B|RandomForest_unweighted|M5|271708,O_frozen,f1_val_threshold,5,1,0.022681295955969433,0.004875414640359309,0.017543859649122806,0.0297029702970297,seed_description_not_test_CI,,
B|RandomForest_unweighted|M5|271708,O_frozen,p_at_5pct,5,1,0.009478672985781991,0.0,0.009478672985781991,0.009478672985781991,seed_description_not_test_CI,,
B|RandomForest_unweighted|M5|271708,O_frozen,r_at_10fpr,5,1,0.4153846153846154,0.06880209161537815,0.3076923076923077,0.46153846153846156,seed_description_not_test_CI,,
B|RandomForest_unweighted|M5|271708,O_frozen,hits_at_budget,5,1,4.0,0.0,4.0,4.0,seed_description_not_test_CI,,
B|RandomForest_unweighted|M5|271709,O_frozen,roc_auc,5,1,0.8269866081630788,0.008473995298345654,0.8148544266191324,0.8386626445449975,seed_description_not_test_CI,,
B|RandomForest_unweighted|M5|271709,O_frozen,ap,5,1,0.013902483223687376,0.0005297481088952204,0.013261883969683988,0.014649588678243558,seed_description_not_test_CI,,
B|RandomForest_unweighted|M5|271709,O_frozen,f1_val_threshold,5,1,0.02801625693598776,0.008758720340843294,0.0196078431372549,0.04,seed_description_not_test_CI,,
B|RandomForest_unweighted|M5|271709,O_frozen,p_at_5pct,5,1,0.009478672985781991,0.0,0.009478672985781991,0.009478672985781991,seed_description_not_test_CI,,
B|RandomForest_unweighted|M5|271709,O_frozen,r_at_10fpr,5,1,0.41538461538461535,0.06880209161537815,0.3076923076923077,0.46153846153846156,seed_description_not_test_CI,,
B|RandomForest_unweighted|M5|271709,O_frozen,hits_at_budget,5,1,4.0,0.0,4.0,4.0,seed_description_not_test_CI,,
C|RandomForest_unweighted|flags3,O_frozen,roc_auc,5,1,0.8768855980620687,8.176124969165754e-06,0.876881941587824,0.8769002239590475,seed_description_not_test_CI,,
C|RandomForest_unweighted|flags3,O_frozen,ap,5,1,0.02398598482470132,2.689486119685557e-07,0.023985864547225556,0.02398646593460437,seed_description_not_test_CI,,
C|RandomForest_unweighted|flags3,O_frozen,f1_val_threshold,5,1,0.0627177700348432,0.0,0.0627177700348432,0.0627177700348432,seed_description_not_test_CI,,
C|RandomForest_unweighted|flags3,O_frozen,p_at_5pct,5,1,0.02132701421800948,0.0,0.02132701421800948,0.02132701421800948,seed_description_not_test_CI,,
C|RandomForest_unweighted|flags3,O_frozen,r_at_10fpr,5,1,0.6923076923076923,0.0,0.6923076923076923,0.6923076923076923,seed_description_not_test_CI,,
C|RandomForest_unweighted|flags3,O_frozen,hits_at_budget,5,1,9.0,0.0,9.0,9.0,seed_description_not_test_CI,,
V26|GCN_reverse|M11,O_frozen,roc_auc,5,1,0.8677398418574889,0.018950349790566253,0.8385758032816857,0.8887334887334887,seed_description_not_test_CI,,
V26|GCN_reverse|M11,O_frozen,ap,5,1,0.006549006066418101,0.0011298409970185834,0.004873812134147871,0.007625417820767887,seed_description_not_test_CI,,
V26|GCN_reverse|M11,O_frozen,f1_val_threshold,5,1,0.0,0.0,0.0,0.0,seed_description_not_test_CI,,
V26|GCN_reverse|M11,O_frozen,p_at_5pct,5,1,0.0028436018957345975,0.0030896693863519662,0.0,0.0071090047393364926,seed_description_not_test_CI,,
V26|GCN_reverse|M11,O_frozen,r_at_10fpr,5,1,0.5538461538461539,0.11409536133993327,0.38461538461538464,0.6923076923076923,seed_description_not_test_CI,,
V26|GCN_reverse|M11,O_frozen,hits_at_budget,5,1,1.2,1.3038404810405297,0.0,3.0,seed_description_not_test_CI,,
V26|GraphSAGE_reverse|M11,O_frozen,roc_auc,5,1,0.8967192284839344,0.02548805460387184,0.8675350792997852,0.9304630010512364,seed_description_not_test_CI,,
V26|GraphSAGE_reverse|M11,O_frozen,ap,5,1,0.009446371505248076,0.0019860874900645207,0.00785564946760236,0.012789839274503039,seed_description_not_test_CI,,
V26|GraphSAGE_reverse|M11,O_frozen,f1_val_threshold,5,1,0.006119236750304712,0.005631817604751158,0.0,0.011363636363636364,seed_description_not_test_CI,,
V26|GraphSAGE_reverse|M11,O_frozen,p_at_5pct,5,1,0.00900473933649289,0.001982606697948046,0.0071090047393364926,0.011848341232227487,seed_description_not_test_CI,,
V26|GraphSAGE_reverse|M11,O_frozen,r_at_10fpr,5,1,0.6,0.14796449278208726,0.46153846153846156,0.8461538461538461,seed_description_not_test_CI,,
V26|GraphSAGE_reverse|M11,O_frozen,hits_at_budget,5,1,3.8,0.8366600265340756,3.0,5.0,seed_description_not_test_CI,,
V26|MLP|M11,O_frozen,roc_auc,5,1,0.9170382558617852,0.014417932796579361,0.8916495269436446,0.9274281274281274,seed_description_not_test_CI,,
V26|MLP|M11,O_frozen,ap,5,1,0.012715774887357511,0.0011152397547576794,0.011402990571975354,0.01401011212680689,seed_description_not_test_CI,,
V26|MLP|M11,O_frozen,f1_val_threshold,5,1,0.015061012722771055,0.0046838560289189195,0.011527377521613832,0.022900763358778626,seed_description_not_test_CI,,
V26|MLP|M11,O_frozen,p_at_5pct,5,1,0.014691943127962088,0.0030896693863519662,0.009478672985781991,0.016587677725118485,seed_description_not_test_CI,,
V26|MLP|M11,O_frozen,r_at_10fpr,5,1,0.6307692307692309,0.03440104580768905,0.6153846153846154,0.6923076923076923,seed_description_not_test_CI,,
V26|MLP|M11,O_frozen,hits_at_budget,5,1,6.2,1.3038404810405297,4.0,7.0,seed_description_not_test_CI,,
V26|RandomForest_unweighted|M11,O_frozen,roc_auc,5,1,0.9351844234197175,0.00403151288230274,0.9284245166598107,0.9387083504730565,seed_description_not_test_CI,,
V26|RandomForest_unweighted|M11,O_frozen,ap,5,1,0.0180877532333726,0.0012209994086803582,0.016593475061318842,0.01987363239996503,seed_description_not_test_CI,,
V26|RandomForest_unweighted|M11,O_frozen,f1_val_threshold,5,1,0.030003538257408223,0.016907592671608306,0.0,0.04,seed_description_not_test_CI,,
V26|RandomForest_unweighted|M11,O_frozen,p_at_5pct,5,1,0.016587677725118485,0.0,0.016587677725118485,0.016587677725118485,seed_description_not_test_CI,,
V26|RandomForest_unweighted|M11,O_frozen,r_at_10fpr,5,1,0.676923076923077,0.03440104580768905,0.6153846153846154,0.6923076923076923,seed_description_not_test_CI,,
V26|RandomForest_unweighted|M11,O_frozen,hits_at_budget,5,1,7.0,0.0,7.0,7.0,seed_description_not_test_CI,,
B_mean3|MLP|M5,O_frozen,roc_auc,5,3,0.8278617243323125,0.015044834645750805,0.8049971814677698,0.8469186586833647,fixed_world_mean_then_matched_seed_description_not_independent_15_cohorts,0.8211472187942777,0.8359449700626171
B_mean3|MLP|M5,O_frozen,ap,5,3,0.007335363296531676,0.0008657459413868444,0.006181686597669013,0.008402400330242811,fixed_world_mean_then_matched_seed_description_not_independent_15_cohorts,0.006984773780213981,0.007560840903236804
B_mean3|MLP|M5,O_frozen,f1_val_threshold,5,3,0.00669531504342716,0.004105354131507428,0.003194888178913738,0.013805347891976892,fixed_world_mean_then_matched_seed_description_not_independent_15_cohorts,0.003966658876684584,0.009200043980416437
B_mean3|MLP|M5,O_frozen,p_at_5pct,5,3,0.007424960505529226,0.002059779590901311,0.005529225908372828,0.010268562401263823,fixed_world_mean_then_matched_seed_description_not_independent_15_cohorts,0.0066350710900473925,0.008530805687203791
B_mean3|MLP|M5,O_frozen,r_at_10fpr,5,3,0.4461538461538462,0.08026910688460782,0.3076923076923077,0.5128205128205128,fixed_world_mean_then_matched_seed_description_not_independent_15_cohorts,0.4461538461538462,0.4461538461538462
B_mean3|MLP|M5,O_frozen,hits_at_budget,5,3,3.1333333333333333,0.869226987360353,2.3333333333333335,4.333333333333333,fixed_world_mean_then_matched_seed_description_not_independent_15_cohorts,2.8,3.6
B_mean3|MLP|M11,O_frozen,roc_auc,5,3,0.9163916693328458,0.012404816223878068,0.895970260676143,0.9286957051662933,fixed_world_mean_then_matched_seed_description_not_independent_15_cohorts,0.9146249828602769,0.9182101558572147
B_mean3|MLP|M11,O_frozen,ap,5,3,0.01357516479552639,0.0012752887933013344,0.011920040163357086,0.014882777879443372,fixed_world_mean_then_matched_seed_description_not_independent_15_cohorts,0.013031556473044442,0.01419915622901779
B_mean3|MLP|M11,O_frozen,f1_val_threshold,5,3,0.01531945216926651,0.009083773700540577,0.004796163069544365,0.028673076676448403,fixed_world_mean_then_matched_seed_description_not_independent_15_cohorts,0.012062656083871127,0.017662916690802107
B_mean3|MLP|M11,O_frozen,p_at_5pct,5,3,0.014060031595576622,0.001712439446183161,0.011848341232227487,0.015797788309636653,fixed_world_mean_then_matched_seed_description_not_independent_15_cohorts,0.013744075829383884,0.014691943127962088
B_mean3|MLP|M11,O_frozen,r_at_10fpr,5,3,0.6666666666666667,0.0479699664971018,0.6153846153846154,0.7435897435897436,fixed_world_mean_then_matched_seed_description_not_independent_15_cohorts,0.6307692307692307,0.6923076923076923
B_mean3|MLP|M11,O_frozen,hits_at_budget,5,3,5.9333333333333345,0.7226494462892934,5.0,6.666666666666667,fixed_world_mean_then_matched_seed_description_not_independent_15_cohorts,5.8,6.2
B_mean3|RandomForest_unweighted|M5,O_frozen,roc_auc,5,3,0.8190709508356567,0.011437656505084964,0.8043222572634338,0.835639959169371,fixed_world_mean_then_matched_seed_description_not_independent_15_cohorts,0.8109685086155676,0.8269866081630788
B_mean3|RandomForest_unweighted|M5,O_frozen,ap,5,3,0.013162355056464061,0.0009038503921668022,0.012060987839396993,0.014533355046814382,fixed_world_mean_then_matched_seed_description_not_independent_15_cohorts,0.011606814584818593,0.013977767360886217
B_mean3|RandomForest_unweighted|M5,O_frozen,f1_val_threshold,5,3,0.024096015837978494,0.004890597038560075,0.018615142950167075,0.029423613639121465,fixed_world_mean_then_matched_seed_description_not_independent_15_cohorts,0.021590494621978283,0.02801625693598776
B_mean3|RandomForest_unweighted|M5,O_frozen,p_at_5pct,5,3,0.009794628751974723,0.0004326402507939695,0.009478672985781991,0.010268562401263823,fixed_world_mean_then_matched_seed_description_not_independent_15_cohorts,0.009478672985781991,0.01042654028436019
B_mean3|RandomForest_unweighted|M5,O_frozen,r_at_10fpr,5,3,0.44102564102564107,0.028088336282316217,0.4102564102564103,0.4871794871794872,fixed_world_mean_then_matched_seed_description_not_independent_15_cohorts,0.41538461538461535,0.49230769230769234
B_mean3|RandomForest_unweighted|M5,O_frozen,hits_at_budget,5,3,4.133333333333333,0.1825741858350552,4.0,4.333333333333333,fixed_world_mean_then_matched_seed_description_not_independent_15_cohorts,4.0,4.4
B_mean3|RandomForest_unweighted|M11,O_frozen,roc_auc,5,3,0.9315599433246492,0.003784444863226726,0.9272270213446684,0.936423054070113,fixed_world_mean_then_matched_seed_description_not_independent_15_cohorts,0.9256574797751268,0.9366808355043649
B_mean3|RandomForest_unweighted|M11,O_frozen,ap,5,3,0.016229673105141527,0.0008978385926646331,0.015491536146446425,0.017325528265933043,fixed_world_mean_then_matched_seed_description_not_independent_15_cohorts,0.015864770532231818,0.016727157459539014
B_mean3|RandomForest_unweighted|M11,O_frozen,f1_val_threshold,5,3,0.028942035834350427,0.0027024157579457037,0.025536368393511245,0.03264714824817127,fixed_world_mean_then_matched_seed_description_not_independent_15_cohorts,0.012579185520361991,0.03843933412541198
B_mean3|RandomForest_unweighted|M11,O_frozen,p_at_5pct,5,3,0.015165876777251185,0.0006608688993160168,0.014218009478672985,0.015797788309636653,fixed_world_mean_then_matched_seed_description_not_independent_15_cohorts,0.014691943127962084,0.015639810426540283
B_mean3|RandomForest_unweighted|M11,O_frozen,r_at_10fpr,5,3,0.7333333333333334,0.05617667256463245,0.6666666666666666,0.8205128205128206,fixed_world_mean_then_matched_seed_description_not_independent_15_cohorts,0.7076923076923076,0.7846153846153846
B_mean3|RandomForest_unweighted|M11,O_frozen,hits_at_budget,5,3,6.4,0.2788866755113587,6.0,6.666666666666667,fixed_world_mean_then_matched_seed_description_not_independent_15_cohorts,6.2,6.6
ASOF|MLP|M11,S_frozen,roc_auc,5,1,0.8146432718358921,0.031848795550652266,0.7674708639745409,0.8523416333376339,seed_description_not_test_CI,,
ASOF|MLP|M11,S_frozen,ap,5,1,0.004504343500235345,0.0006962221117833397,0.003403465502316612,0.005187002841599943,seed_description_not_test_CI,,
ASOF|MLP|M11,S_frozen,f1_val_threshold,5,1,0.0015810276679841897,0.0035352853399206155,0.0,0.007905138339920948,seed_description_not_test_CI,,
ASOF|MLP|M11,S_frozen,p_at_5pct,5,1,0.005154639175257732,0.0,0.005154639175257732,0.005154639175257732,seed_description_not_test_CI,,
ASOF|MLP|M11,S_frozen,r_at_10fpr,5,1,0.5,0.11785113019775792,0.3333333333333333,0.6666666666666666,seed_description_not_test_CI,,
ASOF|MLP|M11,S_frozen,hits_at_budget,5,1,2.0,0.0,2.0,2.0,seed_description_not_test_CI,,
ASOF|MLP|M5,S_frozen,roc_auc,5,1,0.6538296133832193,0.03672134171311075,0.6134047219713585,0.7117361200705286,seed_description_not_test_CI,,
ASOF|MLP|M5,S_frozen,ap,5,1,0.0017794373286582669,0.00030306077201195855,0.00135425282248597,0.002172172554435567,seed_description_not_test_CI,,
ASOF|MLP|M5,S_frozen,f1_val_threshold,5,1,0.001176470588235294,0.002630668208823282,0.0,0.0058823529411764705,seed_description_not_test_CI,,
ASOF|MLP|M5,S_frozen,p_at_5pct,5,1,0.0015463917525773197,0.0014116560760442426,0.0,0.002577319587628866,seed_description_not_test_CI,,
ASOF|MLP|M5,S_frozen,r_at_10fpr,5,1,0.29999999999999993,0.07453559924999299,0.16666666666666666,0.3333333333333333,seed_description_not_test_CI,,
ASOF|MLP|M5,S_frozen,hits_at_budget,5,1,0.6,0.5477225575051662,0.0,1.0,seed_description_not_test_CI,,
ASOF|RandomForest_unweighted|M11,S_frozen,roc_auc,5,1,0.8831505612179076,0.005574083473068668,0.8777254547800284,0.8913473530297167,seed_description_not_test_CI,,
ASOF|RandomForest_unweighted|M11,S_frozen,ap,5,1,0.004096662260994882,0.0005363169515787753,0.003623844934254032,0.004955027867754217,seed_description_not_test_CI,,
ASOF|RandomForest_unweighted|M11,S_frozen,f1_val_threshold,5,1,0.0,0.0,0.0,0.0,seed_description_not_test_CI,,
ASOF|RandomForest_unweighted|M11,S_frozen,p_at_5pct,5,1,0.003608247422680412,0.0014116560760442426,0.002577319587628866,0.005154639175257732,seed_description_not_test_CI,,
ASOF|RandomForest_unweighted|M11,S_frozen,r_at_10fpr,5,1,0.4333333333333333,0.14907119849998596,0.3333333333333333,0.6666666666666666,seed_description_not_test_CI,,
ASOF|RandomForest_unweighted|M11,S_frozen,hits_at_budget,5,1,1.4,0.5477225575051661,1.0,2.0,seed_description_not_test_CI,,
ASOF|RandomForest_unweighted|M5,S_frozen,roc_auc,5,1,0.7302369586719993,0.04556246914692911,0.6577000817098869,0.7724702188964865,seed_description_not_test_CI,,
ASOF|RandomForest_unweighted|M5,S_frozen,ap,5,1,0.0021038890993945727,0.00017136374000133344,0.0018338858157125645,0.0022826239479756256,seed_description_not_test_CI,,
ASOF|RandomForest_unweighted|M5,S_frozen,f1_val_threshold,5,1,0.0,0.0,0.0,0.0,seed_description_not_test_CI,,
ASOF|RandomForest_unweighted|M5,S_frozen,p_at_5pct,5,1,0.0,0.0,0.0,0.0,seed_description_not_test_CI,,
ASOF|RandomForest_unweighted|M5,S_frozen,r_at_10fpr,5,1,0.26666666666666666,0.09128709291752768,0.16666666666666666,0.3333333333333333,seed_description_not_test_CI,,
ASOF|RandomForest_unweighted|M5,S_frozen,hits_at_budget,5,1,0.0,0.0,0.0,0.0,seed_description_not_test_CI,,
A|GCN_reverse|M11,S_frozen,roc_auc,5,1,0.8505096116630113,0.03778421503219267,0.796671397239066,0.9001419171719778,seed_description_not_test_CI,,
A|GCN_reverse|M11,S_frozen,ap,5,1,0.003752739272168998,0.0010653914170258346,0.002161300789694605,0.004836078091263368,seed_description_not_test_CI,,
A|GCN_reverse|M11,S_frozen,f1_val_threshold,5,1,0.0,0.0,0.0,0.0,seed_description_not_test_CI,,
A|GCN_reverse|M11,S_frozen,p_at_5pct,5,1,0.0030927835051546395,0.002823312152088485,0.0,0.005154639175257732,seed_description_not_test_CI,,
A|GCN_reverse|M11,S_frozen,r_at_10fpr,5,1,0.4333333333333333,0.14907119849998596,0.16666666666666666,0.5,seed_description_not_test_CI,,
A|GCN_reverse|M11,S_frozen,hits_at_budget,5,1,1.2,1.0954451150103324,0.0,2.0,seed_description_not_test_CI,,
A|GraphSAGE_reverse|M11,S_frozen,roc_auc,5,1,0.802034146131682,0.03028348758087394,0.7626327785662066,0.8332258203242593,seed_description_not_test_CI,,
A|GraphSAGE_reverse|M11,S_frozen,ap,5,1,0.0051197777243128986,0.00204244764908022,0.003802903860493671,0.008524951099960291,seed_description_not_test_CI,,
A|GraphSAGE_reverse|M11,S_frozen,f1_val_threshold,5,1,0.006310913828042072,0.010131190127072268,0.0,0.023255813953488372,seed_description_not_test_CI,,
A|GraphSAGE_reverse|M11,S_frozen,p_at_5pct,5,1,0.004639175257731959,0.002823312152088485,0.0,0.007731958762886598,seed_description_not_test_CI,,
A|GraphSAGE_reverse|M11,S_frozen,r_at_10fpr,5,1,0.5666666666666667,0.09128709291752767,0.5,0.6666666666666666,seed_description_not_test_CI,,
A|GraphSAGE_reverse|M11,S_frozen,hits_at_budget,5,1,1.8,1.0954451150103324,0.0,3.0,seed_description_not_test_CI,,
A|MLP|M11,S_frozen,roc_auc,5,1,0.8003246892874039,0.047193429228800154,0.7187137143594375,0.8346019868404078,seed_description_not_test_CI,,
A|MLP|M11,S_frozen,ap,5,1,0.003930685691259918,0.0008848802754626382,0.002475794406203582,0.004872357773545154,seed_description_not_test_CI,,
A|MLP|M11,S_frozen,f1_val_threshold,5,1,0.0,0.0,0.0,0.0,seed_description_not_test_CI,,
A|MLP|M11,S_frozen,p_at_5pct,5,1,0.005154639175257732,0.0018224401576972876,0.002577319587628866,0.007731958762886598,seed_description_not_test_CI,,
A|MLP|M11,S_frozen,r_at_10fpr,5,1,0.5333333333333333,0.13944333775567924,0.3333333333333333,0.6666666666666666,seed_description_not_test_CI,,
A|MLP|M11,S_frozen,hits_at_budget,5,1,2.0,0.7071067811865476,1.0,3.0,seed_description_not_test_CI,,
A|RandomForest_unweighted|M11,S_frozen,roc_auc,5,1,0.8680772373457188,0.014746301059090649,0.8448909818087988,0.8847568055734745,seed_description_not_test_CI,,
A|RandomForest_unweighted|M11,S_frozen,ap,5,1,0.0037780771804396852,0.0002452044932400285,0.003487967237135275,0.00399649235381761,seed_description_not_test_CI,,
A|RandomForest_unweighted|M11,S_frozen,f1_val_threshold,5,1,0.0,0.0,0.0,0.0,seed_description_not_test_CI,,
A|RandomForest_unweighted|M11,S_frozen,p_at_5pct,5,1,0.0036082474226804126,0.0014116560760442426,0.002577319587628866,0.005154639175257732,seed_description_not_test_CI,,
A|RandomForest_unweighted|M11,S_frozen,r_at_10fpr,5,1,0.3333333333333333,0.0,0.3333333333333333,0.3333333333333333,seed_description_not_test_CI,,
A|RandomForest_unweighted|M11,S_frozen,hits_at_budget,5,1,1.4,0.5477225575051661,1.0,2.0,seed_description_not_test_CI,,
B0|MLP|M11_no_FIN87,S_frozen,roc_auc,5,1,0.7590461445834946,0.044760214358011384,0.6938889605642282,0.8014664774437708,seed_description_not_test_CI,,
B0|MLP|M11_no_FIN87,S_frozen,ap,5,1,0.01385934893728714,0.006804200558417645,0.003925981704075792,0.02288771099922607,seed_description_not_test_CI,,
B0|MLP|M11_no_FIN87,S_frozen,f1_val_threshold,5,1,0.021467065062316618,0.020621697000575357,0.0,0.04597701149425287,seed_description_not_test_CI,,
B0|MLP|M11_no_FIN87,S_frozen,p_at_5pct,5,1,0.006185567010309279,0.0023052247190719485,0.002577319587628866,0.007731958762886598,seed_description_not_test_CI,,
B0|MLP|M11_no_FIN87,S_frozen,r_at_10fpr,5,1,0.4333333333333333,0.14907119849998596,0.16666666666666666,0.5,seed_description_not_test_CI,,
B0|MLP|M11_no_FIN87,S_frozen,hits_at_budget,5,1,2.4,0.8944271909999159,1.0,3.0,seed_description_not_test_CI,,
B0|MLP|M5_no_FIN87,S_frozen,roc_auc,5,1,0.47652991011912443,0.07539511642361758,0.34388035952350227,0.5261794177095429,seed_description_not_test_CI,,
B0|MLP|M5_no_FIN87,S_frozen,ap,5,1,0.0012068744334986104,0.00057033202514194,0.0006244240324681969,0.0021316346380428723,seed_description_not_test_CI,,
B0|MLP|M5_no_FIN87,S_frozen,f1_val_threshold,5,1,0.000532071696575791,0.0007498503256363432,0.0,0.0015810276679841897,seed_description_not_test_CI,,
B0|MLP|M5_no_FIN87,S_frozen,p_at_5pct,5,1,0.0010309278350515464,0.0014116560760442426,0.0,0.002577319587628866,seed_description_not_test_CI,,
B0|MLP|M5_no_FIN87,S_frozen,r_at_10fpr,5,1,0.16666666666666666,0.11785113019775792,0.0,0.3333333333333333,seed_description_not_test_CI,,
B0|MLP|M5_no_FIN87,S_frozen,hits_at_budget,5,1,0.4,0.5477225575051662,0.0,1.0,seed_description_not_test_CI,,
B0|RandomForest_unweighted|M11_no_FIN87,S_frozen,roc_auc,5,1,0.7930525093536318,0.03554622561359286,0.7568700812798349,0.8449232357115211,seed_description_not_test_CI,,
B0|RandomForest_unweighted|M11_no_FIN87,S_frozen,ap,5,1,0.007360147779511673,0.00044340554800915613,0.0069064879752824895,0.008028150698886315,seed_description_not_test_CI,,
B0|RandomForest_unweighted|M11_no_FIN87,S_frozen,f1_val_threshold,5,1,0.006779661016949152,0.015159782898303659,0.0,0.03389830508474576,seed_description_not_test_CI,,
B0|RandomForest_unweighted|M11_no_FIN87,S_frozen,p_at_5pct,5,1,0.005154639175257732,0.0,0.005154639175257732,0.005154639175257732,seed_description_not_test_CI,,
B0|RandomForest_unweighted|M11_no_FIN87,S_frozen,r_at_10fpr,5,1,0.3666666666666666,0.07453559924999299,0.3333333333333333,0.5,seed_description_not_test_CI,,
B0|RandomForest_unweighted|M11_no_FIN87,S_frozen,hits_at_budget,5,1,2.0,0.0,2.0,2.0,seed_description_not_test_CI,,
B0|RandomForest_unweighted|M5_no_FIN87,S_frozen,roc_auc,5,1,0.5162796198339998,0.006016183408010793,0.5100632176493355,0.525921386487765,seed_description_not_test_CI,,
B0|RandomForest_unweighted|M5_no_FIN87,S_frozen,ap,5,1,0.0009472880546741247,8.221217204890211e-05,0.0008827965519535017,0.001087795205729972,seed_description_not_test_CI,,
B0|RandomForest_unweighted|M5_no_FIN87,S_frozen,f1_val_threshold,5,1,0.0015166541021506444,0.00018545675899961302,0.0013470281192119885,0.0017969451931716084,seed_description_not_test_CI,,
B0|RandomForest_unweighted|M5_no_FIN87,S_frozen,p_at_5pct,5,1,0.0,0.0,0.0,0.0,seed_description_not_test_CI,,
B0|RandomForest_unweighted|M5_no_FIN87,S_frozen,r_at_10fpr,5,1,0.03333333333333333,0.07453559924999299,0.0,0.16666666666666666,seed_description_not_test_CI,,
B0|RandomForest_unweighted|M5_no_FIN87,S_frozen,hits_at_budget,5,1,0.0,0.0,0.0,0.0,seed_description_not_test_CI,,
B|MLP|M11|271707,S_frozen,roc_auc,5,1,0.8223799079688643,0.023632712317465047,0.7913387519889907,0.8432460327699651,seed_description_not_test_CI,,
B|MLP|M11|271707,S_frozen,ap,5,1,0.0051525694016867725,0.0010717655422049332,0.003849474058366917,0.006405915032437321,seed_description_not_test_CI,,
B|MLP|M11|271707,S_frozen,f1_val_threshold,5,1,0.002758620689655172,0.006168463386206316,0.0,0.013793103448275862,seed_description_not_test_CI,,
B|MLP|M11|271707,S_frozen,p_at_5pct,5,1,0.005670103092783505,0.0011526123595359743,0.005154639175257732,0.007731958762886598,seed_description_not_test_CI,,
B|MLP|M11|271707,S_frozen,r_at_10fpr,5,1,0.4666666666666666,0.13944333775567927,0.3333333333333333,0.6666666666666666,seed_description_not_test_CI,,
B|MLP|M11|271707,S_frozen,hits_at_budget,5,1,2.2,0.4472135954999579,2.0,3.0,seed_description_not_test_CI,,
B|MLP|M11|271708,S_frozen,roc_auc,5,1,0.8239711005031609,0.017908489394434818,0.801918032081882,0.8434610587881133,seed_description_not_test_CI,,
B|MLP|M11|271708,S_frozen,ap,5,1,0.004868459845589562,0.0006277759910106569,0.004081790884119108,0.0055146818372158665,seed_description_not_test_CI,,
B|MLP|M11|271708,S_frozen,f1_val_threshold,5,1,0.003690532637901059,0.005346677318590537,0.0,0.011695906432748537,seed_description_not_test_CI,,
B|MLP|M11|271708,S_frozen,p_at_5pct,5,1,0.005154639175257732,0.0,0.005154639175257732,0.005154639175257732,seed_description_not_test_CI,,
B|MLP|M11|271708,S_frozen,r_at_10fpr,5,1,0.5,0.11785113019775792,0.3333333333333333,0.6666666666666666,seed_description_not_test_CI,,
B|MLP|M11|271708,S_frozen,hits_at_budget,5,1,2.0,0.0,2.0,2.0,seed_description_not_test_CI,,
B|MLP|M11|271709,S_frozen,roc_auc,5,1,0.8012213477830817,0.020215857240429486,0.7764589515331355,0.8231841052767386,seed_description_not_test_CI,,
B|MLP|M11|271709,S_frozen,ap,5,1,0.004262140669192088,0.0005192046101132078,0.0034707423761979874,0.004894679748466288,seed_description_not_test_CI,,
B|MLP|M11|271709,S_frozen,f1_val_threshold,5,1,0.004630303030303031,0.006825867721843614,0.0,0.015151515151515152,seed_description_not_test_CI,,
B|MLP|M11|271709,S_frozen,p_at_5pct,5,1,0.004639175257731959,0.001152612359535974,0.002577319587628866,0.005154639175257732,seed_description_not_test_CI,,
B|MLP|M11|271709,S_frozen,r_at_10fpr,5,1,0.4333333333333333,0.14907119849998596,0.3333333333333333,0.6666666666666666,seed_description_not_test_CI,,
B|MLP|M11|271709,S_frozen,hits_at_budget,5,1,1.8,0.4472135954999579,1.0,2.0,seed_description_not_test_CI,,
B|MLP|M5|271707,S_frozen,roc_auc,5,1,0.689158388164968,0.04610474991593459,0.6398314196017718,0.7535156753967229,seed_description_not_test_CI,,
B|MLP|M5|271707,S_frozen,ap,5,1,0.0021281167450202844,0.0004153967610598699,0.0015665143588501891,0.002712299179411442,seed_description_not_test_CI,,
B|MLP|M5|271707,S_frozen,f1_val_threshold,5,1,0.0014035087719298247,0.003138341021052337,0.0,0.007017543859649123,seed_description_not_test_CI,,
B|MLP|M5|271707,S_frozen,p_at_5pct,5,1,0.002577319587628866,0.0018224401576972873,0.0,0.005154639175257732,seed_description_not_test_CI,,
B|MLP|M5|271707,S_frozen,r_at_10fpr,5,1,0.3333333333333333,0.0,0.3333333333333333,0.3333333333333333,seed_description_not_test_CI,,
B|MLP|M5|271707,S_frozen,hits_at_budget,5,1,1.0,0.7071067811865476,0.0,2.0,seed_description_not_test_CI,,
B|MLP|M5|271708,S_frozen,roc_auc,5,1,0.6955231583021545,0.03445667988340034,0.6606459381585171,0.7482905431557219,seed_description_not_test_CI,,
B|MLP|M5|271708,S_frozen,ap,5,1,0.0020809167471433506,0.0003810023788465291,0.0015891955737184903,0.002629056340421081,seed_description_not_test_CI,,
B|MLP|M5|271708,S_frozen,f1_val_threshold,5,1,0.0,0.0,0.0,0.0,seed_description_not_test_CI,,
B|MLP|M5|271708,S_frozen,p_at_5pct,5,1,0.0,0.0,0.0,0.0,seed_description_not_test_CI,,
B|MLP|M5|271708,S_frozen,r_at_10fpr,5,1,0.36666666666666664,0.13944333775567927,0.16666666666666666,0.5,seed_description_not_test_CI,,
B|MLP|M5|271708,S_frozen,hits_at_budget,5,1,0.0,0.0,0.0,0.0,seed_description_not_test_CI,,
B|MLP|M5|271709,S_frozen,roc_auc,5,1,0.6342966498946373,0.03899097861555132,0.6037285511546897,0.692125747215413,seed_description_not_test_CI,,
B|MLP|M5|271709,S_frozen,ap,5,1,0.0017688478674039662,0.0005347025768621971,0.0013396865203708194,0.002628302684860758,seed_description_not_test_CI,,
B|MLP|M5|271709,S_frozen,f1_val_threshold,5,1,0.0,0.0,0.0,0.0,seed_description_not_test_CI,,
B|MLP|M5|271709,S_frozen,p_at_5pct,5,1,0.0015463917525773197,0.002305224719071948,0.0,0.005154639175257732,seed_description_not_test_CI,,
B|MLP|M5|271709,S_frozen,r_at_10fpr,5,1,0.2333333333333333,0.09128709291752768,0.16666666666666666,0.3333333333333333,seed_description_not_test_CI,,
B|MLP|M5|271709,S_frozen,hits_at_budget,5,1,0.6,0.8944271909999159,0.0,2.0,seed_description_not_test_CI,,
B|RandomForest_unweighted|M11|271707,S_frozen,roc_auc,5,1,0.8240334580484239,0.021499060313438706,0.7999290414140111,0.846783210768503,seed_description_not_test_CI,,
B|RandomForest_unweighted|M11|271707,S_frozen,ap,5,1,0.003399032462825737,0.0007336016554672032,0.002795429413475972,0.004378470633254616,seed_description_not_test_CI,,
B|RandomForest_unweighted|M11|271707,S_frozen,f1_val_threshold,5,1,0.0,0.0,0.0,0.0,seed_description_not_test_CI,,
B|RandomForest_unweighted|M11|271707,S_frozen,p_at_5pct,5,1,0.002577319587628866,0.0,0.002577319587628866,0.002577319587628866,seed_description_not_test_CI,,
B|RandomForest_unweighted|M11|271707,S_frozen,r_at_10fpr,5,1,0.3333333333333333,0.11785113019775792,0.16666666666666666,0.5,seed_description_not_test_CI,,
B|RandomForest_unweighted|M11|271707,S_frozen,hits_at_budget,5,1,1.0,0.0,1.0,1.0,seed_description_not_test_CI,,
B|RandomForest_unweighted|M11|271708,S_frozen,roc_auc,5,1,0.8365415215241043,0.01800388818909897,0.8187760719047005,0.8661355524018406,seed_description_not_test_CI,,
B|RandomForest_unweighted|M11|271708,S_frozen,ap,5,1,0.0034276404251851684,0.000414268480120332,0.003151810866613097,0.004126734323728882,seed_description_not_test_CI,,
B|RandomForest_unweighted|M11|271708,S_frozen,f1_val_threshold,5,1,0.0,0.0,0.0,0.0,seed_description_not_test_CI,,
B|RandomForest_unweighted|M11|271708,S_frozen,p_at_5pct,5,1,0.002061855670103093,0.001152612359535974,0.0,0.002577319587628866,seed_description_not_test_CI,,
B|RandomForest_unweighted|M11|271708,S_frozen,r_at_10fpr,5,1,0.4666666666666666,0.13944333775567927,0.3333333333333333,0.6666666666666666,seed_description_not_test_CI,,
B|RandomForest_unweighted|M11|271708,S_frozen,hits_at_budget,5,1,0.8,0.4472135954999579,0.0,1.0,seed_description_not_test_CI,,
B|RandomForest_unweighted|M11|271709,S_frozen,roc_auc,5,1,0.8344772717498816,0.02596558543676357,0.7911344772717499,0.8555885262116716,seed_description_not_test_CI,,
B|RandomForest_unweighted|M11|271709,S_frozen,ap,5,1,0.0033355742340602642,0.00035251251419839987,0.0027845672529419685,0.003607111010990024,seed_description_not_test_CI,,
B|RandomForest_unweighted|M11|271709,S_frozen,f1_val_threshold,5,1,0.0,0.0,0.0,0.0,seed_description_not_test_CI,,
B|RandomForest_unweighted|M11|271709,S_frozen,p_at_5pct,5,1,0.002577319587628866,0.0,0.002577319587628866,0.002577319587628866,seed_description_not_test_CI,,
B|RandomForest_unweighted|M11|271709,S_frozen,r_at_10fpr,5,1,0.5,0.11785113019775792,0.3333333333333333,0.6666666666666666,seed_description_not_test_CI,,
B|RandomForest_unweighted|M11|271709,S_frozen,hits_at_budget,5,1,1.0,0.0,1.0,1.0,seed_description_not_test_CI,,
B|RandomForest_unweighted|M5|271707,S_frozen,roc_auc,5,1,0.6599686062013503,0.028879432177992152,0.6161248011009332,0.6898787253257644,seed_description_not_test_CI,,
B|RandomForest_unweighted|M5|271707,S_frozen,ap,5,1,0.0015640541867656672,0.00017870486781293364,0.0013022488611518816,0.00174299611299538,seed_description_not_test_CI,,
B|RandomForest_unweighted|M5|271707,S_frozen,f1_val_threshold,5,1,0.0,0.0,0.0,0.0,seed_description_not_test_CI,,
B|RandomForest_unweighted|M5|271707,S_frozen,p_at_5pct,5,1,0.0,0.0,0.0,0.0,seed_description_not_test_CI,,
B|RandomForest_unweighted|M5|271707,S_frozen,r_at_10fpr,5,1,0.2,0.13944333775567927,0.0,0.3333333333333333,seed_description_not_test_CI,,
B|RandomForest_unweighted|M5|271707,S_frozen,hits_at_budget,5,1,0.0,0.0,0.0,0.0,seed_description_not_test_CI,,
B|RandomForest_unweighted|M5|271708,S_frozen,roc_auc,5,1,0.6444695308132283,0.06133574746534379,0.5445318883584913,0.7025975142992302,seed_description_not_test_CI,,
B|RandomForest_unweighted|M5|271708,S_frozen,ap,5,1,0.001386412927993928,0.00015787325814294793,0.001156634896042306,0.0015562102997069144,seed_description_not_test_CI,,
B|RandomForest_unweighted|M5|271708,S_frozen,f1_val_threshold,5,1,0.0,0.0,0.0,0.0,seed_description_not_test_CI,,
B|RandomForest_unweighted|M5|271708,S_frozen,p_at_5pct,5,1,0.0,0.0,0.0,0.0,seed_description_not_test_CI,,
B|RandomForest_unweighted|M5|271708,S_frozen,r_at_10fpr,5,1,0.1,0.09128709291752768,0.0,0.16666666666666666,seed_description_not_test_CI,,
B|RandomForest_unweighted|M5|271708,S_frozen,hits_at_budget,5,1,0.0,0.0,0.0,0.0,seed_description_not_test_CI,,
B|RandomForest_unweighted|M5|271709,S_frozen,roc_auc,5,1,0.6609125704210209,0.028304374920859698,0.6105878811336172,0.678245817743947,seed_description_not_test_CI,,
B|RandomForest_unweighted|M5|271709,S_frozen,ap,5,1,0.001564461129508543,0.00012712737477540897,0.0014516262959742587,0.001761048829698008,seed_description_not_test_CI,,
B|RandomForest_unweighted|M5|271709,S_frozen,f1_val_threshold,5,1,0.0,0.0,0.0,0.0,seed_description_not_test_CI,,
B|RandomForest_unweighted|M5|271709,S_frozen,p_at_5pct,5,1,0.0,0.0,0.0,0.0,seed_description_not_test_CI,,
B|RandomForest_unweighted|M5|271709,S_frozen,r_at_10fpr,5,1,0.2,0.18257418583505536,0.0,0.3333333333333333,seed_description_not_test_CI,,
B|RandomForest_unweighted|M5|271709,S_frozen,hits_at_budget,5,1,0.0,0.0,0.0,0.0,seed_description_not_test_CI,,
C|RandomForest_unweighted|flags3,S_frozen,roc_auc,5,1,0.7453446867070915,0.0,0.7453446867070915,0.7453446867070915,seed_description_not_test_CI,,
C|RandomForest_unweighted|flags3,S_frozen,ap,5,1,0.0022071493747331528,0.0,0.0022071493747331528,0.0022071493747331528,seed_description_not_test_CI,,
C|RandomForest_unweighted|flags3,S_frozen,f1_val_threshold,5,1,0.0,0.0,0.0,0.0,seed_description_not_test_CI,,
C|RandomForest_unweighted|flags3,S_frozen,p_at_5pct,5,1,0.002577319587628866,0.0,0.002577319587628866,0.002577319587628866,seed_description_not_test_CI,,
C|RandomForest_unweighted|flags3,S_frozen,r_at_10fpr,5,1,0.0,0.0,0.0,0.0,seed_description_not_test_CI,,
C|RandomForest_unweighted|flags3,S_frozen,hits_at_budget,5,1,1.0,0.0,1.0,1.0,seed_description_not_test_CI,,
V26|GCN_reverse|M11,S_frozen,roc_auc,5,1,0.8628994108287102,0.0264867020731585,0.8383434395561863,0.9053240442093493,seed_description_not_test_CI,,
V26|GCN_reverse|M11,S_frozen,ap,5,1,0.004105904068246934,0.000940896699047238,0.002736283415669894,0.005258631404560451,seed_description_not_test_CI,,
V26|GCN_reverse|M11,S_frozen,f1_val_threshold,5,1,0.0,0.0,0.0,0.0,seed_description_not_test_CI,,
V26|GCN_reverse|M11,S_frozen,p_at_5pct,5,1,0.002577319587628866,0.002577319587628866,0.0,0.005154639175257732,seed_description_not_test_CI,,
V26|GCN_reverse|M11,S_frozen,r_at_10fpr,5,1,0.5333333333333333,0.13944333775567927,0.3333333333333333,0.6666666666666666,seed_description_not_test_CI,,
V26|GCN_reverse|M11,S_frozen,hits_at_budget,5,1,1.0,1.0,0.0,2.0,seed_description_not_test_CI,,
V26|GraphSAGE_reverse|M11,S_frozen,roc_auc,5,1,0.8203543628779082,0.04062104024631481,0.7703952178213564,0.8733496753107126,seed_description_not_test_CI,,
V26|GraphSAGE_reverse|M11,S_frozen,ap,5,1,0.004442858380870572,0.0008722329765463601,0.0035288386805434435,0.005426078077140562,seed_description_not_test_CI,,
V26|GraphSAGE_reverse|M11,S_frozen,f1_val_threshold,5,1,0.0029629629629629632,0.006625386599999378,0.0,0.014814814814814815,seed_description_not_test_CI,,
V26|GraphSAGE_reverse|M11,S_frozen,p_at_5pct,5,1,0.005154639175257732,0.0018224401576972876,0.002577319587628866,0.007731958762886598,seed_description_not_test_CI,,
V26|GraphSAGE_reverse|M11,S_frozen,r_at_10fpr,5,1,0.5666666666666667,0.09128709291752767,0.5,0.6666666666666666,seed_description_not_test_CI,,
V26|GraphSAGE_reverse|M11,S_frozen,hits_at_budget,5,1,2.0,0.7071067811865476,1.0,3.0,seed_description_not_test_CI,,
V26|MLP|M11,S_frozen,roc_auc,5,1,0.8130649808626845,0.023309720920091283,0.7789532533436546,0.8389885176106309,seed_description_not_test_CI,,
V26|MLP|M11,S_frozen,ap,5,1,0.004090722558860452,0.0007061949777662598,0.002982108216364338,0.004933982685605853,seed_description_not_test_CI,,
V26|MLP|M11,S_frozen,f1_val_threshold,5,1,0.001951219512195122,0.004363059468292273,0.0,0.00975609756097561,seed_description_not_test_CI,,
V26|MLP|M11,S_frozen,p_at_5pct,5,1,0.004639175257731958,0.001152612359535974,0.002577319587628866,0.005154639175257732,seed_description_not_test_CI,,
V26|MLP|M11,S_frozen,r_at_10fpr,5,1,0.4666666666666666,0.13944333775567927,0.3333333333333333,0.6666666666666666,seed_description_not_test_CI,,
V26|MLP|M11,S_frozen,hits_at_budget,5,1,1.8,0.44721359549995804,1.0,2.0,seed_description_not_test_CI,,
V26|RandomForest_unweighted|M11,S_frozen,roc_auc,5,1,0.8591601083731131,0.016937701953056945,0.8428912398400207,0.8846277899625855,seed_description_not_test_CI,,
V26|RandomForest_unweighted|M11,S_frozen,ap,5,1,0.003608078227165935,0.00022677270109452939,0.0033809207526567294,0.003911445055440289,seed_description_not_test_CI,,
V26|RandomForest_unweighted|M11,S_frozen,f1_val_threshold,5,1,0.0,0.0,0.0,0.0,seed_description_not_test_CI,,
V26|RandomForest_unweighted|M11,S_frozen,p_at_5pct,5,1,0.003092783505154639,0.001152612359535974,0.002577319587628866,0.005154639175257732,seed_description_not_test_CI,,
V26|RandomForest_unweighted|M11,S_frozen,r_at_10fpr,5,1,0.3333333333333333,0.11785113019775792,0.16666666666666666,0.5,seed_description_not_test_CI,,
V26|RandomForest_unweighted|M11,S_frozen,hits_at_budget,5,1,1.2,0.4472135954999579,1.0,2.0,seed_description_not_test_CI,,
B_mean3|MLP|M5,S_frozen,roc_auc,5,3,0.6729927321205866,0.036877718770553486,0.6414441147378832,0.7313106552559526,fixed_world_mean_then_matched_seed_description_not_independent_15_cohorts,0.6342966498946373,0.6955231583021545
B_mean3|MLP|M5,S_frozen,ap,5,3,0.001992627119855867,0.0004291541364008355,0.0014984654843131662,0.0026565527348977602,fixed_world_mean_then_matched_seed_description_not_independent_15_cohorts,0.0017688478674039662,0.0021281167450202844
B_mean3|MLP|M5,S_frozen,f1_val_threshold,5,3,0.00046783625730994154,0.0010461136736841122,0.0,0.0023391812865497076,fixed_world_mean_then_matched_seed_description_not_independent_15_cohorts,0.0,0.0014035087719298247
B_mean3|MLP|M5,S_frozen,p_at_5pct,5,3,0.001374570446735395,0.0013028995608335998,0.0,0.003436426116838488,fixed_world_mean_then_matched_seed_description_not_independent_15_cohorts,0.0,0.002577319587628866
B_mean3|MLP|M5,S_frozen,r_at_10fpr,5,3,0.31111111111111106,0.07453559924999298,0.2222222222222222,0.38888888888888884,fixed_world_mean_then_matched_seed_description_not_independent_15_cohorts,0.2333333333333333,0.36666666666666664
B_mean3|MLP|M5,S_frozen,hits_at_budget,5,3,0.5333333333333334,0.5055250296034367,0.0,1.3333333333333333,fixed_world_mean_then_matched_seed_description_not_independent_15_cohorts,0.0,1.0
B_mean3|MLP|M11,S_frozen,roc_auc,5,3,0.8158574520850357,0.019961423353737764,0.7899052452013361,0.8342364426095559,fixed_world_mean_then_matched_seed_description_not_independent_15_cohorts,0.8012213477830817,0.8239711005031609
B_mean3|MLP|M11,S_frozen,ap,5,3,0.004761056638822808,0.000699874914638216,0.003800669106228004,0.005504196570818518,fixed_world_mean_then_matched_seed_description_not_independent_15_cohorts,0.004262140669192088,0.0051525694016867725
B_mean3|MLP|M11,S_frozen,f1_val_threshold,5,3,0.0036931521192864205,0.005905840750595079,0.0,0.013546841677513183,fixed_world_mean_then_matched_seed_description_not_independent_15_cohorts,0.002758620689655172,0.004630303030303031
B_mean3|MLP|M11,S_frozen,p_at_5pct,5,3,0.005154639175257732,0.0006074800525657625,0.0042955326460481094,0.006013745704467353,fixed_world_mean_then_matched_seed_description_not_independent_15_cohorts,0.004639175257731959,0.005670103092783505
B_mean3|MLP|M11,S_frozen,r_at_10fpr,5,3,0.4666666666666666,0.12789849370245931,0.3333333333333333,0.6666666666666666,fixed_world_mean_then_matched_seed_description_not_independent_15_cohorts,0.4333333333333333,0.5
B_mean3|MLP|M11,S_frozen,hits_at_budget,5,3,2.0,0.23570226039551587,1.6666666666666667,2.3333333333333335,fixed_world_mean_then_matched_seed_description_not_independent_15_cohorts,1.8,2.2
B_mean3|RandomForest_unweighted|M5,S_frozen,roc_auc,5,3,0.6551169024785333,0.028882715435447046,0.6115304118465,0.6881692684814863,fixed_world_mean_then_matched_seed_description_not_independent_15_cohorts,0.6444695308132283,0.6609125704210209
B_mean3|RandomForest_unweighted|M5,S_frozen,ap,5,3,0.0015049760814227126,5.984035349534506e-05,0.0014430149715016658,0.0015783688211978581,fixed_world_mean_then_matched_seed_description_not_independent_15_cohorts,0.001386412927993928,0.001564461129508543
B_mean3|RandomForest_unweighted|M5,S_frozen,f1_val_threshold,5,3,0.0,0.0,0.0,0.0,fixed_world_mean_then_matched_seed_description_not_independent_15_cohorts,0.0,0.0
B_mean3|RandomForest_unweighted|M5,S_frozen,p_at_5pct,5,3,0.0,0.0,0.0,0.0,fixed_world_mean_then_matched_seed_description_not_independent_15_cohorts,0.0,0.0
B_mean3|RandomForest_unweighted|M5,S_frozen,r_at_10fpr,5,3,0.16666666666666666,0.0,0.16666666666666666,0.16666666666666666,fixed_world_mean_then_matched_seed_description_not_independent_15_cohorts,0.1,0.2
B_mean3|RandomForest_unweighted|M5,S_frozen,hits_at_budget,5,3,0.0,0.0,0.0,0.0,fixed_world_mean_then_matched_seed_description_not_independent_15_cohorts,0.0,0.0
B_mean3|RandomForest_unweighted|M11,S_frozen,roc_auc,5,3,0.8316840837741367,0.013231098361602174,0.810497570205995,0.8418483636520019,fixed_world_mean_then_matched_seed_description_not_independent_15_cohorts,0.8240334580484239,0.8365415215241043
B_mean3|RandomForest_unweighted|M11,S_frozen,ap,5,3,0.003387415707357057,0.00034592114848648446,0.002954911359201408,0.0037667725123254818,fixed_world_mean_then_matched_seed_description_not_independent_15_cohorts,0.0033355742340602642,0.0034276404251851684
B_mean3|RandomForest_unweighted|M11,S_frozen,f1_val_threshold,5,3,0.0,0.0,0.0,0.0,fixed_world_mean_then_matched_seed_description_not_independent_15_cohorts,0.0,0.0
B_mean3|RandomForest_unweighted|M11,S_frozen,p_at_5pct,5,3,0.0024054982817869417,0.0003842041198453247,0.001718213058419244,0.002577319587628866,fixed_world_mean_then_matched_seed_description_not_independent_15_cohorts,0.002061855670103093,0.002577319587628866
B_mean3|RandomForest_unweighted|M11,S_frozen,r_at_10fpr,5,3,0.4333333333333333,0.07243558228002943,0.3333333333333333,0.5,fixed_world_mean_then_matched_seed_description_not_independent_15_cohorts,0.3333333333333333,0.5
B_mean3|RandomForest_unweighted|M11,S_frozen,hits_at_budget,5,3,0.9333333333333332,0.149071198499986,0.6666666666666666,1.0,fixed_world_mean_then_matched_seed_description_not_independent_15_cohorts,0.8,1.0
ASOF|MLP|M11,J_frozen,roc_auc,5,1,0.595832795768288,0.049030315926203896,0.5416075345116759,0.6674622629338149,seed_description_not_test_CI,,
ASOF|MLP|M11,J_frozen,ap,5,1,0.0004765520940024807,6.17073952149871e-05,0.0004119713607330475,0.0005697042455421268,seed_description_not_test_CI,,
ASOF|MLP|M11,J_frozen,f1_val_threshold,5,1,0.0,0.0,0.0,0.0,seed_description_not_test_CI,,
ASOF|MLP|M11,J_frozen,p_at_5pct,5,1,0.0,0.0,0.0,0.0,seed_description_not_test_CI,,
ASOF|MLP|M11,J_frozen,r_at_10fpr,5,1,0.0,0.0,0.0,0.0,seed_description_not_test_CI,,
ASOF|MLP|M11,J_frozen,hits_at_budget,5,1,0.0,0.0,0.0,0.0,seed_description_not_test_CI,,
ASOF|MLP|M5,J_frozen,roc_auc,5,1,0.4811508192491292,0.053252148695246276,0.3982711908140885,0.5399948393755645,seed_description_not_test_CI,,
ASOF|MLP|M5,J_frozen,ap,5,1,0.00037030337848584395,3.796021760656008e-05,0.00031376337244538985,0.00041258970597786383,seed_description_not_test_CI,,
ASOF|MLP|M5,J_frozen,f1_val_threshold,5,1,0.0,0.0,0.0,0.0,seed_description_not_test_CI,,
ASOF|MLP|M5,J_frozen,p_at_5pct,5,1,0.0,0.0,0.0,0.0,seed_description_not_test_CI,,
ASOF|MLP|M5,J_frozen,r_at_10fpr,5,1,0.0,0.0,0.0,0.0,seed_description_not_test_CI,,
ASOF|MLP|M5,J_frozen,hits_at_budget,5,1,0.0,0.0,0.0,0.0,seed_description_not_test_CI,,
ASOF|RandomForest_unweighted|M11,J_frozen,roc_auc,5,1,0.826635272868017,0.029672144302375202,0.7948329247838989,0.8728228615662494,seed_description_not_test_CI,,
ASOF|RandomForest_unweighted|M11,J_frozen,ap,5,1,0.0011045140176727444,0.00018595423152165545,0.0009473791410429121,0.0014240093233151372,seed_description_not_test_CI,,
ASOF|RandomForest_unweighted|M11,J_frozen,f1_val_threshold,5,1,0.0,0.0,0.0,0.0,seed_description_not_test_CI,,
ASOF|RandomForest_unweighted|M11,J_frozen,p_at_5pct,5,1,0.0,0.0,0.0,0.0,seed_description_not_test_CI,,
ASOF|RandomForest_unweighted|M11,J_frozen,r_at_10fpr,5,1,0.1,0.22360679774997902,0.0,0.5,seed_description_not_test_CI,,
ASOF|RandomForest_unweighted|M11,J_frozen,hits_at_budget,5,1,0.0,0.0,0.0,0.0,seed_description_not_test_CI,,
ASOF|RandomForest_unweighted|M5,J_frozen,roc_auc,5,1,0.7498322797058444,0.053200333556514434,0.6592375177396465,0.7900270932782867,seed_description_not_test_CI,,
ASOF|RandomForest_unweighted|M5,J_frozen,ap,5,1,0.0010273774551101083,0.00015414824014065148,0.0008374136194742507,0.001193157443157443,seed_description_not_test_CI,,
ASOF|RandomForest_unweighted|M5,J_frozen,f1_val_threshold,5,1,0.0,0.0,0.0,0.0,seed_description_not_test_CI,,
ASOF|RandomForest_unweighted|M5,J_frozen,p_at_5pct,5,1,0.0,0.0,0.0,0.0,seed_description_not_test_CI,,
ASOF|RandomForest_unweighted|M5,J_frozen,r_at_10fpr,5,1,0.3,0.2738612787525831,0.0,0.5,seed_description_not_test_CI,,
ASOF|RandomForest_unweighted|M5,J_frozen,hits_at_budget,5,1,0.0,0.0,0.0,0.0,seed_description_not_test_CI,,
A|GCN_reverse|M11,J_frozen,roc_auc,5,1,0.7807766739775512,0.0924290788439819,0.6478518900786996,0.8830473487291962,seed_description_not_test_CI,,
A|GCN_reverse|M11,J_frozen,ap,5,1,0.0010660109510183327,0.0004247270531626461,0.0005725989367017165,0.0016074233959395435,seed_description_not_test_CI,,
A|GCN_reverse|M11,J_frozen,f1_val_threshold,5,1,0.0,0.0,0.0,0.0,seed_description_not_test_CI,,
A|GCN_reverse|M11,J_frozen,p_at_5pct,5,1,0.0,0.0,0.0,0.0,seed_description_not_test_CI,,
A|GCN_reverse|M11,J_frozen,r_at_10fpr,5,1,0.1,0.223606797749979,0.0,0.5,seed_description_not_test_CI,,
A|GCN_reverse|M11,J_frozen,hits_at_budget,5,1,0.0,0.0,0.0,0.0,seed_description_not_test_CI,,
A|GraphSAGE_reverse|M11,J_frozen,roc_auc,5,1,0.5513869178170558,0.0890975003974694,0.42155850857953814,0.6692039736808154,seed_description_not_test_CI,,
A|GraphSAGE_reverse|M11,J_frozen,ap,5,1,0.0005557613044102813,0.0002609304968332457,0.00041293959804768947,0.0010206976274143391,seed_description_not_test_CI,,
A|GraphSAGE_reverse|M11,J_frozen,f1_val_threshold,5,1,0.0,0.0,0.0,0.0,seed_description_not_test_CI,,
A|GraphSAGE_reverse|M11,J_frozen,p_at_5pct,5,1,0.0,0.0,0.0,0.0,seed_description_not_test_CI,,
A|GraphSAGE_reverse|M11,J_frozen,r_at_10fpr,5,1,0.1,0.22360679774997902,0.0,0.5,seed_description_not_test_CI,,
A|GraphSAGE_reverse|M11,J_frozen,hits_at_budget,5,1,0.0,0.0,0.0,0.0,seed_description_not_test_CI,,
A|MLP|M11,J_frozen,roc_auc,5,1,0.597484195587666,0.035543724701678256,0.5557992517094568,0.6408850470906979,seed_description_not_test_CI,,
A|MLP|M11,J_frozen,ap,5,1,0.00047458594518120313,3.845475903940213e-05,0.000434506729080545,0.0005244170075219245,seed_description_not_test_CI,,
A|MLP|M11,J_frozen,f1_val_threshold,5,1,0.0,0.0,0.0,0.0,seed_description_not_test_CI,,
A|MLP|M11,J_frozen,p_at_5pct,5,1,0.0,0.0,0.0,0.0,seed_description_not_test_CI,,
A|MLP|M11,J_frozen,r_at_10fpr,5,1,0.0,0.0,0.0,0.0,seed_description_not_test_CI,,
A|MLP|M11,J_frozen,hits_at_budget,5,1,0.0,0.0,0.0,0.0,seed_description_not_test_CI,,
A|RandomForest_unweighted|M11,J_frozen,roc_auc,5,1,0.7809701973938846,0.02928685803908284,0.7455489614243324,0.8258289252999613,seed_description_not_test_CI,,
A|RandomForest_unweighted|M11,J_frozen,ap,5,1,0.0008941162948433148,0.00015291553250582426,0.0006990214410814628,0.001063264221158958,seed_description_not_test_CI,,
A|RandomForest_unweighted|M11,J_frozen,f1_val_threshold,5,1,0.0,0.0,0.0,0.0,seed_description_not_test_CI,,
A|RandomForest_unweighted|M11,J_frozen,p_at_5pct,5,1,0.0,0.0,0.0,0.0,seed_description_not_test_CI,,
A|RandomForest_unweighted|M11,J_frozen,r_at_10fpr,5,1,0.0,0.0,0.0,0.0,seed_description_not_test_CI,,
A|RandomForest_unweighted|M11,J_frozen,hits_at_budget,5,1,0.0,0.0,0.0,0.0,seed_description_not_test_CI,,
B0|MLP|M11_no_FIN87,J_frozen,roc_auc,5,1,0.5634756805573475,0.10237834822170447,0.3853696297251967,0.6443039607792542,seed_description_not_test_CI,,
B0|MLP|M11_no_FIN87,J_frozen,ap,5,1,0.00047969227687459995,0.00011907211980331474,0.0003101497858555803,0.0006304257957833816,seed_description_not_test_CI,,
B0|MLP|M11_no_FIN87,J_frozen,f1_val_threshold,5,1,0.0,0.0,0.0,0.0,seed_description_not_test_CI,,
B0|MLP|M11_no_FIN87,J_frozen,p_at_5pct,5,1,0.0,0.0,0.0,0.0,seed_description_not_test_CI,,
B0|MLP|M11_no_FIN87,J_frozen,r_at_10fpr,5,1,0.0,0.0,0.0,0.0,seed_description_not_test_CI,,
B0|MLP|M11_no_FIN87,J_frozen,hits_at_budget,5,1,0.0,0.0,0.0,0.0,seed_description_not_test_CI,,
B0|MLP|M5_no_FIN87,J_frozen,roc_auc,5,1,0.3788156366920397,0.08540245834429108,0.3170558637595149,0.5064507805444458,seed_description_not_test_CI,,
B0|MLP|M5_no_FIN87,J_frozen,ap,5,1,0.0002660396760815428,3.4990985542102004e-05,0.0002411398813829018,0.0003193691487239614,seed_description_not_test_CI,,
B0|MLP|M5_no_FIN87,J_frozen,f1_val_threshold,5,1,0.0,0.0,0.0,0.0,seed_description_not_test_CI,,
B0|MLP|M5_no_FIN87,J_frozen,p_at_5pct,5,1,0.0,0.0,0.0,0.0,seed_description_not_test_CI,,
B0|MLP|M5_no_FIN87,J_frozen,r_at_10fpr,5,1,0.0,0.0,0.0,0.0,seed_description_not_test_CI,,
B0|MLP|M5_no_FIN87,J_frozen,hits_at_budget,5,1,0.0,0.0,0.0,0.0,seed_description_not_test_CI,,
B0|RandomForest_unweighted|M11_no_FIN87,J_frozen,roc_auc,5,1,0.5440652818991099,0.08864137526261348,0.42917042962198426,0.6571732679654239,seed_description_not_test_CI,,
B0|RandomForest_unweighted|M11_no_FIN87,J_frozen,ap,5,1,0.00042312708978305396,7.210808752422243e-05,0.00031851985785149857,0.0005073682582491144,seed_description_not_test_CI,,
B0|RandomForest_unweighted|M11_no_FIN87,J_frozen,f1_val_threshold,5,1,0.0,0.0,0.0,0.0,seed_description_not_test_CI,,
B0|RandomForest_unweighted|M11_no_FIN87,J_frozen,p_at_5pct,5,1,0.0,0.0,0.0,0.0,seed_description_not_test_CI,,
B0|RandomForest_unweighted|M11_no_FIN87,J_frozen,r_at_10fpr,5,1,0.0,0.0,0.0,0.0,seed_description_not_test_CI,,
B0|RandomForest_unweighted|M11_no_FIN87,J_frozen,hits_at_budget,5,1,0.0,0.0,0.0,0.0,seed_description_not_test_CI,,
B0|RandomForest_unweighted|M5_no_FIN87,J_frozen,roc_auc,5,1,0.698322797058444,0.002614993989997909,0.694168494387821,0.7011353373758225,seed_description_not_test_CI,,
B0|RandomForest_unweighted|M5_no_FIN87,J_frozen,ap,5,1,0.0005369334816373464,5.485293536612652e-06,0.0005299303742767333,0.0005440659261034596,seed_description_not_test_CI,,
B0|RandomForest_unweighted|M5_no_FIN87,J_frozen,f1_val_threshold,5,1,0.00047606479135649347,0.00027768752130776116,0.0,0.0006745362563237774,seed_description_not_test_CI,,
B0|RandomForest_unweighted|M5_no_FIN87,J_frozen,p_at_5pct,5,1,0.0,0.0,0.0,0.0,seed_description_not_test_CI,,
B0|RandomForest_unweighted|M5_no_FIN87,J_frozen,r_at_10fpr,5,1,0.0,0.0,0.0,0.0,seed_description_not_test_CI,,
B0|RandomForest_unweighted|M5_no_FIN87,J_frozen,hits_at_budget,5,1,0.0,0.0,0.0,0.0,seed_description_not_test_CI,,
B|MLP|M11|271707,J_frozen,roc_auc,5,1,0.6170171590762482,0.04332031748702342,0.5521223067991227,0.6655915365759257,seed_description_not_test_CI,,
B|MLP|M11|271707,J_frozen,ap,5,1,0.0005077989646495621,5.2337875758855886e-05,0.00042443482571616353,0.0005678084231387307,seed_description_not_test_CI,,
B|MLP|M11|271707,J_frozen,f1_val_threshold,5,1,0.0,0.0,0.0,0.0,seed_description_not_test_CI,,
B|MLP|M11|271707,J_frozen,p_at_5pct,5,1,0.0,0.0,0.0,0.0,seed_description_not_test_CI,,
B|MLP|M11|271707,J_frozen,r_at_10fpr,5,1,0.0,0.0,0.0,0.0,seed_description_not_test_CI,,
B|MLP|M11|271707,J_frozen,hits_at_budget,5,1,0.0,0.0,0.0,0.0,seed_description_not_test_CI,,
B|MLP|M11|271708,J_frozen,roc_auc,5,1,0.6218165398013159,0.028484911431208834,0.5808282802219069,0.6538511159850342,seed_description_not_test_CI,,
B|MLP|M11|271708,J_frozen,ap,5,1,0.0005081822909129805,4.3789468507940766e-05,0.00044999053809626497,0.000558224911412302,seed_description_not_test_CI,,
B|MLP|M11|271708,J_frozen,f1_val_threshold,5,1,0.0,0.0,0.0,0.0,seed_description_not_test_CI,,
B|MLP|M11|271708,J_frozen,p_at_5pct,5,1,0.0,0.0,0.0,0.0,seed_description_not_test_CI,,
B|MLP|M11|271708,J_frozen,r_at_10fpr,5,1,0.0,0.0,0.0,0.0,seed_description_not_test_CI,,
B|MLP|M11|271708,J_frozen,hits_at_budget,5,1,0.0,0.0,0.0,0.0,seed_description_not_test_CI,,
B|MLP|M11|271709,J_frozen,roc_auc,5,1,0.5656560443813701,0.03183525228684905,0.5106437878983356,0.5904399432331311,seed_description_not_test_CI,,
B|MLP|M11|271709,J_frozen,ap,5,1,0.0004400661537964534,2.7353911742470642e-05,0.0003921821003724861,0.00046127825329301425,seed_description_not_test_CI,,
B|MLP|M11|271709,J_frozen,f1_val_threshold,5,1,0.0,0.0,0.0,0.0,seed_description_not_test_CI,,
B|MLP|M11|271709,J_frozen,p_at_5pct,5,1,0.0,0.0,0.0,0.0,seed_description_not_test_CI,,
B|MLP|M11|271709,J_frozen,r_at_10fpr,5,1,0.0,0.0,0.0,0.0,seed_description_not_test_CI,,
B|MLP|M11|271709,J_frozen,hits_at_budget,5,1,0.0,0.0,0.0,0.0,seed_description_not_test_CI,,
B|MLP|M5|271707,J_frozen,roc_auc,5,1,0.5701715907624824,0.07755488837481431,0.4699393626628822,0.6695265127080376,seed_description_not_test_CI,,
B|MLP|M5|271707,J_frozen,ap,5,1,0.0004554723462133089,8.699986240236804e-05,0.0003577246733670616,0.0005807423845061436,seed_description_not_test_CI,,
B|MLP|M5|271707,J_frozen,f1_val_threshold,5,1,0.0,0.0,0.0,0.0,seed_description_not_test_CI,,
B|MLP|M5|271707,J_frozen,p_at_5pct,5,1,0.0,0.0,0.0,0.0,seed_description_not_test_CI,,
B|MLP|M5|271707,J_frozen,r_at_10fpr,5,1,0.0,0.0,0.0,0.0,seed_description_not_test_CI,,
B|MLP|M5|271707,J_frozen,hits_at_budget,5,1,0.0,0.0,0.0,0.0,seed_description_not_test_CI,,
B|MLP|M5|271708,J_frozen,roc_auc,5,1,0.5562250032253904,0.05007132674951313,0.5007740936653335,0.6178557605470262,seed_description_not_test_CI,,
B|MLP|M5|271708,J_frozen,ap,5,1,0.0004563349182881506,7.553525698132392e-05,0.00038396545561463196,0.0005630017807645014,seed_description_not_test_CI,,
B|MLP|M5|271708,J_frozen,f1_val_threshold,5,1,0.0,0.0,0.0,0.0,seed_description_not_test_CI,,
B|MLP|M5|271708,J_frozen,p_at_5pct,5,1,0.0,0.0,0.0,0.0,seed_description_not_test_CI,,
B|MLP|M5|271708,J_frozen,r_at_10fpr,5,1,0.0,0.0,0.0,0.0,seed_description_not_test_CI,,
B|MLP|M5|271708,J_frozen,hits_at_budget,5,1,0.0,0.0,0.0,0.0,seed_description_not_test_CI,,
B|MLP|M5|271709,J_frozen,roc_auc,5,1,0.45653464069152366,0.06052773606694549,0.38169268481486257,0.5214810992130048,seed_description_not_test_CI,,
B|MLP|M5|271709,J_frozen,ap,5,1,0.0003527599493951828,3.8564521505494264e-05,0.0003044582111350295,0.000394023621342572,seed_description_not_test_CI,,
B|MLP|M5|271709,J_frozen,f1_val_threshold,5,1,0.0,0.0,0.0,0.0,seed_description_not_test_CI,,
B|MLP|M5|271709,J_frozen,p_at_5pct,5,1,0.0,0.0,0.0,0.0,seed_description_not_test_CI,,
B|MLP|M5|271709,J_frozen,r_at_10fpr,5,1,0.0,0.0,0.0,0.0,seed_description_not_test_CI,,
B|MLP|M5|271709,J_frozen,hits_at_budget,5,1,0.0,0.0,0.0,0.0,seed_description_not_test_CI,,
B|RandomForest_unweighted|M11|271707,J_frozen,roc_auc,5,1,0.68917559024642,0.055101317944791985,0.6374338794994194,0.7818668558895627,seed_description_not_test_CI,,
B|RandomForest_unweighted|M11|271707,J_frozen,ap,5,1,0.0006000517202882569,0.00013816225313501747,0.00048133007142391043,0.0008326670810319184,seed_description_not_test_CI,,
B|RandomForest_unweighted|M11|271707,J_frozen,f1_val_threshold,5,1,0.0,0.0,0.0,0.0,seed_description_not_test_CI,,
B|RandomForest_unweighted|M11|271707,J_frozen,p_at_5pct,5,1,0.0,0.0,0.0,0.0,seed_description_not_test_CI,,
B|RandomForest_unweighted|M11|271707,J_frozen,r_at_10fpr,5,1,0.0,0.0,0.0,0.0,seed_description_not_test_CI,,
B|RandomForest_unweighted|M11|271707,J_frozen,hits_at_budget,5,1,0.0,0.0,0.0,0.0,seed_description_not_test_CI,,
B|RandomForest_unweighted|M11|271708,J_frozen,roc_auc,5,1,0.6712617726744936,0.06314079966469387,0.5995032898980777,0.756321764933557,seed_description_not_test_CI,,
B|RandomForest_unweighted|M11|271708,J_frozen,ap,5,1,0.000575587944097099,0.00011191441288443256,0.00045061650673891866,0.0007417284316428729,seed_description_not_test_CI,,
B|RandomForest_unweighted|M11|271708,J_frozen,f1_val_threshold,5,1,0.0,0.0,0.0,0.0,seed_description_not_test_CI,,
B|RandomForest_unweighted|M11|271708,J_frozen,p_at_5pct,5,1,0.0,0.0,0.0,0.0,seed_description_not_test_CI,,
B|RandomForest_unweighted|M11|271708,J_frozen,r_at_10fpr,5,1,0.0,0.0,0.0,0.0,seed_description_not_test_CI,,
B|RandomForest_unweighted|M11|271708,J_frozen,hits_at_budget,5,1,0.0,0.0,0.0,0.0,seed_description_not_test_CI,,
B|RandomForest_unweighted|M11|271709,J_frozen,roc_auc,5,1,0.6685008386014708,0.059111854320535694,0.5805379950974068,0.7263901432073281,seed_description_not_test_CI,,
B|RandomForest_unweighted|M11|271709,J_frozen,ap,5,1,0.0005867361433874789,0.0001338775985414893,0.0004200923197633724,0.0007552870090634441,seed_description_not_test_CI,,
B|RandomForest_unweighted|M11|271709,J_frozen,f1_val_threshold,5,1,0.0,0.0,0.0,0.0,seed_description_not_test_CI,,
B|RandomForest_unweighted|M11|271709,J_frozen,p_at_5pct,5,1,0.0,0.0,0.0,0.0,seed_description_not_test_CI,,
B|RandomForest_unweighted|M11|271709,J_frozen,r_at_10fpr,5,1,0.0,0.0,0.0,0.0,seed_description_not_test_CI,,
B|RandomForest_unweighted|M11|271709,J_frozen,hits_at_budget,5,1,0.0,0.0,0.0,0.0,seed_description_not_test_CI,,
B|RandomForest_unweighted|M5|271707,J_frozen,roc_auc,5,1,0.6849567797703522,0.0665904752119713,0.611501741710747,0.7719971616565604,seed_description_not_test_CI,,
B|RandomForest_unweighted|M5|271707,J_frozen,ap,5,1,0.0005911161957072631,0.0001401466619621291,0.0004518466150304129,0.0007914039055907568,seed_description_not_test_CI,,
B|RandomForest_unweighted|M5|271707,J_frozen,f1_val_threshold,5,1,0.0,0.0,0.0,0.0,seed_description_not_test_CI,,
B|RandomForest_unweighted|M5|271707,J_frozen,p_at_5pct,5,1,0.0,0.0,0.0,0.0,seed_description_not_test_CI,,
B|RandomForest_unweighted|M5|271707,J_frozen,r_at_10fpr,5,1,0.0,0.0,0.0,0.0,seed_description_not_test_CI,,
B|RandomForest_unweighted|M5|271707,J_frozen,hits_at_budget,5,1,0.0,0.0,0.0,0.0,seed_description_not_test_CI,,
B|RandomForest_unweighted|M5|271708,J_frozen,roc_auc,5,1,0.5666946200490259,0.12226973469099933,0.35169655528318927,0.6349503289898077,seed_description_not_test_CI,,
B|RandomForest_unweighted|M5|271708,J_frozen,ap,5,1,0.0004298702738114147,9.917397341927975e-05,0.00025537262264634965,0.000486010750860811,seed_description_not_test_CI,,
B|RandomForest_unweighted|M5|271708,J_frozen,f1_val_threshold,5,1,0.0,0.0,0.0,0.0,seed_description_not_test_CI,,
B|RandomForest_unweighted|M5|271708,J_frozen,p_at_5pct,5,1,0.0,0.0,0.0,0.0,seed_description_not_test_CI,,
B|RandomForest_unweighted|M5|271708,J_frozen,r_at_10fpr,5,1,0.0,0.0,0.0,0.0,seed_description_not_test_CI,,
B|RandomForest_unweighted|M5|271708,J_frozen,hits_at_budget,5,1,0.0,0.0,0.0,0.0,seed_description_not_test_CI,,
B|RandomForest_unweighted|M5|271709,J_frozen,roc_auc,5,1,0.586356599148497,0.0449250820288814,0.5184814862598375,0.6368855631531415,seed_description_not_test_CI,,
B|RandomForest_unweighted|M5|271709,J_frozen,ap,5,1,0.0004604063659609359,0.00010219841338973661,0.00035301283837877617,0.0006222775357809583,seed_description_not_test_CI,,
B|RandomForest_unweighted|M5|271709,J_frozen,f1_val_threshold,5,1,0.0,0.0,0.0,0.0,seed_description_not_test_CI,,
B|RandomForest_unweighted|M5|271709,J_frozen,p_at_5pct,5,1,0.0,0.0,0.0,0.0,seed_description_not_test_CI,,
B|RandomForest_unweighted|M5|271709,J_frozen,r_at_10fpr,5,1,0.0,0.0,0.0,0.0,seed_description_not_test_CI,,
B|RandomForest_unweighted|M5|271709,J_frozen,hits_at_budget,5,1,0.0,0.0,0.0,0.0,seed_description_not_test_CI,,
C|RandomForest_unweighted|flags3,J_frozen,roc_auc,5,1,0.9120113533737582,0.0,0.9120113533737582,0.9120113533737582,seed_description_not_test_CI,,
C|RandomForest_unweighted|flags3,J_frozen,ap,5,1,0.0014641288433382138,0.0,0.0014641288433382138,0.0014641288433382138,seed_description_not_test_CI,,
C|RandomForest_unweighted|flags3,J_frozen,f1_val_threshold,5,1,0.0,0.0,0.0,0.0,seed_description_not_test_CI,,
C|RandomForest_unweighted|flags3,J_frozen,p_at_5pct,5,1,0.002577319587628866,0.0,0.002577319587628866,0.002577319587628866,seed_description_not_test_CI,,
C|RandomForest_unweighted|flags3,J_frozen,r_at_10fpr,5,1,0.0,0.0,0.0,0.0,seed_description_not_test_CI,,
C|RandomForest_unweighted|flags3,J_frozen,hits_at_budget,5,1,1.0,0.0,1.0,1.0,seed_description_not_test_CI,,
V26|GCN_reverse|M11,J_frozen,roc_auc,5,1,0.7842213907882855,0.08805463124634952,0.6784285898593729,0.9032382918333118,seed_description_not_test_CI,,
V26|GCN_reverse|M11,J_frozen,ap,5,1,0.0012030697917298741,0.0006020714771651208,0.0006446523137233374,0.0019506280852732765,seed_description_not_test_CI,,
V26|GCN_reverse|M11,J_frozen,f1_val_threshold,5,1,0.0,0.0,0.0,0.0,seed_description_not_test_CI,,
V26|GCN_reverse|M11,J_frozen,p_at_5pct,5,1,0.0005154639175257732,0.0011526123595359743,0.0,0.002577319587628866,seed_description_not_test_CI,,
V26|GCN_reverse|M11,J_frozen,r_at_10fpr,5,1,0.2,0.2738612787525831,0.0,0.5,seed_description_not_test_CI,,
V26|GCN_reverse|M11,J_frozen,hits_at_budget,5,1,0.2,0.447213595499958,0.0,1.0,seed_description_not_test_CI,,
V26|GraphSAGE_reverse|M11,J_frozen,roc_auc,5,1,0.6150432202296479,0.11523035804852798,0.43516965552831893,0.7128112501612696,seed_description_not_test_CI,,
V26|GraphSAGE_reverse|M11,J_frozen,ap,5,1,0.0005874190362671003,0.0002272026110115022,0.0003536401914734339,0.0009366238121696107,seed_description_not_test_CI,,
V26|GraphSAGE_reverse|M11,J_frozen,f1_val_threshold,5,1,0.0,0.0,0.0,0.0,seed_description_not_test_CI,,
V26|GraphSAGE_reverse|M11,J_frozen,p_at_5pct,5,1,0.0,0.0,0.0,0.0,seed_description_not_test_CI,,
V26|GraphSAGE_reverse|M11,J_frozen,r_at_10fpr,5,1,0.1,0.22360679774997902,0.0,0.5,seed_description_not_test_CI,,
V26|GraphSAGE_reverse|M11,J_frozen,hits_at_budget,5,1,0.0,0.0,0.0,0.0,seed_description_not_test_CI,,
V26|MLP|M11,J_frozen,roc_auc,5,1,0.5963875628951103,0.036429191811801404,0.5463166043091214,0.6408205392852535,seed_description_not_test_CI,,
V26|MLP|M11,J_frozen,ap,5,1,0.00047382383393098455,4.2863246711697186e-05,0.000414603641638387,0.0005256201374499052,seed_description_not_test_CI,,
V26|MLP|M11,J_frozen,f1_val_threshold,5,1,0.0,0.0,0.0,0.0,seed_description_not_test_CI,,
V26|MLP|M11,J_frozen,p_at_5pct,5,1,0.0,0.0,0.0,0.0,seed_description_not_test_CI,,
V26|MLP|M11,J_frozen,r_at_10fpr,5,1,0.0,0.0,0.0,0.0,seed_description_not_test_CI,,
V26|MLP|M11,J_frozen,hits_at_budget,5,1,0.0,0.0,0.0,0.0,seed_description_not_test_CI,,
V26|RandomForest_unweighted|M11,J_frozen,roc_auc,5,1,0.751057928009289,0.04871773117062726,0.6989743258934331,0.8171848793704038,seed_description_not_test_CI,,
V26|RandomForest_unweighted|M11,J_frozen,ap,5,1,0.0008001462710337737,0.00015299830728027848,0.0005938299987227969,0.0010068491630855258,seed_description_not_test_CI,,
V26|RandomForest_unweighted|M11,J_frozen,f1_val_threshold,5,1,0.0,0.0,0.0,0.0,seed_description_not_test_CI,,
V26|RandomForest_unweighted|M11,J_frozen,p_at_5pct,5,1,0.0,0.0,0.0,0.0,seed_description_not_test_CI,,
V26|RandomForest_unweighted|M11,J_frozen,r_at_10fpr,5,1,0.0,0.0,0.0,0.0,seed_description_not_test_CI,,
V26|RandomForest_unweighted|M11,J_frozen,hits_at_budget,5,1,0.0,0.0,0.0,0.0,seed_description_not_test_CI,,
B_mean3|MLP|M5,J_frozen,roc_auc,5,3,0.527643744893132,0.05753492678705746,0.4615318453532878,0.592611706016428,fixed_world_mean_then_matched_seed_description_not_independent_15_cohorts,0.45653464069152366,0.5701715907624824
B_mean3|MLP|M5,J_frozen,ap,5,3,0.00042152240463221404,6.338648260083278e-05,0.0003544053885302498,0.0005125892622044057,fixed_world_mean_then_matched_seed_description_not_independent_15_cohorts,0.0003527599493951828,0.0004563349182881506
B_mean3|MLP|M5,J_frozen,f1_val_threshold,5,3,0.0,0.0,0.0,0.0,fixed_world_mean_then_matched_seed_description_not_independent_15_cohorts,0.0,0.0
B_mean3|MLP|M5,J_frozen,p_at_5pct,5,3,0.0,0.0,0.0,0.0,fixed_world_mean_then_matched_seed_description_not_independent_15_cohorts,0.0,0.0
B_mean3|MLP|M5,J_frozen,r_at_10fpr,5,3,0.0,0.0,0.0,0.0,fixed_world_mean_then_matched_seed_description_not_independent_15_cohorts,0.0,0.0
B_mean3|MLP|M5,J_frozen,hits_at_budget,5,3,0.0,0.0,0.0,0.0,fixed_world_mean_then_matched_seed_description_not_independent_15_cohorts,0.0,0.0
B_mean3|MLP|M11,J_frozen,roc_auc,5,3,0.6014965810863113,0.03158876529817203,0.5478647916397884,0.6261127596439169,fixed_world_mean_then_matched_seed_description_not_independent_15_cohorts,0.5656560443813701,0.6218165398013159
B_mean3|MLP|M11,J_frozen,ap,5,3,0.0004853491364529987,3.683174132420543e-05,0.0004222024880616382,0.00051121993154303,fixed_world_mean_then_matched_seed_description_not_independent_15_cohorts,0.0004400661537964534,0.0005081822909129805
B_mean3|MLP|M11,J_frozen,f1_val_threshold,5,3,0.0,0.0,0.0,0.0,fixed_world_mean_then_matched_seed_description_not_independent_15_cohorts,0.0,0.0
B_mean3|MLP|M11,J_frozen,p_at_5pct,5,3,0.0,0.0,0.0,0.0,fixed_world_mean_then_matched_seed_description_not_independent_15_cohorts,0.0,0.0
B_mean3|MLP|M11,J_frozen,r_at_10fpr,5,3,0.0,0.0,0.0,0.0,fixed_world_mean_then_matched_seed_description_not_independent_15_cohorts,0.0,0.0
B_mean3|MLP|M11,J_frozen,hits_at_budget,5,3,0.0,0.0,0.0,0.0,fixed_world_mean_then_matched_seed_description_not_independent_15_cohorts,0.0,0.0
B_mean3|RandomForest_unweighted|M5,J_frozen,roc_auc,5,3,0.6126693329892917,0.03866349028448959,0.5678837139293854,0.669064206769019,fixed_world_mean_then_matched_seed_description_not_independent_15_cohorts,0.5666946200490259,0.6849567797703522
B_mean3|RandomForest_unweighted|M5,J_frozen,ap,5,3,0.0004937976118265379,4.5377237790533665e-05,0.00042909543997233547,0.0005491229962736954,fixed_world_mean_then_matched_seed_description_not_independent_15_cohorts,0.0004298702738114147,0.0005911161957072631
B_mean3|RandomForest_unweighted|M5,J_frozen,f1_val_threshold,5,3,0.0,0.0,0.0,0.0,fixed_world_mean_then_matched_seed_description_not_independent_15_cohorts,0.0,0.0
B_mean3|RandomForest_unweighted|M5,J_frozen,p_at_5pct,5,3,0.0,0.0,0.0,0.0,fixed_world_mean_then_matched_seed_description_not_independent_15_cohorts,0.0,0.0
B_mean3|RandomForest_unweighted|M5,J_frozen,r_at_10fpr,5,3,0.0,0.0,0.0,0.0,fixed_world_mean_then_matched_seed_description_not_independent_15_cohorts,0.0,0.0
B_mean3|RandomForest_unweighted|M5,J_frozen,hits_at_budget,5,3,0.0,0.0,0.0,0.0,fixed_world_mean_then_matched_seed_description_not_independent_15_cohorts,0.0,0.0
B_mean3|RandomForest_unweighted|M11,J_frozen,roc_auc,5,3,0.6763127338407948,0.026566179985817527,0.6481959317077366,0.7053175934288051,fixed_world_mean_then_matched_seed_description_not_independent_15_cohorts,0.6685008386014708,0.68917559024642
B_mean3|RandomForest_unweighted|M11,J_frozen,ap,5,3,0.0005874586025909449,4.1755772485945046e-05,0.0005245058323215358,0.0006311917481925156,fixed_world_mean_then_matched_seed_description_not_independent_15_cohorts,0.000575587944097099,0.0006000517202882569
B_mean3|RandomForest_unweighted|M11,J_frozen,f1_val_threshold,5,3,0.0,0.0,0.0,0.0,fixed_world_mean_then_matched_seed_description_not_independent_15_cohorts,0.0,0.0
B_mean3|RandomForest_unweighted|M11,J_frozen,p_at_5pct,5,3,0.0,0.0,0.0,0.0,fixed_world_mean_then_matched_seed_description_not_independent_15_cohorts,0.0,0.0
B_mean3|RandomForest_unweighted|M11,J_frozen,r_at_10fpr,5,3,0.0,0.0,0.0,0.0,fixed_world_mean_then_matched_seed_description_not_independent_15_cohorts,0.0,0.0
B_mean3|RandomForest_unweighted|M11,J_frozen,hits_at_budget,5,3,0.0,0.0,0.0,0.0,fixed_world_mean_then_matched_seed_description_not_independent_15_cohorts,0.0,0.0
