contrast_id,family,world,population,metric,observed_mean_paired_delta,paired_seed_sd,seed_min,seed_max,positive_seed_deltas,n_seeds
A_minus_V26__MLP,A,,full_test,roc_auc,-0.010562685680332695,0.023740387340056623,-0.05066844919786084,0.006452762923351174,3,5
A_minus_V26__MLP,A,,full_test,ap,4.540172115120311e-05,0.0005365318575109074,-0.0005042687072865284,0.0008615417129073655,2,5
A_minus_V26__MLP,A,,full_test,f1_val_threshold,-0.0024071755648236836,0.0056876989136507876,-0.011299435028248588,0.004294712731437297,1,5
A_minus_V26__MLP,A,,full_test,p_at_5pct,-0.0014218009478672994,0.0027018375002349246,-0.004739336492890996,0.002369668246445498,1,5
A_minus_V26__MLP,A,,full_test,r_at_10fpr,0.030000000000000006,0.0570087712549569,-0.04999999999999999,0.10000000000000003,3,5
A_minus_V26__MLP,A,,full_test,hits_at_budget,-0.6,1.140175425099138,-2.0,1.0,1,5
A_minus_V26__RandomForest_unweighted,A,,full_test,roc_auc,-0.012342245989304845,0.011462823794398936,-0.02759358288770064,0.004708853238264976,1,5
A_minus_V26__RandomForest_unweighted,A,,full_test,ap,-0.0010316205631670395,0.0007698293288358969,-0.0018853625901352512,8.483505812120762e-05,1,5
A_minus_V26__RandomForest_unweighted,A,,full_test,f1_val_threshold,-0.026513301932993404,0.014914806588713456,-0.03508771929824561,0.0,0,5
A_minus_V26__RandomForest_unweighted,A,,full_test,p_at_5pct,0.0,0.0,0.0,0.0,0,5
A_minus_V26__RandomForest_unweighted,A,,full_test,r_at_10fpr,0.030000000000000006,0.0758287544405155,-0.04999999999999999,0.10000000000000003,3,5
A_minus_V26__RandomForest_unweighted,A,,full_test,hits_at_budget,0.0,0.0,0.0,0.0,0,5
A_minus_V26__GCN_reverse,A,,full_test,roc_auc,-0.00931788472964945,0.017620855266251685,-0.03759358288770054,0.008609625668449139,1,5
A_minus_V26__GCN_reverse,A,,full_test,ap,-0.00037448537976437124,0.0003918207497101121,-0.0009198866186341309,0.00013113508204175978,1,5
A_minus_V26__GCN_reverse,A,,full_test,f1_val_threshold,0.00025613733968631264,0.004305481423699113,-0.006060606060606061,0.005429240733085296,2,5
A_minus_V26__GCN_reverse,A,,full_test,p_at_5pct,-0.00047393364928909954,0.0010597478566349715,-0.002369668246445498,0.0,0,5
A_minus_V26__GCN_reverse,A,,full_test,r_at_10fpr,-0.06,0.0651920240520265,-0.15000000000000002,0.0,0,5
A_minus_V26__GCN_reverse,A,,full_test,hits_at_budget,-0.2,0.447213595499958,-1.0,0.0,0,5
A_minus_V26__GraphSAGE_reverse,A,,full_test,roc_auc,-0.01650267379679149,0.02558590418295019,-0.05962566844919792,0.008401663695781325,1,5
A_minus_V26__GraphSAGE_reverse,A,,full_test,ap,0.00015483910261269163,0.000595640012446808,-0.0006504686825825143,0.0010314052247904007,4,5
A_minus_V26__GraphSAGE_reverse,A,,full_test,f1_val_threshold,0.0018442616972958437,0.008106697991682446,-0.009389671361502348,0.012658227848101266,3,5
A_minus_V26__GraphSAGE_reverse,A,,full_test,p_at_5pct,1.7347234759768072e-19,0.004433243349258223,-0.004739336492890995,0.004739336492890995,2,5
A_minus_V26__GraphSAGE_reverse,A,,full_test,r_at_10fpr,0.030000000000000016,0.057008771254956875,-0.04999999999999993,0.09999999999999998,3,5
A_minus_V26__GraphSAGE_reverse,A,,full_test,hits_at_budget,0.0,1.8708286933869707,-2.0,2.0,2,5
A_gap__MLP_minus_GCN_reverse,A,,full_test,roc_auc,0.012529411764705923,0.05678796091038349,-0.07532085561497326,0.08322043969102799,4,5
A_gap__MLP_minus_GCN_reverse,A,,full_test,ap,0.003056012102277223,0.0015777713503554321,0.0007758425146100686,0.005218426093868358,5,5
A_gap__MLP_minus_GCN_reverse,A,,full_test,f1_val_threshold,0.0032824857750598955,0.006666955096911841,-0.006944444444444444,0.0106951871657754,4,5
A_gap__MLP_minus_GCN_reverse,A,,full_test,p_at_5pct,0.008056872037914692,0.006826948005160158,-0.002369668246445497,0.014218009478672987,4,5
A_gap__MLP_minus_GCN_reverse,A,,full_test,r_at_10fpr,0.06000000000000002,0.05477225575051661,0.0,0.15000000000000002,4,5
A_gap__MLP_minus_GCN_reverse,A,,full_test,hits_at_budget,3.4,2.880972058177587,-1.0,6.0,4,5
A_gap_change__MLP_minus_GCN_reverse,A,,full_test,roc_auc,-0.0012448009506832447,0.03471418989391935,-0.049099821746880434,0.04404634581105171,2,5
A_gap_change__MLP_minus_GCN_reverse,A,,full_test,ap,0.00041988710091557454,0.000489323371137597,-0.0001233761252320536,0.0010399132776911114,4,5
A_gap_change__MLP_minus_GCN_reverse,A,,full_test,f1_val_threshold,-0.0026633129045099966,0.007042420590965986,-0.010917872146685706,0.004805190283186959,2,5
A_gap_change__MLP_minus_GCN_reverse,A,,full_test,p_at_5pct,-0.0009478672985782002,0.003179243569904915,-0.004739336492890996,0.002369668246445498,2,5
A_gap_change__MLP_minus_GCN_reverse,A,,full_test,r_at_10fpr,0.09000000000000001,0.04183300132670379,0.04999999999999999,0.15000000000000002,5,5
A_gap_change__MLP_minus_GCN_reverse,A,,full_test,hits_at_budget,-0.4,1.3416407864998738,-2.0,1.0,2,5
A_gap__MLP_minus_GraphSAGE_reverse,A,,full_test,roc_auc,0.02048663101604282,0.06124400502494124,-0.07676470588235285,0.08993464052287592,4,5
A_gap__MLP_minus_GraphSAGE_reverse,A,,full_test,ap,0.00168248386760875,0.0018660230602057138,-0.0015104154138042662,0.0031717432225753153,4,5
A_gap__MLP_minus_GraphSAGE_reverse,A,,full_test,f1_val_threshold,0.0043609968184639926,0.005197313231991387,-0.0019303854738493102,0.0106951871657754,3,5
A_gap__MLP_minus_GraphSAGE_reverse,A,,full_test,p_at_5pct,0.0037914691943127963,0.007605121580986356,-0.00947867298578199,0.00947867298578199,4,5
A_gap__MLP_minus_GraphSAGE_reverse,A,,full_test,r_at_10fpr,0.0,0.09354143466934856,-0.15000000000000002,0.10000000000000003,2,5
A_gap__MLP_minus_GraphSAGE_reverse,A,,full_test,hits_at_budget,1.6,3.209361307176242,-4.0,4.0,4,5
A_gap_change__MLP_minus_GraphSAGE_reverse,A,,full_test,roc_auc,0.005939988116458794,0.030035058468591135,-0.03628936423054052,0.0459655377302437,3,5
A_gap_change__MLP_minus_GraphSAGE_reverse,A,,full_test,ap,-0.00010943738146148851,0.0002429810285495608,-0.0004078174993472263,0.00014619997529598597,2,5
A_gap_change__MLP_minus_GraphSAGE_reverse,A,,full_test,f1_val_threshold,-0.004251437262119527,0.01003917852739355,-0.015824304580994666,0.007963646406065625,2,5
A_gap_change__MLP_minus_GraphSAGE_reverse,A,,full_test,p_at_5pct,-0.0014218009478673,0.0049138486619259986,-0.00947867298578199,0.002369668246445496,2,5
A_gap_change__MLP_minus_GraphSAGE_reverse,A,,full_test,r_at_10fpr,-1.1102230246251566e-17,0.06123724356957946,-0.04999999999999999,0.10000000000000003,1,5
A_gap_change__MLP_minus_GraphSAGE_reverse,A,,full_test,hits_at_budget,-0.6,2.073644135332772,-4.0,1.0,2,5
A_gap__RandomForest_unweighted_minus_GCN_reverse,A,,full_test,roc_auc,0.042730243612596544,0.024766722290725157,0.021464646464646298,0.08253713606654789,5,5
A_gap__RandomForest_unweighted_minus_GCN_reverse,A,,full_test,ap,0.0058013013789923245,0.0009480804841589482,0.004787202496846768,0.007298444741833961,5,5
A_gap__RandomForest_unweighted_minus_GCN_reverse,A,,full_test,f1_val_threshold,-0.008829817335077417,0.005691397662400699,-0.013793103448275862,0.0,0,5
A_gap__RandomForest_unweighted_minus_GCN_reverse,A,,full_test,p_at_5pct,0.01137440758293839,0.0030896693863519662,0.007109004739336493,0.014218009478672987,5,5
A_gap__RandomForest_unweighted_minus_GCN_reverse,A,,full_test,r_at_10fpr,0.08000000000000002,0.10368220676663864,0.0,0.25000000000000006,3,5
A_gap__RandomForest_unweighted_minus_GCN_reverse,A,,full_test,hits_at_budget,4.8,1.3038404810405297,3.0,6.0,5,5
A_gap_change__RandomForest_unweighted_minus_GCN_reverse,A,,full_test,roc_auc,-0.003024361259655395,0.01834658475394713,-0.02130718954248345,0.023796791443850274,2,5
A_gap_change__RandomForest_unweighted_minus_GCN_reverse,A,,full_test,ap,-0.0006571351834026684,0.0006686604092215632,-0.0013993218532536624,-4.630002392055216e-05,0,5
A_gap_change__RandomForest_unweighted_minus_GCN_reverse,A,,full_test,f1_val_threshold,-0.02676943927267971,0.018543612322538833,-0.037286851079954525,0.006060606060606061,1,5
A_gap_change__RandomForest_unweighted_minus_GCN_reverse,A,,full_test,p_at_5pct,0.00047393364928909954,0.0010597478566349715,0.0,0.002369668246445498,1,5
A_gap_change__RandomForest_unweighted_minus_GCN_reverse,A,,full_test,r_at_10fpr,0.09000000000000004,0.041833001326703805,0.04999999999999999,0.15000000000000008,5,5
A_gap_change__RandomForest_unweighted_minus_GCN_reverse,A,,full_test,hits_at_budget,0.2,0.447213595499958,0.0,1.0,1,5
A_gap__RandomForest_unweighted_minus_GraphSAGE_reverse,A,,full_test,roc_auc,0.05068746286393344,0.045012260836855875,0.02002079619726671,0.12938502673796792,5,5
A_gap__RandomForest_unweighted_minus_GraphSAGE_reverse,A,,full_test,ap,0.004427773144323851,0.0012371837028506963,0.002500944568432433,0.005947255797311236,5,5
A_gap__RandomForest_unweighted_minus_GraphSAGE_reverse,A,,full_test,f1_val_threshold,-0.0077513062916733195,0.007493253021677913,-0.01652892561983471,0.0,0,5
A_gap__RandomForest_unweighted_minus_GraphSAGE_reverse,A,,full_test,p_at_5pct,0.007109004739336494,0.0037467744788724864,0.0023696682464454995,0.011848341232227489,5,5
A_gap__RandomForest_unweighted_minus_GraphSAGE_reverse,A,,full_test,r_at_10fpr,0.019999999999999997,0.07582875444051551,-0.10000000000000003,0.10000000000000003,3,5
A_gap__RandomForest_unweighted_minus_GraphSAGE_reverse,A,,full_test,hits_at_budget,3.0,1.5811388300841898,1.0,5.0,5,5
A_gap_change__RandomForest_unweighted_minus_GraphSAGE_reverse,A,,full_test,roc_auc,0.004160427807486644,0.036742665545741855,-0.035995246583481966,0.0643345216874629,2,5
A_gap_change__RandomForest_unweighted_minus_GraphSAGE_reverse,A,,full_test,ap,-0.0011864596657797312,0.0011437749774972094,-0.002609098642827809,-4.538393214455205e-05,0,5
A_gap_change__RandomForest_unweighted_minus_GraphSAGE_reverse,A,,full_test,f1_val_threshold,-0.028357563630289247,0.02187629487595686,-0.04714098646879092,0.009389671361502348,1,5
A_gap_change__RandomForest_unweighted_minus_GraphSAGE_reverse,A,,full_test,p_at_5pct,-3.4694469519536144e-19,0.004433243349258223,-0.004739336492890996,0.004739336492890992,3,5
A_gap_change__RandomForest_unweighted_minus_GraphSAGE_reverse,A,,full_test,r_at_10fpr,-2.2204460492503132e-17,0.07905694150420949,-0.10000000000000003,0.09999999999999998,2,5
A_gap_change__RandomForest_unweighted_minus_GraphSAGE_reverse,A,,full_test,hits_at_budget,0.0,1.8708286933869707,-2.0,2.0,3,5
B_increment__MLP__271707,B,271707,full_test,roc_auc,0.04769934640522877,0.013708460316567939,0.02959595959595962,0.06597147950089122,5,5
B_increment__MLP__271707,B,271707,full_test,ap,0.004008230973273854,0.0013019426826801905,0.0024273107328140683,0.005515787229689634,5,5
B_increment__MLP__271707,B,271707,full_test,f1_val_threshold,0.0048165856745053595,0.018527102741309136,-0.01646090534979424,0.031578947368421054,2,5
B_increment__MLP__271707,B,271707,full_test,p_at_5pct,0.006161137440758293,0.0027018375002349246,0.002369668246445496,0.009478672985781991,5,5
B_increment__MLP__271707,B,271707,full_test,r_at_10fpr,0.15000000000000002,0.07071067811865474,0.050000000000000044,0.25,5,5
B_increment__MLP__271707,B,271707,full_test,hits_at_budget,2.6,1.140175425099138,1.0,4.0,5,5
B_minus_ASOF__MLP__M5__271707,B,271707,full_test,roc_auc,0.015214497920380276,0.008682489083118744,0.006821152703505584,0.027266785502079616,5,5
B_minus_ASOF__MLP__M5__271707,B,271707,full_test,ap,0.0006497177795227738,0.00023255167279655063,0.00038152834515113587,0.0009259600647135158,5,5
B_minus_ASOF__MLP__M5__271707,B,271707,full_test,f1_val_threshold,0.0012389621269966646,0.01049624617706738,-0.013029315960912053,0.01646090534979424,2,5
B_minus_ASOF__MLP__M5__271707,B,271707,full_test,p_at_5pct,0.002369668246445498,0.0037467744788724877,-0.0023696682464454987,0.007109004739336493,3,5
B_minus_ASOF__MLP__M5__271707,B,271707,full_test,r_at_10fpr,0.0,0.03535533905932737,-0.04999999999999999,0.04999999999999999,1,5
B_minus_ASOF__MLP__M5__271707,B,271707,full_test,hits_at_budget,1.0,1.5811388300841898,-1.0,3.0,3,5
B_minus_ASOF__MLP__M11__271707,B,271707,full_test,roc_auc,-0.0013951277480688696,0.013405340016119205,-0.021871657754010676,0.012650029708853205,3,5
B_minus_ASOF__MLP__M11__271707,B,271707,full_test,ap,0.0004186001772292017,0.0006617685600058019,-0.00041711856048243755,0.0011908129827383242,3,5
B_minus_ASOF__MLP__M11__271707,B,271707,full_test,f1_val_threshold,-0.003431841319711764,0.007729919842961464,-0.016,0.004733309784528437,1,5
B_minus_ASOF__MLP__M11__271707,B,271707,full_test,p_at_5pct,0.0009478672985781991,0.0027018375002349246,-0.002369668246445498,0.004739336492890997,2,5
B_minus_ASOF__MLP__M11__271707,B,271707,full_test,r_at_10fpr,0.0,0.04999999999999999,-0.04999999999999999,0.04999999999999999,2,5
B_minus_ASOF__MLP__M11__271707,B,271707,full_test,hits_at_budget,0.4,1.140175425099138,-1.0,2.0,2,5
B_increment_change__MLP__271707,B,271707,full_test,roc_auc,-0.016609625668449146,0.01642072234002418,-0.033850267379679,0.005828877005347621,1,5
B_increment_change__MLP__271707,B,271707,full_test,ap,-0.0002311176022935721,0.0008575708428169408,-0.0013430786251959533,0.0006610552489543292,3,5
B_increment_change__MLP__271707,B,271707,full_test,f1_val_threshold,-0.004670803446708428,0.013884306666743935,-0.01646090534979424,0.01776262574544049,1,5
B_increment_change__MLP__271707,B,271707,full_test,p_at_5pct,-0.0014218009478672983,0.003593779831304052,-0.0047393364928909965,0.0023696682464454987,2,5
B_increment_change__MLP__271707,B,271707,full_test,r_at_10fpr,0.0,0.04999999999999999,-0.04999999999999999,0.04999999999999999,2,5
B_increment_change__MLP__271707,B,271707,full_test,hits_at_budget,-0.6,1.5165750888103102,-2.0,1.0,2,5
B_increment__MLP__271708,B,271708,full_test,roc_auc,0.062221033868092676,0.019425229686206618,0.03548425430778368,0.08388591800356504,5,5
B_increment__MLP__271708,B,271708,full_test,ap,0.004516016236051924,0.0010681386261367997,0.0034034514067052355,0.005877546465223113,5,5
B_increment__MLP__271708,B,271708,full_test,f1_val_threshold,0.011734240528087839,0.005954833747479227,0.0017464389019265399,0.017777777777777778,5,5
B_increment__MLP__271708,B,271708,full_test,p_at_5pct,0.0066350710900473925,0.001982606697948047,0.004739336492890994,0.009478672985781991,5,5
B_increment__MLP__271708,B,271708,full_test,r_at_10fpr,0.15,0.07071067811865475,0.09999999999999998,0.25,5,5
B_increment__MLP__271708,B,271708,full_test,hits_at_budget,2.8,0.8366600265340756,2.0,4.0,5,5
B_minus_ASOF__MLP__M5__271708,B,271708,full_test,roc_auc,0.0009887106357694408,0.01018183524150951,-0.01019013666072488,0.01595959595959595,2,5
B_minus_ASOF__MLP__M5__271708,B,271708,full_test,ap,0.0005072160070829406,0.0007418708718333015,-5.718613278322959e-05,0.0017986473196685455,4,5
B_minus_ASOF__MLP__M5__271708,B,271708,full_test,f1_val_threshold,-0.0015923315320522154,0.011931249436620323,-0.014527845036319613,0.01195219123505976,2,5
B_minus_ASOF__MLP__M5__271708,B,271708,full_test,p_at_5pct,0.000947867298578199,0.0021194957132699434,-0.0023696682464454987,0.0023696682464454987,3,5
B_minus_ASOF__MLP__M5__271708,B,271708,full_test,r_at_10fpr,0.010000000000000004,0.04183300132670379,-0.05000000000000002,0.050000000000000044,2,5
B_minus_ASOF__MLP__M5__271708,B,271708,full_test,hits_at_budget,0.4,0.8944271909999157,-1.0,1.0,3,5
B_minus_ASOF__MLP__M11__271708,B,271708,full_test,roc_auc,-0.0010992275698157971,0.007545224081337097,-0.008508615567439093,0.007344028520499091,2,5
B_minus_ASOF__MLP__M11__271708,B,271708,full_test,ap,0.0007838836675674386,0.0007242808465287683,2.385886616728533e-06,0.0016659769548762748,5,5
B_minus_ASOF__MLP__M11__271708,B,271708,full_test,f1_val_threshold,0.0006545198748218354,0.008415679790979125,-0.009067859806114839,0.0136986301369863,2,5
B_minus_ASOF__MLP__M11__271708,B,271708,full_test,p_at_5pct,-6.938893903907229e-19,0.0016756084862240464,-0.0023696682464454995,0.002369668246445496,1,5
B_minus_ASOF__MLP__M11__271708,B,271708,full_test,r_at_10fpr,0.009999999999999998,0.04183300132670377,-0.04999999999999999,0.04999999999999999,2,5
B_minus_ASOF__MLP__M11__271708,B,271708,full_test,hits_at_budget,0.0,0.7071067811865476,-1.0,1.0,1,5
B_increment_change__MLP__271708,B,271708,full_test,roc_auc,-0.002087938205585238,0.0054757544651875,-0.009203802733214417,0.005050505050505083,2,5
B_increment_change__MLP__271708,B,271708,full_test,ap,0.00027666766048449807,0.0007616286018729086,-0.00044134403012635083,0.0014577213652557566,3,5
B_increment_change__MLP__271708,B,271708,full_test,f1_val_threshold,0.0022468514068740507,0.006957299431044871,-0.004988827257167325,0.013001675721300312,3,5
B_increment_change__MLP__271708,B,271708,full_test,p_at_5pct,-0.0009478672985781995,0.0021194957132699434,-0.0023696682464454987,0.0023696682464454987,1,5
B_increment_change__MLP__271708,B,271708,full_test,r_at_10fpr,-5.551115123125783e-18,0.03535533905932738,-0.04999999999999999,0.05000000000000002,1,5
B_increment_change__MLP__271708,B,271708,full_test,hits_at_budget,-0.4,0.8944271909999157,-1.0,1.0,1,5
B_increment__MLP__271709,B,271709,full_test,roc_auc,0.06708140225787289,0.018978545345203723,0.03609625668449201,0.08317884729649438,5,5
B_increment__MLP__271709,B,271709,full_test,ap,0.004113885179276016,0.0010981808068683838,0.0029970784336994447,0.005846245429528703,5,5
B_increment__MLP__271709,B,271709,full_test,f1_val_threshold,0.007335375835930155,0.014098805876879412,-0.012084592145015106,0.020901256542657246,3,5
B_increment__MLP__271709,B,271709,full_test,p_at_5pct,0.0071090047393364926,0.001675608486224045,0.004739336492890997,0.00947867298578199,5,5
B_increment__MLP__271709,B,271709,full_test,r_at_10fpr,0.12000000000000002,0.04472135954999579,0.050000000000000044,0.15000000000000002,5,5
B_increment__MLP__271709,B,271709,full_test,hits_at_budget,3.0,0.7071067811865476,2.0,4.0,5,5
B_minus_ASOF__MLP__M5__271709,B,271709,full_test,roc_auc,-0.009282234105763542,0.00786197906936634,-0.021075460487225306,0.0006892453951277133,1,5
B_minus_ASOF__MLP__M5__271709,B,271709,full_test,ap,0.0001257466760358414,0.0004832870260579379,-0.0005631736068383688,0.000692841574575543,3,5
B_minus_ASOF__MLP__M5__271709,B,271709,full_test,f1_val_threshold,0.0041847083096286635,0.01199190645497255,-0.014527845036319613,0.015267175572519083,3,5
B_minus_ASOF__MLP__M5__271709,B,271709,full_test,p_at_5pct,0.0004739336492890992,0.0025958415047638204,-0.0023696682464454987,0.004739336492890995,1,5
B_minus_ASOF__MLP__M5__271709,B,271709,full_test,r_at_10fpr,0.0,0.04999999999999999,-0.04999999999999999,0.04999999999999999,2,5
B_minus_ASOF__MLP__M5__271709,B,271709,full_test,hits_at_budget,0.2,1.0954451150103324,-1.0,2.0,1,5
B_minus_ASOF__MLP__M11__271709,B,271709,full_test,roc_auc,-0.006509803921568569,0.006805346515562357,-0.015306001188354013,-0.00014854426619126393,0,5
B_minus_ASOF__MLP__M11__271709,B,271709,full_test,ap,2.8327974443201344e-07,0.0003218239836537418,-0.0004393521508842934,0.0004283398419550298,3,5
B_minus_ASOF__MLP__M11__271709,B,271709,full_test,f1_val_threshold,0.0020326950243450305,0.003815776324688525,-0.0022068965517241385,0.006673915488733081,3,5
B_minus_ASOF__MLP__M11__271709,B,271709,full_test,p_at_5pct,-6.938893903907229e-19,0.0016756084862240464,-0.0023696682464454995,0.002369668246445496,1,5
B_minus_ASOF__MLP__M11__271709,B,271709,full_test,r_at_10fpr,-0.029999999999999992,0.04472135954999579,-0.09999999999999998,0.0,0,5
B_minus_ASOF__MLP__M11__271709,B,271709,full_test,hits_at_budget,0.0,0.7071067811865476,-1.0,1.0,1,5
B_increment_change__MLP__271709,B,271709,full_test,roc_auc,0.0027724301841949737,0.010476657319196758,-0.005288175876411061,0.020926916221034042,2,5
B_increment_change__MLP__271709,B,271709,full_test,ap,-0.00012546339629140938,0.0006860154037608958,-0.0008355642048646066,0.0009915134487933986,1,5
B_increment_change__MLP__271709,B,271709,full_test,f1_val_threshold,-0.0021520132852836326,0.015365005615999785,-0.01747407212424322,0.019951291010453946,2,5
B_increment_change__MLP__271709,B,271709,full_test,p_at_5pct,-0.00047393364928909976,0.002595841504763819,-0.004739336492890994,0.002369668246445496,1,5
B_increment_change__MLP__271709,B,271709,full_test,r_at_10fpr,-0.029999999999999992,0.07582875444051548,-0.09999999999999998,0.04999999999999999,2,5
B_increment_change__MLP__271709,B,271709,full_test,hits_at_budget,-0.2,1.0954451150103321,-2.0,1.0,1,5
B_increment__MLP__mean3,B,mean3,full_test,roc_auc,0.05900059417706478,0.015877465708377312,0.03372549019607829,0.0738938403644287,5,5
B_increment__MLP__mean3,B,mean3,full_test,ap,0.004212710796200597,0.0010628947084542382,0.00294261352440625,0.005592734003767341,5,5
B_increment__MLP__mean3,B,mean3,full_test,f1_val_threshold,0.00796206734617445,0.011826104464092909,-0.008933019530960935,0.02341932722961869,4,5
B_increment__MLP__mean3,B,mean3,full_test,p_at_5pct,0.0066350710900473925,0.001637949553975333,0.004739336492890996,0.008688783570300156,5,5
B_increment__MLP__mean3,B,mean3,full_test,r_at_10fpr,0.14000000000000004,0.048016200969626416,0.10000000000000007,0.21666666666666667,5,5
B_increment__MLP__mean3,B,mean3,full_test,hits_at_budget,2.8,0.6912147117775904,2.0,3.666666666666666,5,5
B_minus_ASOF__MLP__M5__mean3,B,mean3,full_test,roc_auc,0.0023069914834620065,0.005151309816338049,-0.0027292533174887446,0.010267379679144317,2,5
B_minus_ASOF__MLP__M5__mean3,B,mean3,full_test,ap,0.00042756015421385133,0.00032644009862416087,4.303390051408175e-05,0.0008395092278103192,5,5
B_minus_ASOF__MLP__M5__mean3,B,mean3,full_test,f1_val_threshold,0.0012771129681910377,0.00979319509583798,-0.008823217117589235,0.013499229576623036,3,5
B_minus_ASOF__MLP__M5__mean3,B,mean3,full_test,p_at_5pct,0.0012638230647709317,0.002275649335053386,-0.0023696682464454982,0.00315955766192733,4,5
B_minus_ASOF__MLP__M5__mean3,B,mean3,full_test,r_at_10fpr,0.003333333333333302,0.027386127875258303,-0.016666666666666705,0.04999999999999996,1,5
B_minus_ASOF__MLP__M5__mean3,B,mean3,full_test,hits_at_budget,0.5333333333333332,0.9603240193925289,-1.0,1.3333333333333333,4,5
B_minus_ASOF__MLP__M11__mean3,B,mean3,full_test,roc_auc,-0.0030013864131511526,0.007445859159213904,-0.010132699544464219,0.006615171321053548,2,5
B_minus_ASOF__MLP__M11__mean3,B,mean3,full_test,ap,0.0004009223748470234,0.0005013065387195748,-0.0001646202463284419,0.0007939185759818115,3,5
B_minus_ASOF__MLP__M11__mean3,B,mean3,full_test,f1_val_threshold,-0.0002482088068483003,0.004162011090685195,-0.0068977943460702094,0.0045662100456621,3,5
B_minus_ASOF__MLP__M11__mean3,B,mean3,full_test,p_at_5pct,0.0003159557661927317,0.001539777937568557,-0.0007898894154818349,0.002369668246445496,2,5
B_minus_ASOF__MLP__M11__mean3,B,mean3,full_test,r_at_10fpr,-0.006666666666666677,0.03836954811073778,-0.06666666666666665,0.033333333333333326,2,5
B_minus_ASOF__MLP__M11__mean3,B,mean3,full_test,hits_at_budget,0.13333333333333278,0.649786289653931,-0.3333333333333339,0.9999999999999996,2,5
B_increment_change__MLP__mean3,B,mean3,full_test,roc_auc,-0.005308377896613159,0.008948360997866188,-0.014573182808476748,0.009344424638542348,1,5
B_increment_change__MLP__mean3,B,mean3,full_test,ap,-2.6637779366827686e-05,0.0006146496393377104,-0.0008108970845052722,0.0007380020230320374,2,5
B_increment_change__MLP__mean3,B,mean3,full_test,f1_val_threshold,-0.0015253217750393385,0.010317327122450457,-0.011986852870243238,0.009603005606638125,2,5
B_increment_change__MLP__mean3,B,mean3,full_test,p_at_5pct,-0.0009478672985781995,0.002460096603854255,-0.0039494470774091624,0.0015797788309636646,2,5
B_increment_change__MLP__mean3,B,mean3,full_test,r_at_10fpr,-0.010000000000000004,0.03836954811073778,-0.05000000000000002,0.03333333333333334,2,5
B_increment_change__MLP__mean3,B,mean3,full_test,hits_at_budget,-0.40000000000000036,1.0381607668264958,-1.666666666666667,0.6666666666666664,2,5
B0_42_minus_17__MLP,B0,,full_test,roc_auc,0.21265121806298276,0.09977962457974016,0.0931431966726084,0.3596910279263219,5,5
B0_42_minus_17__MLP,B0,,full_test,ap,0.030541039322449125,0.02522991480225028,0.01058547279479503,0.06578456826011021,5,5
B0_42_minus_17__MLP,B0,,full_test,f1_val_threshold,0.0384550365995912,0.014804715566167543,0.014625727414203843,0.05555555555555555,5,5
B0_42_minus_17__MLP,B0,,full_test,p_at_5pct,0.00947867298578199,0.0047393364928909965,0.002369668246445496,0.014218009478672985,5,5
B0_42_minus_17__MLP,B0,,full_test,r_at_10fpr,0.31,0.0894427190999916,0.19999999999999998,0.4,5,5
B0_42_minus_17__MLP,B0,,full_test,hits_at_budget,4.0,2.0,1.0,6.0,5,5
B_increment__RandomForest_unweighted__271707,B,271707,full_test,roc_auc,0.07595127748068926,0.01216752994689234,0.06585561497326187,0.09674688057041003,5,5
B_increment__RandomForest_unweighted__271707,B,271707,full_test,ap,0.0027537180363434405,0.0008180554675730603,0.001354935517480815,0.003387351362657309,5,5
B_increment__RandomForest_unweighted__271707,B,271707,full_test,f1_val_threshold,0.010026384036022561,0.004096539374387496,0.005158730158730161,0.014344036191106697,5,5
B_increment__RandomForest_unweighted__271707,B,271707,full_test,p_at_5pct,0.0033175355450236975,0.002119495713269944,0.002369668246445498,0.007109004739336495,5,5
B_increment__RandomForest_unweighted__271707,B,271707,full_test,r_at_10fpr,0.13,0.10954451150103325,0.0,0.30000000000000004,4,5
B_increment__RandomForest_unweighted__271707,B,271707,full_test,hits_at_budget,1.4,0.8944271909999161,1.0,3.0,5,5
B_minus_ASOF__RandomForest_unweighted__M5__271707,B,271707,full_test,roc_auc,-0.07356506238859187,0.022869634112087603,-0.10715983363042192,-0.0516844919786098,0,5
B_minus_ASOF__RandomForest_unweighted__M5__271707,B,271707,full_test,ap,-0.025530134940537415,0.0031822998285848106,-0.02818994982759663,-0.02197463801309104,0,5
B_minus_ASOF__RandomForest_unweighted__M5__271707,B,271707,full_test,f1_val_threshold,-0.05914273662812626,0.01243466120464014,-0.07702020202020202,-0.04393082534218507,0,5
B_minus_ASOF__RandomForest_unweighted__M5__271707,B,271707,full_test,p_at_5pct,-0.007109004739336494,0.002369668246445498,-0.009478672985781993,-0.004739336492890997,0,5
B_minus_ASOF__RandomForest_unweighted__M5__271707,B,271707,full_test,r_at_10fpr,-0.21000000000000005,0.07416198487095663,-0.30000000000000004,-0.10000000000000003,0,5
B_minus_ASOF__RandomForest_unweighted__M5__271707,B,271707,full_test,hits_at_budget,-3.0,1.0,-4.0,-2.0,0,5
B_minus_ASOF__RandomForest_unweighted__M11__271707,B,271707,full_test,roc_auc,-0.05378550207961974,0.010986438847945921,-0.06479500891265588,-0.03834521687462866,0,5
B_minus_ASOF__RandomForest_unweighted__M11__271707,B,271707,full_test,ap,-0.016868848017223083,0.003374173682673723,-0.02230170270398864,-0.013931637394783206,0,5
B_minus_ASOF__RandomForest_unweighted__M11__271707,B,271707,full_test,f1_val_threshold,-0.06586711850197302,0.011970008893740591,-0.07971781305114638,-0.05181066051810661,0,5
B_minus_ASOF__RandomForest_unweighted__M11__271707,B,271707,full_test,p_at_5pct,-0.005687203791469195,0.0027018375002349237,-0.00947867298578199,-0.002369668246445498,0,5
B_minus_ASOF__RandomForest_unweighted__M11__271707,B,271707,full_test,r_at_10fpr,-0.16999999999999998,0.02738612787525834,-0.2,-0.1499999999999999,0,5
B_minus_ASOF__RandomForest_unweighted__M11__271707,B,271707,full_test,hits_at_budget,-2.4,1.140175425099138,-4.0,-1.0,0,5
B_increment_change__RandomForest_unweighted__271707,B,271707,full_test,roc_auc,0.01977956030897212,0.02035033085119478,-0.0032085561497328108,0.042364824717766036,4,5
B_increment_change__RandomForest_unweighted__271707,B,271707,full_test,ap,0.008661286923314328,0.0054729716254118006,-0.0003270646908975997,0.013073226792262407,4,5
B_increment_change__RandomForest_unweighted__271707,B,271707,full_test,f1_val_threshold,-0.006724381873846765,0.013818134423130518,-0.023596483495947992,0.012155881414537016,1,5
B_increment_change__RandomForest_unweighted__271707,B,271707,full_test,p_at_5pct,0.0014218009478672998,0.004304716143266576,-0.002369668246445498,0.007109004739336495,3,5
B_increment_change__RandomForest_unweighted__271707,B,271707,full_test,r_at_10fpr,0.04000000000000005,0.09617692030835674,-0.09999999999999998,0.15000000000000013,4,5
B_increment_change__RandomForest_unweighted__271707,B,271707,full_test,hits_at_budget,0.6,1.816590212458495,-1.0,3.0,2,5
B_increment__RandomForest_unweighted__271708,B,271708,full_test,roc_auc,0.0890160427807487,0.026675688460016365,0.05920380273321457,0.1257664884135472,5,5
B_increment__RandomForest_unweighted__271708,B,271708,full_test,ap,0.0014827732959913635,0.0015746920659340665,-0.0005304326732019221,0.0038353660351483562,4,5
B_increment__RandomForest_unweighted__271708,B,271708,full_test,f1_val_threshold,-0.01038092272229752,0.011784637859358071,-0.023715415019762844,0.00026524193853965164,1,5
B_increment__RandomForest_unweighted__271708,B,271708,full_test,p_at_5pct,0.004739336492890995,0.0016756084862240464,0.002369668246445498,0.007109004739336493,5,5
B_increment__RandomForest_unweighted__271708,B,271708,full_test,r_at_10fpr,0.24000000000000005,0.10839741694339398,0.15000000000000002,0.4,5,5
B_increment__RandomForest_unweighted__271708,B,271708,full_test,hits_at_budget,2.0,0.7071067811865476,1.0,3.0,5,5
B_minus_ASOF__RandomForest_unweighted__M5__271708,B,271708,full_test,roc_auc,-0.08943256090314922,0.03714265936724935,-0.14098039215686264,-0.03997029114676198,0,5
B_minus_ASOF__RandomForest_unweighted__M5__271708,B,271708,full_test,ap,-0.02445616412788556,0.0032560527481842825,-0.02744875802392152,-0.020024784899647027,0,5
B_minus_ASOF__RandomForest_unweighted__M5__271708,B,271708,full_test,f1_val_threshold,-0.05904923975671873,0.008107768594088231,-0.0725604670558799,-0.05074859317377059,0,5
B_minus_ASOF__RandomForest_unweighted__M5__271708,B,271708,full_test,p_at_5pct,-0.009478672985781991,0.0016756084862240464,-0.011848341232227489,-0.007109004739336493,0,5
B_minus_ASOF__RandomForest_unweighted__M5__271708,B,271708,full_test,r_at_10fpr,-0.26000000000000006,0.0821583836257749,-0.4,-0.20000000000000007,0,5
B_minus_ASOF__RandomForest_unweighted__M5__271708,B,271708,full_test,hits_at_budget,-4.0,0.7071067811865476,-5.0,-3.0,0,5
B_minus_ASOF__RandomForest_unweighted__M11__271708,B,271708,full_test,roc_auc,-0.05658823529411765,0.011111482584720105,-0.07294414735591215,-0.045882352941176485,0,5
B_minus_ASOF__RandomForest_unweighted__M11__271708,B,271708,full_test,ap,-0.017065821944923305,0.003093679700864678,-0.021970548471542995,-0.014050202143415949,0,5
B_minus_ASOF__RandomForest_unweighted__M11__271708,B,271708,full_test,f1_val_threshold,-0.08618092838888558,0.021716136691711838,-0.11235955056179775,-0.05254125412541254,0,5
B_minus_ASOF__RandomForest_unweighted__M11__271708,B,271708,full_test,p_at_5pct,-0.006635071090047394,0.0019826066979480458,-0.00947867298578199,-0.004739336492890996,0,5
B_minus_ASOF__RandomForest_unweighted__M11__271708,B,271708,full_test,r_at_10fpr,-0.10999999999999999,0.06519202405202648,-0.19999999999999996,-0.04999999999999993,0,5
B_minus_ASOF__RandomForest_unweighted__M11__271708,B,271708,full_test,hits_at_budget,-2.8,0.8366600265340756,-4.0,-2.0,0,5
B_increment_change__RandomForest_unweighted__271708,B,271708,full_test,roc_auc,0.03284432560903157,0.04102913292259905,-0.021824123588829125,0.09340463458110515,4,5
B_increment_change__RandomForest_unweighted__271708,B,271708,full_test,ap,0.007390342182962251,0.004849134966536531,0.00012094998159344755,0.011604120017726536,5,5
B_increment_change__RandomForest_unweighted__271708,B,271708,full_test,f1_val_threshold,-0.027131688632166844,0.022928447763477095,-0.054442312520336114,0.0034963746151599993,1,5
B_increment_change__RandomForest_unweighted__271708,B,271708,full_test,p_at_5pct,0.0028436018957345966,0.0019826066979480453,1.734723475976807e-18,0.004739336492890994,5,5
B_increment_change__RandomForest_unweighted__271708,B,271708,full_test,r_at_10fpr,0.15000000000000008,0.13693063937629152,1.1102230246251565e-16,0.3500000000000001,5,5
B_increment_change__RandomForest_unweighted__271708,B,271708,full_test,hits_at_budget,1.2,0.8366600265340756,0.0,2.0,4,5
B_increment__RandomForest_unweighted__271709,B,271709,full_test,roc_auc,0.08571657754010689,0.017804562021644838,0.06598633392751041,0.11023172905525835,5,5
B_increment__RandomForest_unweighted__271709,B,271709,full_test,ap,0.002073661021522538,0.0014206396147748324,0.00030077180348220094,0.0034798038827738176,5,5
B_increment__RandomForest_unweighted__271709,B,271709,full_test,f1_val_threshold,0.00577549814587535,0.00465837861008562,0.002564102564102562,0.013975155279503104,5,5
B_increment__RandomForest_unweighted__271709,B,271709,full_test,p_at_5pct,0.003791469194312797,0.002119495713269943,0.002369668246445498,0.007109004739336493,5,5
B_increment__RandomForest_unweighted__271709,B,271709,full_test,r_at_10fpr,0.19,0.0651920240520265,0.15000000000000002,0.30000000000000004,5,5
B_increment__RandomForest_unweighted__271709,B,271709,full_test,hits_at_budget,1.6,0.8944271909999159,1.0,3.0,5,5
B_minus_ASOF__RandomForest_unweighted__M5__271709,B,271709,full_test,roc_auc,-0.07708734402852054,0.020864136816459482,-0.10991087344028516,-0.059043374925727976,0,5
B_minus_ASOF__RandomForest_unweighted__M5__271709,B,271709,full_test,ap,-0.024226217618278836,0.003100501299182068,-0.026705055968361997,-0.019746478181146502,0,5
B_minus_ASOF__RandomForest_unweighted__M5__271709,B,271709,full_test,f1_val_threshold,-0.0531507816489414,0.011785902177794757,-0.0691699604743083,-0.03945578231292518,0,5
B_minus_ASOF__RandomForest_unweighted__M5__271709,B,271709,full_test,p_at_5pct,-0.008056872037914694,0.002119495713269943,-0.009478672985781993,-0.004739336492890997,0,5
B_minus_ASOF__RandomForest_unweighted__M5__271709,B,271709,full_test,r_at_10fpr,-0.26000000000000006,0.06519202405202645,-0.35,-0.20000000000000007,0,5
B_minus_ASOF__RandomForest_unweighted__M5__271709,B,271709,full_test,hits_at_budget,-3.4,0.8944271909999159,-4.0,-2.0,0,5
B_minus_ASOF__RandomForest_unweighted__M11__271709,B,271709,full_test,roc_auc,-0.04754248366013079,0.009357277529798036,-0.05580213903743325,-0.03204099821746886,0,5
B_minus_ASOF__RandomForest_unweighted__M11__271709,B,271709,full_test,ap,-0.016244987709785413,0.004033993224657375,-0.02316012243121921,-0.013047013449626714,0,5
B_minus_ASOF__RandomForest_unweighted__M11__271709,B,271709,full_test,f1_val_threshold,-0.06412604941293538,0.008946180974595585,-0.0730050933786078,-0.05143014301430143,0,5
B_minus_ASOF__RandomForest_unweighted__M11__271709,B,271709,full_test,p_at_5pct,-0.006161137440758295,0.00129792075238191,-0.007109004739336495,-0.004739336492890996,0,5
B_minus_ASOF__RandomForest_unweighted__M11__271709,B,271709,full_test,r_at_10fpr,-0.15999999999999998,0.04183300132670376,-0.19999999999999996,-0.09999999999999998,0,5
B_minus_ASOF__RandomForest_unweighted__M11__271709,B,271709,full_test,hits_at_budget,-2.6,0.5477225575051661,-3.0,-2.0,0,5
B_increment_change__RandomForest_unweighted__271709,B,271709,full_test,roc_auc,0.02954486036838975,0.028835829565753472,0.0032412358882947245,0.0778698752228163,5,5
B_increment_change__RandomForest_unweighted__271709,B,271709,full_test,ap,0.007981229908493426,0.006595136028218662,-0.0034136442500727077,0.013275372275205767,4,5
B_increment_change__RandomForest_unweighted__271709,B,271709,full_test,f1_val_threshold,-0.010975267763993974,0.01892198836343473,-0.033549311065682624,0.00927715815910143,2,5
B_increment_change__RandomForest_unweighted__271709,B,271709,full_test,p_at_5pct,0.001895734597156399,0.0025958415047638204,-0.002369668246445498,0.004739336492890994,4,5
B_increment_change__RandomForest_unweighted__271709,B,271709,full_test,r_at_10fpr,0.10000000000000005,0.0935414346693485,1.1102230246251565e-16,0.25,5,5
B_increment_change__RandomForest_unweighted__271709,B,271709,full_test,hits_at_budget,0.8,1.0954451150103321,-1.0,2.0,4,5
B_increment__RandomForest_unweighted__mean3,B,mean3,full_test,roc_auc,0.08356129926718162,0.014023839486701956,0.06626460685284213,0.1035749653396712,5,5
B_increment__RandomForest_unweighted__mean3,B,mean3,full_test,ap,0.0021033841179524475,0.0005448841360175029,0.0016263244103242825,0.002855337969299621,5,5
B_increment__RandomForest_unweighted__mean3,B,mean3,full_test,f1_val_threshold,0.001806986486533464,0.004023670844673343,-0.003242378711074004,0.005863780465891734,3,5
B_increment__RandomForest_unweighted__mean3,B,mean3,full_test,p_at_5pct,0.003949447077409162,0.0009674130105778747,0.002369668246445496,0.004739336492890995,5,5
B_increment__RandomForest_unweighted__mean3,B,mean3,full_test,r_at_10fpr,0.1866666666666667,0.04314059701848265,0.11666666666666663,0.2333333333333334,5,5
B_increment__RandomForest_unweighted__mean3,B,mean3,full_test,hits_at_budget,1.6666666666666667,0.4082482904638627,1.0000000000000009,2.0000000000000004,5,5
B_minus_ASOF__RandomForest_unweighted__M5__mean3,B,mean3,full_test,roc_auc,-0.0800283224400873,0.025728796581390635,-0.11935036640919,-0.05023271935036666,0,5
B_minus_ASOF__RandomForest_unweighted__M5__mean3,B,mean3,full_test,ap,-0.024737505562233933,0.0030894999892459502,-0.0274138586245752,-0.02127087154912466,0,5
B_minus_ASOF__RandomForest_unweighted__M5__mean3,B,mean3,full_test,f1_val_threshold,-0.0571142526779288,0.010426696254148753,-0.07291687651679675,-0.04471173360962694,0,5
B_minus_ASOF__RandomForest_unweighted__M5__mean3,B,mean3,full_test,p_at_5pct,-0.008214849921011062,0.0019023056206622913,-0.010268562401263828,-0.005529225908372829,0,5
B_minus_ASOF__RandomForest_unweighted__M5__mean3,B,mean3,full_test,r_at_10fpr,-0.24333333333333346,0.05082650227325635,-0.31666666666666676,-0.1833333333333334,0,5
B_minus_ASOF__RandomForest_unweighted__M5__mean3,B,mean3,full_test,hits_at_budget,-3.4666666666666677,0.8027729719194865,-4.333333333333334,-2.3333333333333344,0,5
B_minus_ASOF__RandomForest_unweighted__M11__mean3,B,mean3,full_test,roc_auc,-0.052638740344622806,0.005379212682478475,-0.06100911071499315,-0.04813725490196086,0,5
B_minus_ASOF__RandomForest_unweighted__M11__mean3,B,mean3,full_test,ap,-0.016726552557310603,0.0034383523297514982,-0.02247745786891695,-0.014071312876125628,0,5
B_minus_ASOF__RandomForest_unweighted__M11__mean3,B,mean3,full_test,f1_val_threshold,-0.07205803210126466,0.012697286664101524,-0.08644760087626316,-0.05192735255260686,0,5
B_minus_ASOF__RandomForest_unweighted__M11__mean3,B,mean3,full_test,p_at_5pct,-0.006161137440758295,0.0015193826273042122,-0.008688783570300156,-0.0047393364928909965,0,5
B_minus_ASOF__RandomForest_unweighted__M11__mean3,B,mean3,full_test,r_at_10fpr,-0.14666666666666667,0.027386127875258303,-0.18333333333333332,-0.1166666666666667,0,5
B_minus_ASOF__RandomForest_unweighted__M11__mean3,B,mean3,full_test,hits_at_budget,-2.6000000000000005,0.6411794687223782,-3.666666666666667,-2.0,0,5
B_increment_change__RandomForest_unweighted__mean3,B,mean3,full_test,roc_auc,0.027389582095464503,0.02794274762270136,-0.0047573776985539995,0.07121311150722914,4,5
B_increment_change__RandomForest_unweighted__mean3,B,mean3,full_test,ap,0.008010953004923334,0.005558385765861612,-0.0012065863197922868,0.012650906361731573,4,5
B_increment_change__RandomForest_unweighted__mean3,B,mean3,full_test,f1_val_threshold,-0.014943779423335862,0.017756746746011395,-0.032213263542873856,0.008309804729599482,1,5
B_increment_change__RandomForest_unweighted__mean3,B,mean3,full_test,p_at_5pct,0.0020537124802527647,0.002595841504763819,-0.0007898894154818323,0.004739336492890994,4,5
B_increment_change__RandomForest_unweighted__mean3,B,mean3,full_test,r_at_10fpr,0.09666666666666673,0.06912147117775909,0.016666666666666663,0.18333333333333346,5,5
B_increment_change__RandomForest_unweighted__mean3,B,mean3,full_test,hits_at_budget,0.8666666666666669,1.0954451150103326,-0.33333333333333326,2.000000000000001,3,5
B0_42_minus_17__RandomForest_unweighted,B0,,full_test,roc_auc,0.27416755793226383,0.03490729379628729,0.21585858585858597,0.3002762923351158,5,5
B0_42_minus_17__RandomForest_unweighted,B0,,full_test,ap,0.017051127462074343,0.004104185417002572,0.012496147490814043,0.022930085725121414,5,5
B0_42_minus_17__RandomForest_unweighted,B0,,full_test,f1_val_threshold,0.04261409110273866,0.026955673514666337,-0.004006163328197226,0.05978520058755079,4,5
B0_42_minus_17__RandomForest_unweighted,B0,,full_test,p_at_5pct,0.0071090047393364926,0.0023696682464454974,0.004739336492890995,0.00947867298578199,5,5
B0_42_minus_17__RandomForest_unweighted,B0,,full_test,r_at_10fpr,0.16999999999999998,0.0670820393249937,0.09999999999999998,0.25,5,5
B0_42_minus_17__RandomForest_unweighted,B0,,full_test,hits_at_budget,3.0,1.0,2.0,4.0,5,5
A_minus_V26__MLP,A,,D_frozen,roc_auc,-0.0045632798573975505,0.01734351320711285,-0.029556064850182473,0.014973262032085488,2,5
A_minus_V26__MLP,A,,D_frozen,ap,8.161191013400948e-06,3.9186645380549547e-05,-4.146054067402801e-05,5.897349179414418e-05,3,5
A_minus_V26__MLP,A,,D_frozen,f1_val_threshold,0.0,0.0,0.0,0.0,0,5
A_minus_V26__MLP,A,,D_frozen,p_at_5pct,0.0,0.0,0.0,0.0,0,5
A_minus_V26__MLP,A,,D_frozen,r_at_10fpr,-0.02857142857142857,0.06388765649999399,-0.14285714285714285,0.0,0,5
A_minus_V26__MLP,A,,D_frozen,hits_at_budget,0.0,0.0,0.0,0.0,0,5
A_minus_V26__RandomForest_unweighted,A,,D_frozen,roc_auc,-0.01786435786435785,0.02567290387616748,-0.050309820898056135,0.018572277395806802,1,5
A_minus_V26__RandomForest_unweighted,A,,D_frozen,ap,-8.208101414195969e-05,0.00016800187073928396,-0.00027534525943435223,0.00010003568658580693,2,5
A_minus_V26__RandomForest_unweighted,A,,D_frozen,f1_val_threshold,0.0,0.0,0.0,0.0,0,5
A_minus_V26__RandomForest_unweighted,A,,D_frozen,p_at_5pct,0.0,0.0,0.0,0.0,0,5
A_minus_V26__RandomForest_unweighted,A,,D_frozen,r_at_10fpr,0.05714285714285714,0.12777531299998798,-0.14285714285714285,0.14285714285714285,3,5
A_minus_V26__RandomForest_unweighted,A,,D_frozen,hits_at_budget,0.0,0.0,0.0,0.0,0,5
A_minus_V26__GCN_reverse,A,,D_frozen,roc_auc,-0.0006451065274594824,0.008988765616489874,-0.014362108479755609,0.009455903573550528,3,5
A_minus_V26__GCN_reverse,A,,D_frozen,ap,-0.00020215236652515255,0.0004059510721503326,-0.0007607744252804798,0.00031022371648308,1,5
A_minus_V26__GCN_reverse,A,,D_frozen,f1_val_threshold,-0.0010925163292037352,0.0034463426602851796,-0.006309148264984227,0.0033171956248879333,1,5
A_minus_V26__GCN_reverse,A,,D_frozen,p_at_5pct,-0.00047393364928909954,0.0010597478566349715,-0.002369668246445498,0.0,0,5
A_minus_V26__GCN_reverse,A,,D_frozen,r_at_10fpr,-0.02857142857142857,0.11952286093343936,-0.14285714285714285,0.14285714285714285,1,5
A_minus_V26__GCN_reverse,A,,D_frozen,hits_at_budget,-0.2,0.447213595499958,-1.0,0.0,0,5
A_minus_V26__GraphSAGE_reverse,A,,D_frozen,roc_auc,-0.024303539597657253,0.022193186947738232,-0.04014939309056953,0.012087259146082663,1,5
A_minus_V26__GraphSAGE_reverse,A,,D_frozen,ap,-0.00011480295080338611,0.00017603981260877057,-0.00034316136406342137,4.29594658103178e-05,2,5
A_minus_V26__GraphSAGE_reverse,A,,D_frozen,f1_val_threshold,0.0,0.0,0.0,0.0,0,5
A_minus_V26__GraphSAGE_reverse,A,,D_frozen,p_at_5pct,-0.00047393364928909954,0.0010597478566349715,-0.002369668246445498,0.0,0,5
A_minus_V26__GraphSAGE_reverse,A,,D_frozen,r_at_10fpr,0.02857142857142857,0.1564921592871903,-0.14285714285714285,0.2857142857142857,1,5
A_minus_V26__GraphSAGE_reverse,A,,D_frozen,hits_at_budget,-0.2,0.447213595499958,-1.0,0.0,0,5
A_gap__MLP_minus_GCN_reverse,A,,D_frozen,roc_auc,-0.05611747729394789,0.03715952181053688,-0.10622188269247101,-0.01734997029114682,0,5
A_gap__MLP_minus_GCN_reverse,A,,D_frozen,ap,-0.0016739518665003384,0.0005404529654855555,-0.002155527859806587,-0.0008762574283032812,0,5
A_gap__MLP_minus_GCN_reverse,A,,D_frozen,f1_val_threshold,-0.008013599187227207,0.005541510568758997,-0.015151515151515152,0.0,0,5
A_gap__MLP_minus_GCN_reverse,A,,D_frozen,p_at_5pct,-0.002369668246445498,0.0,-0.002369668246445498,-0.002369668246445498,0,5
A_gap__MLP_minus_GCN_reverse,A,,D_frozen,r_at_10fpr,-0.22857142857142856,0.16288220358559113,-0.42857142857142855,0.0,0,5
A_gap__MLP_minus_GCN_reverse,A,,D_frozen,hits_at_budget,-1.0,0.0,-1.0,-1.0,0,5
A_gap_change__MLP_minus_GCN_reverse,A,,D_frozen,roc_auc,-0.003918173329938069,0.0218895544265963,-0.030880230880230952,0.022222222222222254,2,5
A_gap_change__MLP_minus_GCN_reverse,A,,D_frozen,ap,0.00021031355753855347,0.00042531516531221124,-0.0002959428210024999,0.0007880180663018316,4,5
A_gap_change__MLP_minus_GCN_reverse,A,,D_frozen,f1_val_threshold,0.0010925163292037352,0.0034463426602851796,-0.0033171956248879333,0.006309148264984227,4,5
A_gap_change__MLP_minus_GCN_reverse,A,,D_frozen,p_at_5pct,0.00047393364928909954,0.0010597478566349715,0.0,0.002369668246445498,1,5
A_gap_change__MLP_minus_GCN_reverse,A,,D_frozen,r_at_10fpr,0.0,0.10101525445522107,-0.14285714285714285,0.14285714285714285,1,5
A_gap_change__MLP_minus_GCN_reverse,A,,D_frozen,hits_at_budget,0.2,0.447213595499958,0.0,1.0,1,5
A_gap__MLP_minus_GraphSAGE_reverse,A,,D_frozen,roc_auc,0.023566760037348256,0.047431946856034746,-0.008437314319667322,0.1073253543841779,4,5
A_gap__MLP_minus_GraphSAGE_reverse,A,,D_frozen,ap,-6.273683612851152e-05,0.0002484520071952677,-0.00042253797996530005,0.0002631983041518355,2,5
A_gap__MLP_minus_GraphSAGE_reverse,A,,D_frozen,f1_val_threshold,0.0,0.0,0.0,0.0,0,5
A_gap__MLP_minus_GraphSAGE_reverse,A,,D_frozen,p_at_5pct,0.0,0.0,0.0,0.0,0,5
A_gap__MLP_minus_GraphSAGE_reverse,A,,D_frozen,r_at_10fpr,-0.11428571428571428,0.11952286093343938,-0.2857142857142857,0.0,0,5
A_gap__MLP_minus_GraphSAGE_reverse,A,,D_frozen,hits_at_budget,0.0,0.0,0.0,0.0,0,5
A_gap_change__MLP_minus_GraphSAGE_reverse,A,,D_frozen,roc_auc,0.019740259740259704,0.022863803997891313,-0.004227145403616017,0.05150666327136921,4,5
A_gap_change__MLP_minus_GraphSAGE_reverse,A,,D_frozen,ap,0.00012296414181678706,0.0002013365032543025,-8.442000648434581e-05,0.00035744225954400144,4,5
A_gap_change__MLP_minus_GraphSAGE_reverse,A,,D_frozen,f1_val_threshold,0.0,0.0,0.0,0.0,0,5
A_gap_change__MLP_minus_GraphSAGE_reverse,A,,D_frozen,p_at_5pct,0.00047393364928909954,0.0010597478566349715,0.0,0.002369668246445498,1,5
A_gap_change__MLP_minus_GraphSAGE_reverse,A,,D_frozen,r_at_10fpr,-0.05714285714285714,0.12777531299998798,-0.2857142857142857,0.0,0,5
A_gap_change__MLP_minus_GraphSAGE_reverse,A,,D_frozen,hits_at_budget,0.2,0.447213595499958,0.0,1.0,1,5
A_gap__RandomForest_unweighted_minus_GCN_reverse,A,,D_frozen,roc_auc,-0.011746031746031749,0.042601026438253656,-0.05047109752992096,0.05569136745607328,2,5
A_gap__RandomForest_unweighted_minus_GCN_reverse,A,,D_frozen,ap,-0.0014977637579360712,0.0006284907110029806,-0.0020282999095881556,-0.0004763292589435404,0,5
A_gap__RandomForest_unweighted_minus_GCN_reverse,A,,D_frozen,f1_val_threshold,-0.008013599187227207,0.005541510568758997,-0.015151515151515152,0.0,0,5
A_gap__RandomForest_unweighted_minus_GCN_reverse,A,,D_frozen,p_at_5pct,-0.002369668246445498,0.0,-0.002369668246445498,-0.002369668246445498,0,5
A_gap__RandomForest_unweighted_minus_GCN_reverse,A,,D_frozen,r_at_10fpr,-0.17142857142857143,0.11952286093343936,-0.2857142857142857,0.0,0,5
A_gap__RandomForest_unweighted_minus_GCN_reverse,A,,D_frozen,hits_at_budget,-1.0,0.0,-1.0,-1.0,0,5
A_gap_change__RandomForest_unweighted_minus_GCN_reverse,A,,D_frozen,roc_auc,-0.017219251336898368,0.020703749343556767,-0.035947712418300526,0.017248111365758323,1,5
A_gap_change__RandomForest_unweighted_minus_GCN_reverse,A,,D_frozen,ap,0.00012007135238319288,0.00030144256068837834,-0.0003282728470748201,0.0005164526880281849,4,5
A_gap_change__RandomForest_unweighted_minus_GCN_reverse,A,,D_frozen,f1_val_threshold,0.0010925163292037352,0.0034463426602851796,-0.0033171956248879333,0.006309148264984227,4,5
A_gap_change__RandomForest_unweighted_minus_GCN_reverse,A,,D_frozen,p_at_5pct,0.00047393364928909954,0.0010597478566349715,0.0,0.002369668246445498,1,5
A_gap_change__RandomForest_unweighted_minus_GCN_reverse,A,,D_frozen,r_at_10fpr,0.08571428571428572,0.07824607964359516,0.0,0.14285714285714285,3,5
A_gap_change__RandomForest_unweighted_minus_GCN_reverse,A,,D_frozen,hits_at_budget,0.2,0.447213595499958,0.0,1.0,1,5
A_gap__RandomForest_unweighted_minus_GraphSAGE_reverse,A,,D_frozen,roc_auc,0.0679382055852644,0.0731394867027718,0.020278414396061484,0.19494949494949487,5,5
A_gap__RandomForest_unweighted_minus_GraphSAGE_reverse,A,,D_frozen,ap,0.00011345127243575586,0.00039183800292350056,-0.00041068082727711125,0.0006631264735115763,3,5
A_gap__RandomForest_unweighted_minus_GraphSAGE_reverse,A,,D_frozen,f1_val_threshold,0.0,0.0,0.0,0.0,0,5
A_gap__RandomForest_unweighted_minus_GraphSAGE_reverse,A,,D_frozen,p_at_5pct,0.0,0.0,0.0,0.0,0,5
A_gap__RandomForest_unweighted_minus_GraphSAGE_reverse,A,,D_frozen,r_at_10fpr,-0.05714285714285714,0.12777531299998798,-0.2857142857142857,0.0,0,5
A_gap__RandomForest_unweighted_minus_GraphSAGE_reverse,A,,D_frozen,hits_at_budget,0.0,0.0,0.0,0.0,0,5
A_gap_change__RandomForest_unweighted_minus_GraphSAGE_reverse,A,,D_frozen,roc_auc,0.006439181733299404,0.04386250617604441,-0.0623970800441388,0.057295645530939576,4,5
A_gap_change__RandomForest_unweighted_minus_GraphSAGE_reverse,A,,D_frozen,ap,3.272193666142643e-05,0.00021932939253516826,-0.00026947933653969996,0.00032511223347168124,2,5
A_gap_change__RandomForest_unweighted_minus_GraphSAGE_reverse,A,,D_frozen,f1_val_threshold,0.0,0.0,0.0,0.0,0,5
A_gap_change__RandomForest_unweighted_minus_GraphSAGE_reverse,A,,D_frozen,p_at_5pct,0.00047393364928909954,0.0010597478566349715,0.0,0.002369668246445498,1,5
A_gap_change__RandomForest_unweighted_minus_GraphSAGE_reverse,A,,D_frozen,r_at_10fpr,0.02857142857142857,0.11952286093343936,-0.14285714285714285,0.14285714285714285,2,5
A_gap_change__RandomForest_unweighted_minus_GraphSAGE_reverse,A,,D_frozen,hits_at_budget,0.2,0.447213595499958,0.0,1.0,1,5
B_increment__MLP__271707,B,271707,D_frozen,roc_auc,-0.009836176895000404,0.0356407773759603,-0.05274594686359402,0.030421865715983376,3,5
B_increment__MLP__271707,B,271707,D_frozen,ap,-1.8824200053736954e-05,0.00015718800684874382,-0.00024352189935391557,0.0001843058256654278,2,5
B_increment__MLP__271707,B,271707,D_frozen,f1_val_threshold,0.0,0.0,0.0,0.0,0,5
B_increment__MLP__271707,B,271707,D_frozen,p_at_5pct,0.0,0.0,0.0,0.0,0,5
B_increment__MLP__271707,B,271707,D_frozen,r_at_10fpr,0.0,0.10101525445522107,-0.14285714285714285,0.14285714285714285,1,5
B_increment__MLP__271707,B,271707,D_frozen,hits_at_budget,0.0,0.0,0.0,0.0,0,5
B_minus_ASOF__MLP__M5__271707,B,271707,D_frozen,roc_auc,0.02314574314574309,0.02410614488620258,-0.016093710211357415,0.0482811306340718,4,5
B_minus_ASOF__MLP__M5__271707,B,271707,D_frozen,ap,-1.644404481821941e-05,0.0001227884702920252,-0.00022037624445367908,9.504072957292292e-05,2,5
B_minus_ASOF__MLP__M5__271707,B,271707,D_frozen,f1_val_threshold,-0.0006688963210702341,0.0014956976438125682,-0.0033444816053511705,0.0,0,5
B_minus_ASOF__MLP__M5__271707,B,271707,D_frozen,p_at_5pct,0.0,0.0,0.0,0.0,0,5
B_minus_ASOF__MLP__M5__271707,B,271707,D_frozen,r_at_10fpr,-0.08571428571428572,0.07824607964359515,-0.14285714285714285,0.0,0,5
B_minus_ASOF__MLP__M5__271707,B,271707,D_frozen,hits_at_budget,0.0,0.0,0.0,0.0,0,5
B_minus_ASOF__MLP__M11__271707,B,271707,D_frozen,roc_auc,0.0033817163228927914,0.018378125548532416,-0.017010440539852123,0.024904507257448416,3,5
B_minus_ASOF__MLP__M11__271707,B,271707,D_frozen,ap,-1.1743156280463654e-06,8.695869223582892e-05,-0.00012000944817021201,0.00011103568979264184,3,5
B_minus_ASOF__MLP__M11__271707,B,271707,D_frozen,f1_val_threshold,0.0,0.0,0.0,0.0,0,5
B_minus_ASOF__MLP__M11__271707,B,271707,D_frozen,p_at_5pct,0.0,0.0,0.0,0.0,0,5
B_minus_ASOF__MLP__M11__271707,B,271707,D_frozen,r_at_10fpr,-0.02857142857142857,0.06388765649999399,-0.14285714285714285,0.0,0,5
B_minus_ASOF__MLP__M11__271707,B,271707,D_frozen,hits_at_budget,0.0,0.0,0.0,0.0,0,5
B_increment_change__MLP__271707,B,271707,D_frozen,roc_auc,-0.0197640268228503,0.03577137564885018,-0.050318309141838324,0.04099821746880583,1,5
B_increment_change__MLP__271707,B,271707,D_frozen,ap,1.5269729190173045e-05,0.0001859791401948397,-0.00013612955584257945,0.0003314119342463209,2,5
B_increment_change__MLP__271707,B,271707,D_frozen,f1_val_threshold,0.0006688963210702341,0.0014956976438125682,0.0,0.0033444816053511705,1,5
B_increment_change__MLP__271707,B,271707,D_frozen,p_at_5pct,0.0,0.0,0.0,0.0,0,5
B_increment_change__MLP__271707,B,271707,D_frozen,r_at_10fpr,0.05714285714285714,0.07824607964359516,0.0,0.14285714285714285,2,5
B_increment_change__MLP__271707,B,271707,D_frozen,hits_at_budget,0.0,0.0,0.0,0.0,0,5
B_increment__MLP__271708,B,271708,D_frozen,roc_auc,0.007442492148374513,0.04253452708764068,-0.04313725490196074,0.0669722434428317,3,5
B_increment__MLP__271708,B,271708,D_frozen,ap,-6.819414949132052e-06,0.00019214341902573634,-0.00021930559742981454,0.00018289134486702482,3,5
B_increment__MLP__271708,B,271708,D_frozen,f1_val_threshold,0.0,0.0,0.0,0.0,0,5
B_increment__MLP__271708,B,271708,D_frozen,p_at_5pct,0.0,0.0,0.0,0.0,0,5
B_increment__MLP__271708,B,271708,D_frozen,r_at_10fpr,-0.02857142857142857,0.11952286093343936,-0.14285714285714285,0.14285714285714285,1,5
B_increment__MLP__271708,B,271708,D_frozen,hits_at_budget,0.0,0.0,0.0,0.0,0,5
B_minus_ASOF__MLP__M5__271708,B,271708,D_frozen,roc_auc,5.432476020708066e-05,0.01630876565010139,-0.025855190561072883,0.016569051863169593,3,5
B_minus_ASOF__MLP__M5__271708,B,271708,D_frozen,ap,-7.387666246894166e-05,7.815697401427789e-05,-0.00017295634071018483,1.0278843084157675e-05,1,5
B_minus_ASOF__MLP__M5__271708,B,271708,D_frozen,f1_val_threshold,-0.0006688963210702341,0.0014956976438125682,-0.0033444816053511705,0.0,0,5
B_minus_ASOF__MLP__M5__271708,B,271708,D_frozen,p_at_5pct,0.0,0.0,0.0,0.0,0,5
B_minus_ASOF__MLP__M5__271708,B,271708,D_frozen,r_at_10fpr,-0.05714285714285714,0.07824607964359516,-0.14285714285714285,0.0,0,5
B_minus_ASOF__MLP__M5__271708,B,271708,D_frozen,hits_at_budget,0.0,0.0,0.0,0.0,0,5
B_minus_ASOF__MLP__M11__271708,B,271708,D_frozen,roc_auc,-0.0024310330192683026,0.01598317326141919,-0.020592479416008613,0.02020202020202011,2,5
B_minus_ASOF__MLP__M11__271708,B,271708,D_frozen,ap,-4.6602148174163706e-05,6.790768629810317e-05,-0.0001166085411223464,2.633383024857358e-05,2,5
B_minus_ASOF__MLP__M11__271708,B,271708,D_frozen,f1_val_threshold,0.0,0.0,0.0,0.0,0,5
B_minus_ASOF__MLP__M11__271708,B,271708,D_frozen,p_at_5pct,0.0,0.0,0.0,0.0,0,5
B_minus_ASOF__MLP__M11__271708,B,271708,D_frozen,r_at_10fpr,-0.02857142857142857,0.06388765649999399,-0.14285714285714285,0.0,0,5
B_minus_ASOF__MLP__M11__271708,B,271708,D_frozen,hits_at_budget,0.0,0.0,0.0,0.0,0,5
B_increment_change__MLP__271708,B,271708,D_frozen,roc_auc,-0.002485357779475383,0.010628322533704795,-0.011527035056446922,0.012307953484424039,2,5
B_increment_change__MLP__271708,B,271708,D_frozen,ap,2.727451429477795e-05,8.692087365364304e-05,-0.00011191325391847842,0.00010611277201335169,4,5
B_increment_change__MLP__271708,B,271708,D_frozen,f1_val_threshold,0.0006688963210702341,0.0014956976438125682,0.0,0.0033444816053511705,1,5
B_increment_change__MLP__271708,B,271708,D_frozen,p_at_5pct,0.0,0.0,0.0,0.0,0,5
B_increment_change__MLP__271708,B,271708,D_frozen,r_at_10fpr,0.02857142857142857,0.11952286093343938,-0.14285714285714285,0.14285714285714285,2,5
B_increment_change__MLP__271708,B,271708,D_frozen,hits_at_budget,0.0,0.0,0.0,0.0,0,5
B_increment__MLP__271709,B,271709,D_frozen,roc_auc,0.014874798404210198,0.037576670815935916,-0.036482471776589365,0.057889822595704965,3,5
B_increment__MLP__271709,B,271709,D_frozen,ap,6.53919767322716e-06,0.0001606524743519862,-0.000215413079473592,0.00018962886717403381,3,5
B_increment__MLP__271709,B,271709,D_frozen,f1_val_threshold,-0.0006472491909385113,0.0014472931893202523,-0.003236245954692557,0.0,0,5
B_increment__MLP__271709,B,271709,D_frozen,p_at_5pct,0.0,0.0,0.0,0.0,0,5
B_increment__MLP__271709,B,271709,D_frozen,r_at_10fpr,0.0,0.10101525445522107,-0.14285714285714285,0.14285714285714285,1,5
B_increment__MLP__271709,B,271709,D_frozen,hits_at_budget,0.0,0.0,0.0,0.0,0,5
B_minus_ASOF__MLP__M5__271709,B,271709,D_frozen,roc_auc,-0.019363381716322948,0.013320283756811754,-0.03347763347763355,-0.00266530854766156,0,5
B_minus_ASOF__MLP__M5__271709,B,271709,D_frozen,ap,-0.0001303750016236489,0.00010167675107083424,-0.0002542112330007672,1.5212484133154914e-05,1,5
B_minus_ASOF__MLP__M5__271709,B,271709,D_frozen,f1_val_threshold,-2.1647130131722744e-05,4.840445449231603e-05,-0.00010823565065861372,0.0,0,5
B_minus_ASOF__MLP__M5__271709,B,271709,D_frozen,p_at_5pct,0.0,0.0,0.0,0.0,0,5
B_minus_ASOF__MLP__M5__271709,B,271709,D_frozen,r_at_10fpr,-0.08571428571428572,0.07824607964359515,-0.14285714285714285,0.0,0,5
B_minus_ASOF__MLP__M5__271709,B,271709,D_frozen,hits_at_budget,0.0,0.0,0.0,0.0,0,5
B_minus_ASOF__MLP__M11__271709,B,271709,D_frozen,roc_auc,-0.014416433239962645,0.013971429580452135,-0.0362957304133773,0.0021729904082844476,1,5
B_minus_ASOF__MLP__M11__271709,B,271709,D_frozen,ap,-8.974187470651174e-05,3.7956670209322644e-05,-0.00014464597058342016,-4.013080385922071e-05,0,5
B_minus_ASOF__MLP__M11__271709,B,271709,D_frozen,f1_val_threshold,0.0,0.0,0.0,0.0,0,5
B_minus_ASOF__MLP__M11__271709,B,271709,D_frozen,p_at_5pct,0.0,0.0,0.0,0.0,0,5
B_minus_ASOF__MLP__M11__271709,B,271709,D_frozen,r_at_10fpr,-0.02857142857142857,0.06388765649999399,-0.14285714285714285,0.0,0,5
B_minus_ASOF__MLP__M11__271709,B,271709,D_frozen,hits_at_budget,0.0,0.0,0.0,0.0,0,5
B_increment_change__MLP__271709,B,271709,D_frozen,roc_auc,0.004946948476360302,0.01127467320103094,-0.003819709702062468,0.024157541804600724,3,5
B_increment_change__MLP__271709,B,271709,D_frozen,ap,4.063312691713716e-05,0.00011564702687487875,-0.00010802073596225589,0.00021408042914154647,4,5
B_increment_change__MLP__271709,B,271709,D_frozen,f1_val_threshold,2.1647130131722744e-05,4.840445449231603e-05,0.0,0.00010823565065861372,1,5
B_increment_change__MLP__271709,B,271709,D_frozen,p_at_5pct,0.0,0.0,0.0,0.0,0,5
B_increment_change__MLP__271709,B,271709,D_frozen,r_at_10fpr,0.05714285714285714,0.12777531299998798,-0.14285714285714285,0.14285714285714285,3,5
B_increment_change__MLP__271709,B,271709,D_frozen,hits_at_budget,0.0,0.0,0.0,0.0,0,5
B_increment__MLP__mean3,B,mean3,D_frozen,roc_auc,0.004160371219194786,0.03446908555563906,-0.04412189118071472,0.04541776306482198,3,5
B_increment__MLP__mean3,B,mean3,D_frozen,ap,-6.36813910988059e-06,0.0001574028894734462,-0.00022608019208577408,0.00018560867923549551,2,5
B_increment__MLP__mean3,B,mean3,D_frozen,f1_val_threshold,-0.00021574973031283708,0.0004824310631067507,-0.0010787486515641855,0.0,0,5
B_increment__MLP__mean3,B,mean3,D_frozen,p_at_5pct,0.0,0.0,0.0,0.0,0,5
B_increment__MLP__mean3,B,mean3,D_frozen,r_at_10fpr,-0.009523809523809523,0.09159706696033974,-0.14285714285714285,0.09523809523809523,2,5
B_increment__MLP__mean3,B,mean3,D_frozen,hits_at_budget,0.0,0.0,0.0,0.0,0,5
B_minus_ASOF__MLP__M5__mean3,B,mean3,D_frozen,roc_auc,0.0012788953965423844,0.012279482661784483,-0.014463967405143996,0.013535919418272313,3,5
B_minus_ASOF__MLP__M5__mean3,B,mean3,D_frozen,ap,-7.356523630360341e-05,9.04717640587448e-05,-0.0001994658198566083,3.5712107622517695e-05,1,5
B_minus_ASOF__MLP__M5__mean3,B,mean3,D_frozen,f1_val_threshold,-0.000453146590757397,0.0010132665807058177,-0.002265732953786985,0.0,0,5
B_minus_ASOF__MLP__M5__mean3,B,mean3,D_frozen,p_at_5pct,0.0,0.0,0.0,0.0,0,5
B_minus_ASOF__MLP__M5__mean3,B,mean3,D_frozen,r_at_10fpr,-0.07619047619047618,0.07221786137191953,-0.14285714285714285,0.0,0,5
B_minus_ASOF__MLP__M5__mean3,B,mean3,D_frozen,hits_at_budget,0.0,0.0,0.0,0.0,0,5
B_minus_ASOF__MLP__M11__mean3,B,mean3,D_frozen,roc_auc,-0.004488583312112754,0.012287228883976457,-0.024632883456412735,0.006400135811900437,2,5
B_minus_ASOF__MLP__M11__mean3,B,mean3,D_frozen,ap,-4.5839446169573976e-05,5.7283505379911856e-05,-0.00012708798662532626,1.0204912236126738e-05,1,5
B_minus_ASOF__MLP__M11__mean3,B,mean3,D_frozen,f1_val_threshold,0.0,0.0,0.0,0.0,0,5
B_minus_ASOF__MLP__M11__mean3,B,mean3,D_frozen,p_at_5pct,0.0,0.0,0.0,0.0,0,5
B_minus_ASOF__MLP__M11__mean3,B,mean3,D_frozen,r_at_10fpr,-0.02857142857142857,0.042591770999996,-0.09523809523809523,0.0,0,5
B_minus_ASOF__MLP__M11__mean3,B,mean3,D_frozen,hits_at_budget,0.0,0.0,0.0,0.0,0,5
B_increment_change__MLP__mean3,B,mean3,D_frozen,roc_auc,-0.005767478708655111,0.014054266166854016,-0.016291769232945452,0.018566618566618676,1,5
B_increment_change__MLP__mean3,B,mean3,D_frozen,ap,2.7725790134029358e-05,0.00011889539105967206,-0.00011868784857443795,0.00020967073209273498,3,5
B_increment_change__MLP__mean3,B,mean3,D_frozen,f1_val_threshold,0.000453146590757397,0.0010132665807058177,0.0,0.002265732953786985,1,5
B_increment_change__MLP__mean3,B,mean3,D_frozen,p_at_5pct,0.0,0.0,0.0,0.0,0,5
B_increment_change__MLP__mean3,B,mean3,D_frozen,r_at_10fpr,0.047619047619047616,0.09523809523809523,-0.09523809523809523,0.14285714285714285,3,5
B_increment_change__MLP__mean3,B,mean3,D_frozen,hits_at_budget,0.0,0.0,0.0,0.0,0,5
B0_42_minus_17__MLP,B0,,D_frozen,roc_auc,0.0784432560903149,0.0751177149907077,-0.010177404295051318,0.16968848145318727,4,5
B0_42_minus_17__MLP,B0,,D_frozen,ap,-7.453173986963911e-05,0.0007053705318143934,-0.0012655304500513505,0.0005253918663552559,3,5
B0_42_minus_17__MLP,B0,,D_frozen,f1_val_threshold,-0.0008990235507005924,0.0013524246651109115,-0.00303951367781155,0.0,0,5
B0_42_minus_17__MLP,B0,,D_frozen,p_at_5pct,-0.00047393364928909954,0.0010597478566349715,-0.002369668246445498,0.0,0,5
B0_42_minus_17__MLP,B0,,D_frozen,r_at_10fpr,0.0,0.0,0.0,0.0,0,5
B0_42_minus_17__MLP,B0,,D_frozen,hits_at_budget,-0.2,0.447213595499958,-1.0,0.0,0,5
B_increment__RandomForest_unweighted__271707,B,271707,D_frozen,roc_auc,0.019404125286478235,0.05180301187618464,-0.031873355402767145,0.07546897546897546,3,5
B_increment__RandomForest_unweighted__271707,B,271707,D_frozen,ap,-0.00018734340587807887,0.00014590044769280012,-0.0003215960762918495,3.775326955142715e-05,1,5
B_increment__RandomForest_unweighted__271707,B,271707,D_frozen,f1_val_threshold,-0.0010050251256281408,0.002247304499999789,-0.005025125628140704,0.0,0,5
B_increment__RandomForest_unweighted__271707,B,271707,D_frozen,p_at_5pct,-0.0018957345971563982,0.0010597478566349715,-0.002369668246445498,0.0,0,5
B_increment__RandomForest_unweighted__271707,B,271707,D_frozen,r_at_10fpr,-0.02857142857142857,0.06388765649999399,-0.14285714285714285,0.0,0,5
B_increment__RandomForest_unweighted__271707,B,271707,D_frozen,hits_at_budget,-0.8,0.4472135954999579,-1.0,0.0,0,5
B_minus_ASOF__RandomForest_unweighted__M5__271707,B,271707,D_frozen,roc_auc,-0.09950089126559718,0.02961454370162966,-0.13772175536881415,-0.057338086749851525,0,5
B_minus_ASOF__RandomForest_unweighted__M5__271707,B,271707,D_frozen,ap,-0.001724125504343605,0.000409513939715833,-0.002168477487984031,-0.0011381944238094245,0,5
B_minus_ASOF__RandomForest_unweighted__M5__271707,B,271707,D_frozen,f1_val_threshold,0.0010050251256281408,0.002247304499999789,0.0,0.005025125628140704,1,5
B_minus_ASOF__RandomForest_unweighted__M5__271707,B,271707,D_frozen,p_at_5pct,-0.0014218009478672987,0.002119495713269943,-0.004739336492890996,0.0,0,5
B_minus_ASOF__RandomForest_unweighted__M5__271707,B,271707,D_frozen,r_at_10fpr,-0.3714285714285714,0.12777531299998798,-0.5714285714285714,-0.2857142857142857,0,5
B_minus_ASOF__RandomForest_unweighted__M5__271707,B,271707,D_frozen,hits_at_budget,-0.6,0.8944271909999159,-2.0,0.0,0,5
B_minus_ASOF__RandomForest_unweighted__M11__271707,B,271707,D_frozen,roc_auc,-0.1083728036669213,0.036447232198997495,-0.1433494609965199,-0.05519904931669639,0,5
B_minus_ASOF__RandomForest_unweighted__M11__271707,B,271707,D_frozen,ap,-0.0013800094933015647,0.00033367052279380797,-0.0017251760456708828,-0.0008890884295526316,0,5
B_minus_ASOF__RandomForest_unweighted__M11__271707,B,271707,D_frozen,f1_val_threshold,0.0,0.0,0.0,0.0,0,5
B_minus_ASOF__RandomForest_unweighted__M11__271707,B,271707,D_frozen,p_at_5pct,-0.002369668246445498,0.0,-0.002369668246445498,-0.002369668246445498,0,5
B_minus_ASOF__RandomForest_unweighted__M11__271707,B,271707,D_frozen,r_at_10fpr,-0.2571428571428571,0.11952286093343935,-0.42857142857142855,-0.14285714285714285,0,5
B_minus_ASOF__RandomForest_unweighted__M11__271707,B,271707,D_frozen,hits_at_budget,-1.0,0.0,-1.0,-1.0,0,5
B_increment_change__RandomForest_unweighted__271707,B,271707,D_frozen,roc_auc,-0.008871912401324122,0.058498346420660076,-0.06507087683558255,0.08252270605211776,2,5
B_increment_change__RandomForest_unweighted__271707,B,271707,D_frozen,ap,0.0003441160110420404,0.0005037189754928408,-0.00023500283632206867,0.0009738274641767639,3,5
B_increment_change__RandomForest_unweighted__271707,B,271707,D_frozen,f1_val_threshold,-0.0010050251256281408,0.002247304499999789,-0.005025125628140704,0.0,0,5
B_increment_change__RandomForest_unweighted__271707,B,271707,D_frozen,p_at_5pct,-0.0009478672985781991,0.002119495713269943,-0.002369668246445498,0.002369668246445498,1,5
B_increment_change__RandomForest_unweighted__271707,B,271707,D_frozen,r_at_10fpr,0.11428571428571428,0.11952286093343938,0.0,0.2857142857142857,3,5
B_increment_change__RandomForest_unweighted__271707,B,271707,D_frozen,hits_at_budget,-0.4,0.8944271909999159,-1.0,1.0,1,5
B_increment__RandomForest_unweighted__271708,B,271708,D_frozen,roc_auc,0.020865800865800855,0.03675263774675253,-0.01043205160852223,0.0746371275783041,3,5
B_increment__RandomForest_unweighted__271708,B,271708,D_frozen,ap,-3.9252099159294094e-05,5.681014049121999e-05,-0.00011688128515558414,3.0216088602907356e-05,1,5
B_increment__RandomForest_unweighted__271708,B,271708,D_frozen,f1_val_threshold,0.0,0.0,0.0,0.0,0,5
B_increment__RandomForest_unweighted__271708,B,271708,D_frozen,p_at_5pct,-0.0009478672985781991,0.0012979207523819104,-0.002369668246445498,0.0,0,5
B_increment__RandomForest_unweighted__271708,B,271708,D_frozen,r_at_10fpr,0.0,0.0,0.0,0.0,0,5
B_increment__RandomForest_unweighted__271708,B,271708,D_frozen,hits_at_budget,-0.4,0.5477225575051662,-1.0,0.0,0,5
B_minus_ASOF__RandomForest_unweighted__M5__271708,B,271708,D_frozen,roc_auc,-0.1294423223834989,0.044355151425172906,-0.18549359137594434,-0.06598760716407781,0,5
B_minus_ASOF__RandomForest_unweighted__M5__271708,B,271708,D_frozen,ap,-0.0020319638082243645,0.0002797772904967218,-0.0024224807701069126,-0.0016874545235877,0,5
B_minus_ASOF__RandomForest_unweighted__M5__271708,B,271708,D_frozen,f1_val_threshold,0.0,0.0,0.0,0.0,0,5
B_minus_ASOF__RandomForest_unweighted__M5__271708,B,271708,D_frozen,p_at_5pct,-0.002369668246445498,0.0016756084862240464,-0.004739336492890996,0.0,0,5
B_minus_ASOF__RandomForest_unweighted__M5__271708,B,271708,D_frozen,r_at_10fpr,-0.3714285714285714,0.12777531299998798,-0.5714285714285714,-0.2857142857142857,0,5
B_minus_ASOF__RandomForest_unweighted__M5__271708,B,271708,D_frozen,hits_at_budget,-1.0,0.7071067811865476,-2.0,0.0,0,5
B_minus_ASOF__RandomForest_unweighted__M11__271708,B,271708,D_frozen,roc_auc,-0.13685255920550038,0.027662673775370968,-0.18146167557932258,-0.1095577624989389,0,5
B_minus_ASOF__RandomForest_unweighted__M11__271708,B,271708,D_frozen,ap,-0.001539756490463539,0.0002590323647530307,-0.001884717446300848,-0.001172720585191351,0,5
B_minus_ASOF__RandomForest_unweighted__M11__271708,B,271708,D_frozen,f1_val_threshold,0.0,0.0,0.0,0.0,0,5
B_minus_ASOF__RandomForest_unweighted__M11__271708,B,271708,D_frozen,p_at_5pct,-0.002369668246445498,0.0,-0.002369668246445498,-0.002369668246445498,0,5
B_minus_ASOF__RandomForest_unweighted__M11__271708,B,271708,D_frozen,r_at_10fpr,-0.22857142857142856,0.07824607964359516,-0.2857142857142857,-0.14285714285714285,0,5
B_minus_ASOF__RandomForest_unweighted__M11__271708,B,271708,D_frozen,hits_at_budget,-1.0,0.0,-1.0,-1.0,0,5
B_increment_change__RandomForest_unweighted__271708,B,271708,D_frozen,roc_auc,-0.007410236822001504,0.0484866316965484,-0.07593582887700534,0.0548510313216195,3,5
B_increment_change__RandomForest_unweighted__271708,B,271708,D_frozen,ap,0.000492207317760825,0.0004621790968931605,-3.0288045185803292e-05,0.0009567810411429652,4,5
B_increment_change__RandomForest_unweighted__271708,B,271708,D_frozen,f1_val_threshold,0.0,0.0,0.0,0.0,0,5
B_increment_change__RandomForest_unweighted__271708,B,271708,D_frozen,p_at_5pct,0.0,0.0016756084862240464,-0.002369668246445498,0.002369668246445498,1,5
B_increment_change__RandomForest_unweighted__271708,B,271708,D_frozen,r_at_10fpr,0.14285714285714285,0.14285714285714288,0.0,0.28571428571428575,3,5
B_increment_change__RandomForest_unweighted__271708,B,271708,D_frozen,hits_at_budget,0.0,0.7071067811865476,-1.0,1.0,1,5
B_increment__RandomForest_unweighted__271709,B,271709,D_frozen,roc_auc,0.0492453951277481,0.05891911798900221,-0.008454290807232034,0.13656735421441302,3,5
B_increment__RandomForest_unweighted__271709,B,271709,D_frozen,ap,5.061935384463394e-05,0.00034724611935174995,-0.0002946235304495768,0.00043829929062221104,3,5
B_increment__RandomForest_unweighted__271709,B,271709,D_frozen,f1_val_threshold,-0.0022037074668653615,0.0030379246807642787,-0.006006006006006006,0.0,0,5
B_increment__RandomForest_unweighted__271709,B,271709,D_frozen,p_at_5pct,-0.0018957345971563982,0.0010597478566349713,-0.002369668246445498,0.0,0,5
B_increment__RandomForest_unweighted__271709,B,271709,D_frozen,r_at_10fpr,0.0,0.0,0.0,0.0,0,5
B_increment__RandomForest_unweighted__271709,B,271709,D_frozen,hits_at_budget,-0.8,0.44721359549995804,-1.0,0.0,0,5
B_minus_ASOF__RandomForest_unweighted__M5__271709,B,271709,D_frozen,roc_auc,-0.12391817332993808,0.048485025843049145,-0.19421101774042948,-0.06241405653170373,0,5
B_minus_ASOF__RandomForest_unweighted__M5__271709,B,271709,D_frozen,ap,-0.001887886423845368,0.0004522715775734991,-0.002416278751234193,-0.001297089783666178,0,5
B_minus_ASOF__RandomForest_unweighted__M5__271709,B,271709,D_frozen,f1_val_threshold,0.0022037074668653615,0.0030379246807642787,0.0,0.006006006006006006,2,5
B_minus_ASOF__RandomForest_unweighted__M5__271709,B,271709,D_frozen,p_at_5pct,-0.0014218009478672987,0.0012979207523819102,-0.002369668246445498,0.0,0,5
B_minus_ASOF__RandomForest_unweighted__M5__271709,B,271709,D_frozen,r_at_10fpr,-0.3714285714285714,0.12777531299998798,-0.5714285714285714,-0.2857142857142857,0,5
B_minus_ASOF__RandomForest_unweighted__M5__271709,B,271709,D_frozen,hits_at_budget,-0.6,0.5477225575051662,-1.0,0.0,0,5
B_minus_ASOF__RandomForest_unweighted__M11__271709,B,271709,D_frozen,roc_auc,-0.10294881588999234,0.026685967005444143,-0.13661828367710716,-0.07739580680757141,0,5
B_minus_ASOF__RandomForest_unweighted__M11__271709,B,271709,D_frozen,ap,-0.0013058076530806152,0.0002019546717123697,-0.0015534645534729188,-0.0011109601717350895,0,5
B_minus_ASOF__RandomForest_unweighted__M11__271709,B,271709,D_frozen,f1_val_threshold,0.0,0.0,0.0,0.0,0,5
B_minus_ASOF__RandomForest_unweighted__M11__271709,B,271709,D_frozen,p_at_5pct,-0.002369668246445498,0.0,-0.002369668246445498,-0.002369668246445498,0,5
B_minus_ASOF__RandomForest_unweighted__M11__271709,B,271709,D_frozen,r_at_10fpr,-0.22857142857142856,0.07824607964359516,-0.2857142857142857,-0.14285714285714285,0,5
B_minus_ASOF__RandomForest_unweighted__M11__271709,B,271709,D_frozen,hits_at_budget,-1.0,0.0,-1.0,-1.0,0,5
B_increment_change__RandomForest_unweighted__271709,B,271709,D_frozen,roc_auc,0.020969357439945747,0.057959014448419256,-0.03784907902554935,0.11678125795772842,3,5
B_increment_change__RandomForest_unweighted__271709,B,271709,D_frozen,ap,0.0005820787707647532,0.0006422095305721666,-0.00018316087786036201,0.0013053185794991036,4,5
B_increment_change__RandomForest_unweighted__271709,B,271709,D_frozen,f1_val_threshold,-0.0022037074668653615,0.0030379246807642787,-0.006006006006006006,0.0,0,5
B_increment_change__RandomForest_unweighted__271709,B,271709,D_frozen,p_at_5pct,-0.0009478672985781991,0.0012979207523819102,-0.002369668246445498,0.0,0,5
B_increment_change__RandomForest_unweighted__271709,B,271709,D_frozen,r_at_10fpr,0.14285714285714285,0.14285714285714288,0.0,0.28571428571428575,3,5
B_increment_change__RandomForest_unweighted__271709,B,271709,D_frozen,hits_at_budget,-0.4,0.5477225575051662,-1.0,0.0,0,5
B_increment__RandomForest_unweighted__mean3,B,mean3,D_frozen,roc_auc,0.02983844042667575,0.021586276734589706,0.006926406926407086,0.06005149534561305,5,5
B_increment__RandomForest_unweighted__mean3,B,mean3,D_frozen,ap,-5.8658717064246366e-05,0.00011609945445213951,-0.0002360771597591922,5.340868906105248e-05,2,5
B_increment__RandomForest_unweighted__mean3,B,mean3,D_frozen,f1_val_threshold,-0.0010695775308311674,0.0016272976166760115,-0.003677043878048903,0.0,0,5
B_increment__RandomForest_unweighted__mean3,B,mean3,D_frozen,p_at_5pct,-0.001579778830963665,0.0,-0.001579778830963665,-0.001579778830963665,0,5
B_increment__RandomForest_unweighted__mean3,B,mean3,D_frozen,r_at_10fpr,-0.009523809523809523,0.021295885499997995,-0.047619047619047616,0.0,0,5
B_increment__RandomForest_unweighted__mean3,B,mean3,D_frozen,hits_at_budget,-0.6666666666666666,0.0,-0.6666666666666666,-0.6666666666666666,0,5
B_minus_ASOF__RandomForest_unweighted__M5__mean3,B,mean3,D_frozen,roc_auc,-0.11762046232634475,0.026543400758000015,-0.15740599270011035,-0.09203519791755099,0,5
B_minus_ASOF__RandomForest_unweighted__M5__mean3,B,mean3,D_frozen,ap,-0.0018813252454711123,0.0003653070404982485,-0.0023357456697750455,-0.0014780496021378536,0,5
B_minus_ASOF__RandomForest_unweighted__M5__mean3,B,mean3,D_frozen,f1_val_threshold,0.0010695775308311674,0.0016272976166760115,0.0,0.003677043878048903,2,5
B_minus_ASOF__RandomForest_unweighted__M5__mean3,B,mean3,D_frozen,p_at_5pct,-0.0017377567140600323,0.0012979207523819106,-0.003159557661927331,-0.0007898894154818327,0,5
B_minus_ASOF__RandomForest_unweighted__M5__mean3,B,mean3,D_frozen,r_at_10fpr,-0.37142857142857133,0.12777531299998796,-0.5714285714285714,-0.2857142857142857,0,5
B_minus_ASOF__RandomForest_unweighted__M5__mean3,B,mean3,D_frozen,hits_at_budget,-0.7333333333333335,0.5477225575051662,-1.3333333333333335,-0.3333333333333334,0,5
B_minus_ASOF__RandomForest_unweighted__M11__mean3,B,mean3,D_frozen,roc_auc,-0.1160580595874714,0.01558994162054933,-0.13838949721302662,-0.09963783493195269,0,5
B_minus_ASOF__RandomForest_unweighted__M11__mean3,B,mean3,D_frozen,ap,-0.0014085245456152396,0.00021284216003284196,-0.001696714717832757,-0.0011051994697905362,0,5
B_minus_ASOF__RandomForest_unweighted__M11__mean3,B,mean3,D_frozen,f1_val_threshold,0.0,0.0,0.0,0.0,0,5
B_minus_ASOF__RandomForest_unweighted__M11__mean3,B,mean3,D_frozen,p_at_5pct,-0.002369668246445498,0.0,-0.002369668246445498,-0.002369668246445498,0,5
B_minus_ASOF__RandomForest_unweighted__M11__mean3,B,mean3,D_frozen,r_at_10fpr,-0.23809523809523808,0.0890870806374748,-0.3333333333333333,-0.14285714285714285,0,5
B_minus_ASOF__RandomForest_unweighted__M11__mean3,B,mean3,D_frozen,hits_at_budget,-1.0,0.0,-1.0,-1.0,0,5
B_increment_change__RandomForest_unweighted__mean3,B,mean3,D_frozen,roc_auc,0.001562402738873364,0.031751055034739184,-0.02861386979034014,0.040265399088928344,2,5
B_increment_change__RandomForest_unweighted__mean3,B,mean3,D_frozen,ap,0.0004728006998558727,0.000508303864141017,-0.00014948391978941136,0.0009799736416011102,4,5
B_increment_change__RandomForest_unweighted__mean3,B,mean3,D_frozen,f1_val_threshold,-0.0010695775308311674,0.0016272976166760115,-0.003677043878048903,0.0,0,5
B_increment_change__RandomForest_unweighted__mean3,B,mean3,D_frozen,p_at_5pct,-0.000631911532385466,0.0012979207523819104,-0.001579778830963665,0.0007898894154818327,2,5
B_increment_change__RandomForest_unweighted__mean3,B,mean3,D_frozen,r_at_10fpr,0.13333333333333336,0.13213749452868198,0.0,0.2857142857142857,3,5
B_increment_change__RandomForest_unweighted__mean3,B,mean3,D_frozen,hits_at_budget,-0.2666666666666666,0.5477225575051662,-0.6666666666666666,0.3333333333333334,2,5
B0_42_minus_17__RandomForest_unweighted,B0,,D_frozen,roc_auc,-0.0360648501824973,0.037091097902220184,-0.08798913504795858,0.0011798658857482547,1,5
B0_42_minus_17__RandomForest_unweighted,B0,,D_frozen,ap,-0.00013024320326218168,0.0001234511413427997,-0.0002510212886641925,7.635608458091527e-05,1,5
B0_42_minus_17__RandomForest_unweighted,B0,,D_frozen,f1_val_threshold,-0.0016699982659438527,0.00011342571134327587,-0.0018547140649149924,-0.0015460729746444033,0,5
B0_42_minus_17__RandomForest_unweighted,B0,,D_frozen,p_at_5pct,-0.0014218009478672987,0.0012979207523819104,-0.002369668246445498,0.0,0,5
B0_42_minus_17__RandomForest_unweighted,B0,,D_frozen,r_at_10fpr,-0.02857142857142857,0.06388765649999399,-0.14285714285714285,0.0,0,5
B0_42_minus_17__RandomForest_unweighted,B0,,D_frozen,hits_at_budget,-0.6,0.5477225575051662,-1.0,0.0,0,5
A_minus_V26__MLP,A,,O_frozen,roc_auc,-0.013793134969605525,0.03465077344187814,-0.07524566936331634,0.007696878285113562,3,5
A_minus_V26__MLP,A,,O_frozen,ap,0.00010710532166271908,0.0007997051417602457,-0.0006599949971546337,0.0013281571303136678,2,5
A_minus_V26__MLP,A,,O_frozen,f1_val_threshold,-0.002382667965218376,0.005900766395427309,-0.011527377521613832,0.004748338081671417,1,5
A_minus_V26__MLP,A,,O_frozen,p_at_5pct,-0.0014218009478672994,0.0027018375002349246,-0.004739336492890996,0.002369668246445498,1,5
A_minus_V26__MLP,A,,O_frozen,r_at_10fpr,0.06153846153846152,0.06435846357954428,0.0,0.15384615384615385,3,5
A_minus_V26__MLP,A,,O_frozen,hits_at_budget,-0.6,1.140175425099138,-2.0,1.0,1,5
A_minus_V26__RandomForest_unweighted,A,,O_frozen,roc_auc,-0.009368801133507021,0.006664908107055649,-0.015361762420586067,-0.0017551076374605623,0,5
A_minus_V26__RandomForest_unweighted,A,,O_frozen,ap,-0.001474328465967726,0.001395407796567302,-0.003142842324949855,0.0002222571218470533,1,5
A_minus_V26__RandomForest_unweighted,A,,O_frozen,f1_val_threshold,-0.030003538257408223,0.016907592671608306,-0.04,0.0,0,5
A_minus_V26__RandomForest_unweighted,A,,O_frozen,p_at_5pct,0.0,0.0,0.0,0.0,0,5
A_minus_V26__RandomForest_unweighted,A,,O_frozen,r_at_10fpr,0.015384615384615396,0.06435846357954425,-0.07692307692307687,0.07692307692307698,2,5
A_minus_V26__RandomForest_unweighted,A,,O_frozen,hits_at_budget,0.0,0.0,0.0,0.0,0,5
A_minus_V26__GCN_reverse,A,,O_frozen,roc_auc,-0.013987842223136315,0.02678367493444787,-0.059938754056401145,0.008153937565702263,1,5
A_minus_V26__GCN_reverse,A,,O_frozen,ap,-0.0002827835809055509,0.0005661107510184796,-0.0012646037245851666,0.00012812158569005996,2,5
A_minus_V26__GCN_reverse,A,,O_frozen,f1_val_threshold,0.0013937282229965157,0.0031164710487801947,0.0,0.006968641114982578,1,5
A_minus_V26__GCN_reverse,A,,O_frozen,p_at_5pct,0.0,0.0,0.0,0.0,0,5
A_minus_V26__GCN_reverse,A,,O_frozen,r_at_10fpr,-0.0769230769230769,0.07692307692307691,-0.15384615384615385,0.0,0,5
A_minus_V26__GCN_reverse,A,,O_frozen,hits_at_budget,0.0,0.0,0.0,0.0,0,5
A_minus_V26__GraphSAGE_reverse,A,,O_frozen,roc_auc,-0.012302207596325143,0.03289396510575046,-0.07088075323369414,0.0064171122994652885,2,5
A_minus_V26__GraphSAGE_reverse,A,,O_frozen,ap,0.0005754084412264583,0.0008058489358488719,-2.5325434375002634e-05,0.0018660923594158631,4,5
A_minus_V26__GraphSAGE_reverse,A,,O_frozen,f1_val_threshold,0.0019587299630758753,0.008381326068784098,-0.009708737864077669,0.012944983818770227,3,5
A_minus_V26__GraphSAGE_reverse,A,,O_frozen,p_at_5pct,0.0004739336492890994,0.0038937622571457303,-0.0023696682464454987,0.004739336492890995,2,5
A_minus_V26__GraphSAGE_reverse,A,,O_frozen,r_at_10fpr,0.03076923076923077,0.04213250442347432,0.0,0.07692307692307698,2,5
A_minus_V26__GraphSAGE_reverse,A,,O_frozen,hits_at_budget,0.2,1.6431676725154982,-1.0,2.0,2,5
A_gap__MLP_minus_GCN_reverse,A,,O_frozen,roc_auc,0.04949312125782716,0.07545222105882915,-0.05868184103478202,0.15065588006764474,4,5
A_gap__MLP_minus_GCN_reverse,A,,O_frozen,ap,0.006556657723507682,0.001939194076605717,0.004145683394975482,0.009328811052894173,5,5
A_gap__MLP_minus_GCN_reverse,A,,O_frozen,f1_val_threshold,0.011284616534556164,0.00777650952458755,0.0,0.019801980198019802,4,5
A_gap__MLP_minus_GCN_reverse,A,,O_frozen,p_at_5pct,0.01042654028436019,0.006826948005160158,0.0,0.016587677725118485,4,5
A_gap__MLP_minus_GCN_reverse,A,,O_frozen,r_at_10fpr,0.21538461538461537,0.16676525683599075,0.0,0.4615384615384615,4,5
A_gap__MLP_minus_GCN_reverse,A,,O_frozen,hits_at_budget,4.4,2.8809720581775866,0.0,7.0,4,5
A_gap_change__MLP_minus_GCN_reverse,A,,O_frozen,roc_auc,0.00019470725353079032,0.049045441782430914,-0.07474290415466878,0.06180355592120301,2,5
A_gap_change__MLP_minus_GCN_reverse,A,,O_frozen,ap,0.0003898889025682695,0.0009812345200351667,-0.0006176275646971527,0.0015811479632291455,3,5
A_gap_change__MLP_minus_GCN_reverse,A,,O_frozen,f1_val_threshold,-0.0037763961882148916,0.006158831118030888,-0.011527377521613832,0.004748338081671417,1,5
A_gap_change__MLP_minus_GCN_reverse,A,,O_frozen,p_at_5pct,-0.0014218009478672994,0.0027018375002349246,-0.004739336492890996,0.002369668246445498,1,5
A_gap_change__MLP_minus_GCN_reverse,A,,O_frozen,r_at_10fpr,0.1384615384615384,0.034401045807689073,0.07692307692307687,0.15384615384615385,5,5
A_gap_change__MLP_minus_GCN_reverse,A,,O_frozen,hits_at_budget,-0.6,1.140175425099138,-2.0,1.0,1,5
A_gap__MLP_minus_GraphSAGE_reverse,A,,O_frozen,roc_auc,0.01882810000457056,0.07764568888195729,-0.1135563782622605,0.08057040998217457,4,5
A_gap__MLP_minus_GraphSAGE_reverse,A,,O_frozen,ap,0.002801100262545696,0.0030634683200884286,-0.002021518265307316,0.005703524689194906,4,5
A_gap__MLP_minus_GraphSAGE_reverse,A,,O_frozen,f1_val_threshold,0.004600378044172092,0.005501358283794689,-0.0021592442645074206,0.011111111111111112,3,5
A_gap__MLP_minus_GraphSAGE_reverse,A,,O_frozen,p_at_5pct,0.0037914691943127963,0.007605121580986356,-0.00947867298578199,0.00947867298578199,4,5
A_gap__MLP_minus_GraphSAGE_reverse,A,,O_frozen,r_at_10fpr,0.06153846153846154,0.16676525683599075,-0.23076923076923073,0.15384615384615385,4,5
A_gap__MLP_minus_GraphSAGE_reverse,A,,O_frozen,hits_at_budget,1.6,3.209361307176242,-4.0,4.0,4,5
A_gap_change__MLP_minus_GraphSAGE_reverse,A,,O_frozen,roc_auc,-0.0014909273732803818,0.05000635504731531,-0.07474290415466878,0.06577997166232441,2,5
A_gap_change__MLP_minus_GraphSAGE_reverse,A,,O_frozen,ap,-0.0004683031195637392,0.000489747999749,-0.0009522741921319765,0.0003572350515587946,1,5
A_gap_change__MLP_minus_GraphSAGE_reverse,A,,O_frozen,f1_val_threshold,-0.004341397928294251,0.010322715630666134,-0.01604376697952905,0.008161621127087513,2,5
A_gap_change__MLP_minus_GraphSAGE_reverse,A,,O_frozen,p_at_5pct,-0.001895734597156399,0.00455814788191264,-0.00947867298578199,0.002369668246445496,1,5
A_gap_change__MLP_minus_GraphSAGE_reverse,A,,O_frozen,r_at_10fpr,0.03076923076923075,0.08770580193070293,-0.07692307692307698,0.15384615384615385,2,5
A_gap_change__MLP_minus_GraphSAGE_reverse,A,,O_frozen,hits_at_budget,-0.8,1.9235384061671346,-4.0,1.0,1,5
A_gap__RandomForest_unweighted_minus_GCN_reverse,A,,O_frozen,roc_auc,0.07206362265185795,0.04224155834679872,0.042959001782531314,0.14482837424013895,5,5
A_gap__RandomForest_unweighted_minus_GCN_reverse,A,,O_frozen,ap,0.010347202281892325,0.0011646760989509322,0.009472230280092328,0.012279410079347452,5,5
A_gap__RandomForest_unweighted_minus_GCN_reverse,A,,O_frozen,f1_val_threshold,-0.0013937282229965157,0.0031164710487801947,-0.006968641114982578,0.0,0,5
A_gap__RandomForest_unweighted_minus_GCN_reverse,A,,O_frozen,p_at_5pct,0.01374407582938389,0.0030896693863519667,0.009478672985781991,0.016587677725118485,5,5
A_gap__RandomForest_unweighted_minus_GCN_reverse,A,,O_frozen,r_at_10fpr,0.21538461538461537,0.21345287577710167,0.0,0.5384615384615385,4,5
A_gap__RandomForest_unweighted_minus_GCN_reverse,A,,O_frozen,hits_at_budget,5.8,1.3038404810405297,4.0,7.0,5,5
A_gap_change__RandomForest_unweighted_minus_GCN_reverse,A,,O_frozen,roc_auc,0.004619041089629294,0.023970252629704113,-0.019882078705607986,0.04469582704876818,2,5
A_gap_change__RandomForest_unweighted_minus_GCN_reverse,A,,O_frozen,ap,-0.0011915448850621756,0.0013909431622050165,-0.0028898514920343774,9.413553615699247e-05,1,5
A_gap_change__RandomForest_unweighted_minus_GCN_reverse,A,,O_frozen,f1_val_threshold,-0.03139726648040474,0.01776167662439409,-0.04268292682926829,0.0,0,5
A_gap_change__RandomForest_unweighted_minus_GCN_reverse,A,,O_frozen,p_at_5pct,0.0,0.0,0.0,0.0,0,5
A_gap_change__RandomForest_unweighted_minus_GCN_reverse,A,,O_frozen,r_at_10fpr,0.09230769230769229,0.1002954216185023,0.0,0.23076923076923084,3,5
A_gap_change__RandomForest_unweighted_minus_GCN_reverse,A,,O_frozen,hits_at_budget,0.0,0.0,0.0,0.0,0,5
A_gap__RandomForest_unweighted_minus_GraphSAGE_reverse,A,,O_frozen,roc_auc,0.04139860139860134,0.03780592833778276,-0.0032908268202386237,0.09408108231637624,4,5
A_gap__RandomForest_unweighted_minus_GraphSAGE_reverse,A,,O_frozen,ap,0.00659164482093034,0.002500261402797731,0.0034054433404327716,0.010193493789069542,5,5
A_gap__RandomForest_unweighted_minus_GraphSAGE_reverse,A,,O_frozen,f1_val_threshold,-0.008077966713380586,0.00786004916149719,-0.017543859649122806,0.0,0,5
A_gap__RandomForest_unweighted_minus_GraphSAGE_reverse,A,,O_frozen,p_at_5pct,0.007109004739336494,0.0037467744788724864,0.0023696682464454995,0.011848341232227489,5,5
A_gap__RandomForest_unweighted_minus_GraphSAGE_reverse,A,,O_frozen,r_at_10fpr,0.06153846153846154,0.12639751327042295,-0.15384615384615385,0.15384615384615385,4,5
A_gap__RandomForest_unweighted_minus_GraphSAGE_reverse,A,,O_frozen,hits_at_budget,3.0,1.5811388300841898,1.0,5.0,5,5
A_gap_change__RandomForest_unweighted_minus_GraphSAGE_reverse,A,,O_frozen,roc_auc,0.0029334064628181223,0.03733064507624373,-0.021778874720051355,0.06812468577174435,1,5
A_gap_change__RandomForest_unweighted_minus_GraphSAGE_reverse,A,,O_frozen,ap,-0.002049736907194185,0.0020463351563532084,-0.005008934684365718,0.00015281692763037188,1,5
A_gap_change__RandomForest_unweighted_minus_GraphSAGE_reverse,A,,O_frozen,f1_val_threshold,-0.031962268220484105,0.02408303943581495,-0.05216067009328003,0.009708737864077669,1,5
A_gap_change__RandomForest_unweighted_minus_GraphSAGE_reverse,A,,O_frozen,p_at_5pct,-0.0004739336492890992,0.0038937622571457303,-0.004739336492890996,0.002369668246445498,3,5
A_gap_change__RandomForest_unweighted_minus_GraphSAGE_reverse,A,,O_frozen,r_at_10fpr,-0.015384615384615375,0.08426500884694857,-0.15384615384615374,0.07692307692307687,1,5
A_gap_change__RandomForest_unweighted_minus_GraphSAGE_reverse,A,,O_frozen,hits_at_budget,-0.2,1.6431676725154982,-2.0,1.0,3,5
B_increment__MLP__271707,B,271707,O_frozen,roc_auc,0.07868001279765982,0.01235554988643879,0.061712144065085184,0.09474838886603587,5,5
B_increment__MLP__271707,B,271707,O_frozen,ap,0.005933940781280138,0.0021180546867747485,0.003594981943462975,0.008272711070931072,5,5
B_increment__MLP__271707,B,271707,O_frozen,f1_val_threshold,0.005143413810690669,0.019167280779953586,-0.01694915254237288,0.03278688524590164,2,5
B_increment__MLP__271707,B,271707,O_frozen,p_at_5pct,0.006161137440758293,0.0027018375002349246,0.002369668246445496,0.009478672985781991,5,5
B_increment__MLP__271707,B,271707,O_frozen,r_at_10fpr,0.23076923076923075,0.12162606385262995,0.07692307692307698,0.3846153846153846,5,5
B_increment__MLP__271707,B,271707,O_frozen,hits_at_budget,2.6,1.140175425099138,1.0,4.0,5,5
B_minus_ASOF__MLP__M5__271707,B,271707,O_frozen,roc_auc,0.010943827414415686,0.010048211851273857,0.0014077425842132785,0.024013894602129993,5,5
B_minus_ASOF__MLP__M5__271707,B,271707,O_frozen,ap,0.0011080180572822487,0.00040837245514412513,0.0005874198089844069,0.0015741911972549892,5,5
B_minus_ASOF__MLP__M5__271707,B,271707,O_frozen,f1_val_threshold,0.0019833792287479368,0.009667782114630149,-0.009900990099009901,0.01694915254237288,2,5
B_minus_ASOF__MLP__M5__271707,B,271707,O_frozen,p_at_5pct,0.002369668246445498,0.0037467744788724877,-0.0023696682464454987,0.007109004739336493,3,5
B_minus_ASOF__MLP__M5__271707,B,271707,O_frozen,r_at_10fpr,0.04615384615384614,0.042132504423474305,0.0,0.07692307692307693,3,5
B_minus_ASOF__MLP__M5__271707,B,271707,O_frozen,hits_at_budget,1.0,1.5811388300841898,-1.0,3.0,3,5
B_minus_ASOF__MLP__M11__271707,B,271707,O_frozen,roc_auc,-0.00396727455550987,0.012600296260598085,-0.02573243749714338,0.006051464874994306,2,5
B_minus_ASOF__MLP__M11__271707,B,271707,O_frozen,ap,0.0007590158983889688,0.0008765499362014672,-0.0005522307324771995,0.0015657029054588576,4,5
B_minus_ASOF__MLP__M11__271707,B,271707,O_frozen,f1_val_threshold,-0.0036157766390127314,0.008076653159418476,-0.01694915254237288,0.004617871161394598,1,5
B_minus_ASOF__MLP__M11__271707,B,271707,O_frozen,p_at_5pct,0.0009478672985781991,0.0027018375002349246,-0.002369668246445498,0.004739336492890997,2,5
B_minus_ASOF__MLP__M11__271707,B,271707,O_frozen,r_at_10fpr,0.015384615384615375,0.06435846357954429,-0.07692307692307698,0.07692307692307698,2,5
B_minus_ASOF__MLP__M11__271707,B,271707,O_frozen,hits_at_budget,0.4,1.140175425099138,-1.0,2.0,2,5
B_increment_change__MLP__271707,B,271707,O_frozen,roc_auc,-0.014911101969925556,0.01183086165909939,-0.02913295854472331,-0.0036199095022625416,0,5
B_increment_change__MLP__271707,B,271707,O_frozen,ap,-0.00034900215889327994,0.0011870773534383332,-0.0021264219297321887,0.0006730377156835103,3,5
B_increment_change__MLP__271707,B,271707,O_frozen,f1_val_threshold,-0.005599155867760669,0.012909282968144746,-0.01694915254237288,0.014518861260404498,1,5
B_increment_change__MLP__271707,B,271707,O_frozen,p_at_5pct,-0.0014218009478672983,0.003593779831304052,-0.0047393364928909965,0.0023696682464454987,2,5
B_increment_change__MLP__271707,B,271707,O_frozen,r_at_10fpr,-0.03076923076923077,0.06880209161537816,-0.07692307692307698,0.07692307692307698,1,5
B_increment_change__MLP__271707,B,271707,O_frozen,hits_at_budget,-0.6,1.5165750888103102,-2.0,1.0,2,5
B_increment__MLP__271708,B,271708,O_frozen,roc_auc,0.09171717171717171,0.01367203833327,0.07767265414324243,0.10527903469079924,5,5
B_increment__MLP__271708,B,271708,O_frozen,ap,0.006738681022873545,0.0020360887252504197,0.004639396166510506,0.009111253912486078,5,5
B_increment__MLP__271708,B,271708,O_frozen,f1_val_threshold,0.012266124856441704,0.005971818914898929,0.002267277087420973,0.01834862385321101,5,5
B_increment__MLP__271708,B,271708,O_frozen,p_at_5pct,0.0066350710900473925,0.001982606697948047,0.004739336492890994,0.009478672985781991,5,5
B_increment__MLP__271708,B,271708,O_frozen,r_at_10fpr,0.24615384615384617,0.11409536133993327,0.07692307692307698,0.38461538461538464,5,5
B_increment__MLP__271708,B,271708,O_frozen,hits_at_budget,2.8,0.8366600265340756,2.0,4.0,5,5
B_minus_ASOF__MLP__M5__271708,B,271708,O_frozen,roc_auc,0.0014918414918415168,0.016649843903757414,-0.024598930481283365,0.020302573243749622,3,5
B_minus_ASOF__MLP__M5__271708,B,271708,O_frozen,ap,0.0010076523601896875,0.0010930529200255438,0.0003392177113904415,0.0029347625968847704,5,5
B_minus_ASOF__MLP__M5__271708,B,271708,O_frozen,f1_val_threshold,-0.0009692041677479384,0.011381253345951456,-0.014778325123152709,0.012121212121212121,2,5
B_minus_ASOF__MLP__M5__271708,B,271708,O_frozen,p_at_5pct,0.000947867298578199,0.0021194957132699434,-0.0023696682464454987,0.0023696682464454987,3,5
B_minus_ASOF__MLP__M5__271708,B,271708,O_frozen,r_at_10fpr,0.046153846153846136,0.0421325044234743,0.0,0.07692307692307693,3,5
B_minus_ASOF__MLP__M5__271708,B,271708,O_frozen,hits_at_budget,0.4,0.8944271909999157,-1.0,1.0,3,5
B_minus_ASOF__MLP__M11__271708,B,271708,O_frozen,roc_auc,-0.00038210155857214544,0.008521348801403572,-0.010622057680881203,0.01306275423922476,1,5
B_minus_ASOF__MLP__M11__271708,B,271708,O_frozen,ap,0.0014633904428898148,0.0011471115524007709,0.0003765229589193439,0.002957279927117336,5,5
B_minus_ASOF__MLP__M11__271708,B,271708,O_frozen,f1_val_threshold,0.00055435101024243,0.008936098981945756,-0.009820390231296033,0.014388489208633094,2,5
B_minus_ASOF__MLP__M11__271708,B,271708,O_frozen,p_at_5pct,-6.938893903907229e-19,0.0016756084862240464,-0.0023696682464454995,0.002369668246445496,1,5
B_minus_ASOF__MLP__M11__271708,B,271708,O_frozen,r_at_10fpr,0.03076923076923077,0.08770580193070296,-0.07692307692307698,0.15384615384615385,2,5
B_minus_ASOF__MLP__M11__271708,B,271708,O_frozen,hits_at_budget,0.0,0.7071067811865476,-1.0,1.0,1,5
B_increment_change__MLP__271708,B,271708,O_frozen,roc_auc,-0.0018739430504136623,0.013760580156445379,-0.020787056081173594,0.013976872800402163,3,5
B_increment_change__MLP__271708,B,271708,O_frozen,ap,0.0004557380827001275,0.0012902809931241,-0.0006521491958369529,0.0025401577553368273,3,5
B_increment_change__MLP__271708,B,271708,O_frozen,f1_val_threshold,0.001523555177990368,0.007042360124874759,-0.005063330787337818,0.013097985101407132,3,5
B_increment_change__MLP__271708,B,271708,O_frozen,p_at_5pct,-0.0009478672985781995,0.0021194957132699434,-0.0023696682464454987,0.0023696682464454987,1,5
B_increment_change__MLP__271708,B,271708,O_frozen,r_at_10fpr,-0.015384615384615353,0.0643584635795443,-0.07692307692307698,0.07692307692307698,2,5
B_increment_change__MLP__271708,B,271708,O_frozen,hits_at_budget,-0.4,0.8944271909999157,-1.0,1.0,1,5
B_increment__MLP__271709,B,271709,O_frozen,roc_auc,0.0951926504867681,0.015873868982649048,0.07517711047122821,0.11740938799762324,5,5
B_increment__MLP__271709,B,271709,O_frozen,ap,0.00604678269283046,0.0019503193692534306,0.004010771083735502,0.00898235137767264,5,5
B_increment__MLP__271709,B,271709,O_frozen,f1_val_threshold,0.008462872710385672,0.015397626004858122,-0.012345679012345678,0.025299056393491344,3,5
B_increment__MLP__271709,B,271709,O_frozen,p_at_5pct,0.0071090047393364926,0.001675608486224045,0.004739336492890997,0.00947867298578199,5,5
B_increment__MLP__271709,B,271709,O_frozen,r_at_10fpr,0.18461538461538465,0.08770580193070289,0.07692307692307698,0.30769230769230765,5,5
B_increment__MLP__271709,B,271709,O_frozen,hits_at_budget,3.0,0.7071067811865476,2.0,4.0,5,5
B_minus_ASOF__MLP__M5__271709,B,271709,O_frozen,roc_auc,-0.003853923853923824,0.0072226867111527,-0.014397367338543798,0.002495543672014322,2,5
B_minus_ASOF__MLP__M5__271709,B,271709,O_frozen,ap,0.0005319509342594242,0.0006090844790361512,-0.0002860565470437686,0.0013812826309654962,4,5
B_minus_ASOF__MLP__M5__271709,B,271709,O_frozen,f1_val_threshold,0.004264180935983916,0.012179190996900069,-0.014778325123152709,0.015473887814313346,3,5
B_minus_ASOF__MLP__M5__271709,B,271709,O_frozen,p_at_5pct,0.0004739336492890992,0.0025958415047638204,-0.0023696682464454987,0.004739336492890995,1,5
B_minus_ASOF__MLP__M5__271709,B,271709,O_frozen,r_at_10fpr,0.04615384615384614,0.08770580193070292,-0.07692307692307693,0.15384615384615385,3,5
B_minus_ASOF__MLP__M5__271709,B,271709,O_frozen,hits_at_budget,0.2,1.0954451150103324,-1.0,2.0,1,5
B_minus_ASOF__MLP__M11__271709,B,271709,O_frozen,roc_auc,-0.00225238813474109,0.005593586263115659,-0.010302116184469079,0.004789981260569509,2,5
B_minus_ASOF__MLP__M11__271709,B,271709,O_frozen,ap,0.0002957906869164667,0.00043870413556259093,-0.0003135939646876692,0.0007619975240613277,4,5
B_minus_ASOF__MLP__M11__271709,B,271709,O_frozen,f1_val_threshold,0.001984483967918252,0.0038873905478182405,-0.0024563989191844753,0.006714706845725515,3,5
B_minus_ASOF__MLP__M11__271709,B,271709,O_frozen,p_at_5pct,-6.938893903907229e-19,0.0016756084862240464,-0.0023696682464454995,0.002369668246445496,1,5
B_minus_ASOF__MLP__M11__271709,B,271709,O_frozen,r_at_10fpr,-0.03076923076923077,0.06880209161537815,-0.15384615384615385,0.0,0,5
B_minus_ASOF__MLP__M11__271709,B,271709,O_frozen,hits_at_budget,0.0,0.7071067811865476,-1.0,1.0,1,5
B_increment_change__MLP__271709,B,271709,O_frozen,roc_auc,0.001601535719182734,0.010304959536257442,-0.006078888431829799,0.019187348599113307,2,5
B_increment_change__MLP__271709,B,271709,O_frozen,ap,-0.0002361602473429574,0.0008796057406248879,-0.0013579065850931795,0.0010480540711050963,2,5
B_increment_change__MLP__271709,B,271709,O_frozen,f1_val_threshold,-0.0022796969680656635,0.01559455713946507,-0.01793028673349782,0.020157520516743133,2,5
B_increment_change__MLP__271709,B,271709,O_frozen,p_at_5pct,-0.00047393364928909976,0.002595841504763819,-0.004739336492890994,0.002369668246445496,1,5
B_increment_change__MLP__271709,B,271709,O_frozen,r_at_10fpr,-0.07692307692307691,0.12162606385262996,-0.23076923076923073,0.07692307692307693,1,5
B_increment_change__MLP__271709,B,271709,O_frozen,hits_at_budget,-0.2,1.0954451150103321,-2.0,1.0,1,5
B_increment__MLP__mean3,B,mean3,O_frozen,roc_auc,0.08852994500053323,0.009864150520788493,0.0756433109374286,0.10260066730654971,5,5
B_increment__MLP__mean3,B,mean3,O_frozen,ap,0.006239801498994714,0.0019182146347925453,0.004081716397902993,0.008660323195965993,5,5
B_increment__MLP__mean3,B,mean3,O_frozen,f1_val_threshold,0.008624137125839348,0.012551391384599235,-0.009009184822432528,0.025478188497534665,4,5
B_increment__MLP__mean3,B,mean3,O_frozen,p_at_5pct,0.0066350710900473925,0.001637949553975333,0.004739336492890996,0.008688783570300156,5,5
B_increment__MLP__mean3,B,mean3,O_frozen,r_at_10fpr,0.22051282051282048,0.08992655341923167,0.10256410256410264,0.3333333333333333,5,5
B_increment__MLP__mean3,B,mean3,O_frozen,hits_at_budget,2.8,0.6912147117775904,2.0,3.666666666666666,5,5
B_minus_ASOF__MLP__M5__mean3,B,mean3,O_frozen,roc_auc,0.0028605816841111077,0.007411615318950185,-0.0062342885872297416,0.011322881911117244,3,5
B_minus_ASOF__MLP__M5__mean3,B,mean3,O_frozen,ap,0.0008825404505771198,0.00043664709414790233,0.0004874087601430938,0.001441429759837136,5,5
B_minus_ASOF__MLP__M5__mean3,B,mean3,O_frozen,f1_val_threshold,0.0017594519989946379,0.009425687356568508,-0.008895972181976238,0.013805347891976894,3,5
B_minus_ASOF__MLP__M5__mean3,B,mean3,O_frozen,p_at_5pct,0.0012638230647709317,0.002275649335053386,-0.0023696682464454982,0.00315955766192733,4,5
B_minus_ASOF__MLP__M5__mean3,B,mean3,O_frozen,r_at_10fpr,0.046153846153846115,0.033431807206167445,-5.551115123125783e-17,0.07692307692307693,4,5
B_minus_ASOF__MLP__M5__mean3,B,mean3,O_frozen,hits_at_budget,0.5333333333333332,0.9603240193925289,-1.0,1.3333333333333333,4,5
B_minus_ASOF__MLP__M11__mean3,B,mean3,O_frozen,roc_auc,-0.0022005880829410905,0.007655604057153621,-0.01287383640324824,0.007968066791596118,2,5
B_minus_ASOF__MLP__M11__mean3,B,mean3,O_frozen,ap,0.000839399009398416,0.0007334967404619712,-4.697409278158621e-05,0.0014504364195219825,4,5
B_minus_ASOF__MLP__M11__mean3,B,mean3,O_frozen,f1_val_threshold,-0.0003589805536173501,0.004403541591622604,-0.007390102280269891,0.004796163069544364,3,5
B_minus_ASOF__MLP__M11__mean3,B,mean3,O_frozen,p_at_5pct,0.0003159557661927317,0.001539777937568557,-0.0007898894154818349,0.002369668246445496,2,5
B_minus_ASOF__MLP__M11__mean3,B,mean3,O_frozen,r_at_10fpr,0.005128205128205049,0.06384563896404481,-0.1025641025641027,0.05128205128205124,3,5
B_minus_ASOF__MLP__M11__mean3,B,mean3,O_frozen,hits_at_budget,0.13333333333333278,0.649786289653931,-0.3333333333333339,0.9999999999999996,2,5
B_increment_change__MLP__mean3,B,mean3,O_frozen,roc_auc,-0.005061169767052143,0.006729424931149581,-0.013647790118378522,0.004378627908039667,1,5
B_increment_change__MLP__mean3,B,mean3,O_frozen,ap,-4.314144117870348e-05,0.0009038376519514187,-0.0013075205803600794,0.0008771553464618741,3,5
B_increment_change__MLP__mean3,B,mean3,O_frozen,f1_val_threshold,-0.0021184325526119887,0.009864291697648119,-0.012548064885041007,0.009427303867986006,2,5
B_increment_change__MLP__mean3,B,mean3,O_frozen,p_at_5pct,-0.0009478672985781995,0.002460096603854255,-0.0039494470774091624,0.0015797788309636646,2,5
B_increment_change__MLP__mean3,B,mean3,O_frozen,r_at_10fpr,-0.04102564102564105,0.06435846357954428,-0.12820512820512825,0.051282051282051266,1,5
B_increment_change__MLP__mean3,B,mean3,O_frozen,hits_at_budget,-0.40000000000000036,1.0381607668264958,-1.666666666666667,0.6666666666666664,2,5
B0_42_minus_17__MLP,B0,,O_frozen,roc_auc,0.2849170437405732,0.11523958883496882,0.1487773664244253,0.46200009141185616,5,5
B0_42_minus_17__MLP,B0,,O_frozen,ap,0.04633038714099568,0.03935084522961481,0.01570433587648354,0.1000830978025609,5,5
B0_42_minus_17__MLP,B0,,O_frozen,f1_val_threshold,0.04457076101013163,0.018293341076495235,0.017627043007753668,0.06896551724137931,5,5
B0_42_minus_17__MLP,B0,,O_frozen,p_at_5pct,0.00995260663507109,0.003893762257145731,0.004739336492890995,0.014218009478672985,5,5
B0_42_minus_17__MLP,B0,,O_frozen,r_at_10fpr,0.4769230769230769,0.13760418323075632,0.30769230769230765,0.6153846153846154,5,5
B0_42_minus_17__MLP,B0,,O_frozen,hits_at_budget,4.2,1.6431676725154984,2.0,6.0,5,5
B_increment__RandomForest_unweighted__271707,B,271707,O_frozen,roc_auc,0.10639974404680289,0.021054264827490125,0.07638374697198236,0.13168334933040815,5,5
B_increment__RandomForest_unweighted__271707,B,271707,O_frozen,ap,0.0044902767388351516,0.0012536697057999066,0.002483262376470865,0.005791288901448428,5,5
B_increment__RandomForest_unweighted__271707,B,271707,O_frozen,f1_val_threshold,0.014217093235299013,0.007009426922004989,0.00580962311932072,0.02382224121354556,5,5
B_increment__RandomForest_unweighted__271707,B,271707,O_frozen,p_at_5pct,0.005213270142180095,0.0025958415047638204,0.002369668246445498,0.009478672985781991,5,5
B_increment__RandomForest_unweighted__271707,B,271707,O_frozen,r_at_10fpr,0.21538461538461542,0.17541160386140583,0.0,0.46153846153846156,4,5
B_increment__RandomForest_unweighted__271707,B,271707,O_frozen,hits_at_budget,2.2,1.0954451150103321,1.0,4.0,5,5
B_minus_ASOF__RandomForest_unweighted__M5__271707,B,271707,O_frozen,roc_auc,-0.059599616070204274,0.03315146106333127,-0.1150463915169797,-0.027825769002239542,0,5
B_minus_ASOF__RandomForest_unweighted__M5__271707,B,271707,O_frozen,ap,-0.03502200553248175,0.004455372292535199,-0.03857893841700992,-0.02913151511854581,0,5
B_minus_ASOF__RandomForest_unweighted__M5__271707,B,271707,O_frozen,f1_val_threshold,-0.06514275877794178,0.012505500597849533,-0.08416689195278003,-0.05177255177255177,0,5
B_minus_ASOF__RandomForest_unweighted__M5__271707,B,271707,O_frozen,p_at_5pct,-0.005687203791469195,0.00129792075238191,-0.007109004739336493,-0.004739336492890994,0,5
B_minus_ASOF__RandomForest_unweighted__M5__271707,B,271707,O_frozen,r_at_10fpr,-0.12307692307692311,0.1166596222161777,-0.3076923076923077,0.0,0,5
B_minus_ASOF__RandomForest_unweighted__M5__271707,B,271707,O_frozen,hits_at_budget,-2.4,0.5477225575051661,-3.0,-2.0,0,5
B_minus_ASOF__RandomForest_unweighted__M11__271707,B,271707,O_frozen,roc_auc,-0.024392339686457265,0.0035112021580889553,-0.029270076328899775,-0.01992321404086106,0,5
B_minus_ASOF__RandomForest_unweighted__M11__271707,B,271707,O_frozen,ap,-0.021585844836791396,0.004569992382385635,-0.02896371817168729,-0.017325739990135605,0,5
B_minus_ASOF__RandomForest_unweighted__M11__271707,B,271707,O_frozen,f1_val_threshold,-0.07046564750262127,0.014297262538582246,-0.087699944842802,-0.0548033526756931,0,5
B_minus_ASOF__RandomForest_unweighted__M11__271707,B,271707,O_frozen,p_at_5pct,-0.0033175355450236975,0.002701837500234925,-0.007109004739336495,0.0,0,5
B_minus_ASOF__RandomForest_unweighted__M11__271707,B,271707,O_frozen,r_at_10fpr,-0.12307692307692306,0.08770580193070292,-0.23076923076923073,0.0,0,5
B_minus_ASOF__RandomForest_unweighted__M11__271707,B,271707,O_frozen,hits_at_budget,-1.4,1.140175425099138,-3.0,0.0,0,5
B_increment_change__RandomForest_unweighted__271707,B,271707,O_frozen,roc_auc,0.03520727638374701,0.03465272018276442,0.00203848439142551,0.09254993372640441,5,5
B_increment_change__RandomForest_unweighted__271707,B,271707,O_frozen,ap,0.013436160695690352,0.007726886483720069,0.00016779694685851998,0.019227323304863923,5,5
B_increment_change__RandomForest_unweighted__271707,B,271707,O_frozen,f1_val_threshold,-0.005322888724679486,0.013386496353142053,-0.018385550994246647,0.014122716250375825,1,5
B_increment_change__RandomForest_unweighted__271707,B,271707,O_frozen,p_at_5pct,0.002369668246445497,0.0029022390317336244,-3.469446951953614e-18,0.007109004739336493,3,5
B_increment_change__RandomForest_unweighted__271707,B,271707,O_frozen,r_at_10fpr,4.4408920985006264e-17,0.15384615384615388,-0.15384615384615385,0.23076923076923084,2,5
B_increment_change__RandomForest_unweighted__271707,B,271707,O_frozen,hits_at_budget,1.0,1.224744871391589,0.0,3.0,3,5
B_increment__RandomForest_unweighted__271708,B,271708,O_frozen,roc_auc,0.12571232688879744,0.02190310612574439,0.09670003199414956,0.15329768270944732,5,5
B_increment__RandomForest_unweighted__271708,B,271708,O_frozen,ap,0.0018870031713456002,0.002085944199221882,-0.0009181671014225588,0.004883788795554329,4,5
B_increment__RandomForest_unweighted__271708,B,271708,O_frozen,f1_val_threshold,-0.010102110435607443,0.01255251729546652,-0.024390243902439025,0.0005556878621894128,1,5
B_increment__RandomForest_unweighted__271708,B,271708,O_frozen,p_at_5pct,0.005213270142180094,0.0010597478566349724,0.004739336492890994,0.007109004739336493,5,5
B_increment__RandomForest_unweighted__271708,B,271708,O_frozen,r_at_10fpr,0.3692307692307692,0.16676525683599078,0.23076923076923073,0.6153846153846154,5,5
B_increment__RandomForest_unweighted__271708,B,271708,O_frozen,hits_at_budget,2.2,0.4472135954999579,2.0,3.0,5,5
B_minus_ASOF__RandomForest_unweighted__M5__271708,B,271708,O_frozen,roc_auc,-0.06788884318296082,0.033576760403610295,-0.11701174642351109,-0.025960967137437785,0,5
B_minus_ASOF__RandomForest_unweighted__M5__271708,B,271708,O_frozen,ap,-0.032651052756414126,0.004733547669255158,-0.037080676787693195,-0.026843973577076997,0,5
B_minus_ASOF__RandomForest_unweighted__M5__271708,B,271708,O_frozen,f1_val_threshold,-0.06405195744395062,0.00972220279137078,-0.08011741345074677,-0.05388471177944862,0,5
B_minus_ASOF__RandomForest_unweighted__M5__271708,B,271708,O_frozen,p_at_5pct,-0.006635071090047394,0.0010597478566349724,-0.007109004739336493,-0.004739336492890994,0,5
B_minus_ASOF__RandomForest_unweighted__M5__271708,B,271708,O_frozen,r_at_10fpr,-0.2,0.06880209161537815,-0.3076923076923077,-0.15384615384615385,0,5
B_minus_ASOF__RandomForest_unweighted__M5__271708,B,271708,O_frozen,hits_at_budget,-2.8,0.4472135954999579,-3.0,-2.0,0,5
B_minus_ASOF__RandomForest_unweighted__M11__271708,B,271708,O_frozen,roc_auc,-0.01336898395721926,0.006661746026742656,-0.01924219571278396,-0.002847479318067503,0,5
B_minus_ASOF__RandomForest_unweighted__M11__271708,B,271708,O_frozen,ap,-0.021818165628213322,0.004660259179111167,-0.029267268742337017,-0.017588369362973904,0,5
B_minus_ASOF__RandomForest_unweighted__M11__271708,B,271708,O_frozen,f1_val_threshold,-0.09369404983953657,0.024111408302588344,-0.12195121951219512,-0.05569461827284105,0,5
B_minus_ASOF__RandomForest_unweighted__M11__271708,B,271708,O_frozen,p_at_5pct,-0.004265402843601897,0.001982606697948047,-0.007109004739336495,-0.002369668246445498,0,5
B_minus_ASOF__RandomForest_unweighted__M11__271708,B,271708,O_frozen,r_at_10fpr,-0.04615384615384614,0.08770580193070295,-0.15384615384615385,0.07692307692307698,1,5
B_minus_ASOF__RandomForest_unweighted__M11__271708,B,271708,O_frozen,hits_at_budget,-1.8,0.8366600265340756,-3.0,-1.0,0,5
B_increment_change__RandomForest_unweighted__271708,B,271708,O_frozen,roc_auc,0.05451985922574156,0.03957876669482023,0.007312948489419102,0.11416426710544358,5,5
B_increment_change__RandomForest_unweighted__271708,B,271708,O_frozen,ap,0.010832887128200802,0.007138191205569173,-0.0007397031590355794,0.016372872148103165,4,5
B_increment_change__RandomForest_unweighted__271708,B,271708,O_frozen,f1_val_threshold,-0.029642092395585944,0.025267731716887176,-0.058429375502546226,0.004692501520219335,1,5
B_increment_change__RandomForest_unweighted__271708,B,271708,O_frozen,p_at_5pct,0.002369668246445496,0.0016756084862240464,-1.734723475976807e-18,0.004739336492890994,4,5
B_increment_change__RandomForest_unweighted__271708,B,271708,O_frozen,r_at_10fpr,0.15384615384615385,0.15384615384615385,0.0,0.3846153846153847,4,5
B_increment_change__RandomForest_unweighted__271708,B,271708,O_frozen,hits_at_budget,1.0,0.7071067811865476,0.0,2.0,4,5
B_increment__RandomForest_unweighted__271709,B,271709,O_frozen,roc_auc,0.10535490653137713,0.007560303895600439,0.09605100781571374,0.11268339503633629,5,5
B_increment__RandomForest_unweighted__271709,B,271709,O_frozen,ap,0.0028246742358516365,0.002096240406489315,-0.0003834327758544722,0.004450590931005152,4,5
B_increment__RandomForest_unweighted__271709,B,271709,O_frozen,f1_val_threshold,0.010423077189424217,0.005798743485102106,0.0032530904359141175,0.018217456474115067,5,5
B_increment__RandomForest_unweighted__271709,B,271709,O_frozen,p_at_5pct,0.005687203791469195,0.0012979207523819113,0.004739336492890994,0.007109004739336493,5,5
B_increment__RandomForest_unweighted__271709,B,271709,O_frozen,r_at_10fpr,0.29230769230769227,0.10029542161850233,0.23076923076923073,0.46153846153846156,5,5
B_increment__RandomForest_unweighted__271709,B,271709,O_frozen,hits_at_budget,2.4,0.5477225575051661,2.0,3.0,5,5
B_minus_ASOF__RandomForest_unweighted__M5__271709,B,271709,O_frozen,roc_auc,-0.05187074363544952,0.021002177668931123,-0.07031399972576458,-0.018702865761689336,0,5
B_minus_ASOF__RandomForest_unweighted__M5__271709,B,271709,O_frozen,ap,-0.03272633689361296,0.0050132604505667465,-0.03696462294581738,-0.02494663909265378,0,5
B_minus_ASOF__RandomForest_unweighted__M5__271709,B,271709,O_frozen,f1_val_threshold,-0.0587169964639323,0.013541323612573916,-0.07616656204226825,-0.04791208791208792,0,5
B_minus_ASOF__RandomForest_unweighted__M5__271709,B,271709,O_frozen,p_at_5pct,-0.006635071090047394,0.0010597478566349724,-0.007109004739336493,-0.004739336492890994,0,5
B_minus_ASOF__RandomForest_unweighted__M5__271709,B,271709,O_frozen,r_at_10fpr,-0.2,0.06880209161537815,-0.3076923076923077,-0.15384615384615385,0,5
B_minus_ASOF__RandomForest_unweighted__M5__271709,B,271709,O_frozen,hits_at_budget,-2.8,0.4472135954999579,-3.0,-2.0,0,5
B_minus_ASOF__RandomForest_unweighted__M11__271709,B,271709,O_frozen,roc_auc,-0.017708304767128258,0.009553090371822523,-0.032899127016774,-0.007600895836189836,0,5
B_minus_ASOF__RandomForest_unweighted__M11__271709,B,271709,O_frozen,ap,-0.020955778700906126,0.005826659423575277,-0.03095356382309816,-0.016776364717874043,0,5
B_minus_ASOF__RandomForest_unweighted__M11__271709,B,271709,O_frozen,f1_val_threshold,-0.0678339012344866,0.009198206472195143,-0.07727272727272727,-0.05433715220949263,0,5
B_minus_ASOF__RandomForest_unweighted__M11__271709,B,271709,O_frozen,p_at_5pct,-0.003791469194312798,0.0012979207523819104,-0.004739336492890997,-0.002369668246445498,0,5
B_minus_ASOF__RandomForest_unweighted__M11__271709,B,271709,O_frozen,r_at_10fpr,-0.12307692307692308,0.04213250442347432,-0.15384615384615385,-0.07692307692307687,0,5
B_minus_ASOF__RandomForest_unweighted__M11__271709,B,271709,O_frozen,hits_at_budget,-1.6,0.5477225575051661,-2.0,-1.0,0,5
B_increment_change__RandomForest_unweighted__271709,B,271709,O_frozen,roc_auc,0.034162438868321265,0.023654730408942802,0.0064171122994651775,0.05691759221171,5,5
B_increment_change__RandomForest_unweighted__271709,B,271709,O_frozen,ap,0.01177055819270684,0.010086242543418493,-0.006006924730444381,0.018178778074812905,4,5
B_increment_change__RandomForest_unweighted__271709,B,271709,O_frozen,f1_val_threshold,-0.009116904770554284,0.02078408421313492,-0.02923596870965292,0.016145094743342553,2,5
B_increment_change__RandomForest_unweighted__271709,B,271709,O_frozen,p_at_5pct,0.002843601895734596,0.0019826066979480475,-3.469446951953614e-18,0.004739336492890996,4,5
B_increment_change__RandomForest_unweighted__271709,B,271709,O_frozen,r_at_10fpr,0.07692307692307693,0.10878565864408425,0.0,0.23076923076923084,2,5
B_increment_change__RandomForest_unweighted__271709,B,271709,O_frozen,hits_at_budget,1.2,0.8366600265340756,0.0,2.0,4,5
B_increment__RandomForest_unweighted__mean3,B,mean3,O_frozen,roc_auc,0.1124889924889925,0.01255061900808904,0.0930511754041165,0.1270106799518565,5,5
B_increment__RandomForest_unweighted__mean3,B,mean3,O_frozen,ap,0.003067318048677463,0.0006089417004513303,0.002535943032267474,0.003940374817125971,5,5
B_increment__RandomForest_unweighted__mean3,B,mean3,O_frozen,f1_val_threshold,0.0048460199963719286,0.005745011573561575,-0.0013590491772727548,0.012449917524624751,3,5
B_increment__RandomForest_unweighted__mean3,B,mean3,O_frozen,p_at_5pct,0.005371248025276462,0.0008652805015879413,0.003949447077409161,0.006319115323854661,5,5
B_increment__RandomForest_unweighted__mean3,B,mean3,O_frozen,r_at_10fpr,0.29230769230769227,0.07387107841480992,0.17948717948717946,0.3846153846153846,5,5
B_increment__RandomForest_unweighted__mean3,B,mean3,O_frozen,hits_at_budget,2.266666666666667,0.3651483716701105,1.6666666666666676,2.666666666666667,5,5
B_minus_ASOF__RandomForest_unweighted__M5__mean3,B,mean3,O_frozen,roc_auc,-0.0597864009628716,0.027377370295587913,-0.09885887532946364,-0.02416320063378885,0,5
B_minus_ASOF__RandomForest_unweighted__M5__mean3,B,mean3,O_frozen,ap,-0.03346646506083628,0.004594221435481097,-0.03735645461598297,-0.027535239931500345,0,5
B_minus_ASOF__RandomForest_unweighted__M5__mean3,B,mean3,O_frozen,f1_val_threshold,-0.06263723756194157,0.011233289525090244,-0.08015028914859837,-0.051231340705024914,0,5
B_minus_ASOF__RandomForest_unweighted__M5__mean3,B,mean3,O_frozen,p_at_5pct,-0.006319115323854661,0.000967413010577876,-0.007109004739336496,-0.004739336492890995,0,5
B_minus_ASOF__RandomForest_unweighted__M5__mean3,B,mean3,O_frozen,r_at_10fpr,-0.1743589743589744,0.028088336282316214,-0.20512820512820518,-0.12820512820512825,0,5
B_minus_ASOF__RandomForest_unweighted__M5__mean3,B,mean3,O_frozen,hits_at_budget,-2.666666666666668,0.408248290463863,-3.000000000000001,-2.000000000000001,0,5
B_minus_ASOF__RandomForest_unweighted__M11__mean3,B,mean3,O_frozen,roc_auc,-0.018489876136935025,0.0043809391528712854,-0.021745357039474722,-0.01098161098161099,0,5
B_minus_ASOF__RandomForest_unweighted__M11__mean3,B,mean3,O_frozen,ap,-0.02145326305530362,0.004966804497985221,-0.029728183579040827,-0.01748164301594805,0,5
B_minus_ASOF__RandomForest_unweighted__M11__mean3,B,mean3,O_frozen,f1_val_threshold,-0.07733119952554815,0.01406694977766542,-0.09297933007518941,-0.05494504105267561,0,5
B_minus_ASOF__RandomForest_unweighted__M11__mean3,B,mean3,O_frozen,p_at_5pct,-0.0037914691943127985,0.001519382627304213,-0.006319115323854661,-0.0023696682464454995,0,5
B_minus_ASOF__RandomForest_unweighted__M11__mean3,B,mean3,O_frozen,r_at_10fpr,-0.09743589743589746,0.04213250442347433,-0.12820512820512828,-0.025641025641025633,0,5
B_minus_ASOF__RandomForest_unweighted__M11__mean3,B,mean3,O_frozen,hits_at_budget,-1.6000000000000003,0.6411794687223782,-2.666666666666667,-1.0,0,5
B_increment_change__RandomForest_unweighted__mean3,B,mean3,O_frozen,roc_auc,0.04129652482593664,0.030655091213645708,0.005256181726770004,0.08787726434785276,5,5
B_increment_change__RandomForest_unweighted__mean3,B,mean3,O_frozen,ap,0.012013202005532663,0.008229746700690235,-0.0021929436475404815,0.01792632450926,4,5
B_increment_change__RandomForest_unweighted__mean3,B,mean3,O_frozen,f1_val_threshold,-0.014693961963606571,0.01922088273220125,-0.03449085580222294,0.011653437504645906,1,5
B_increment_change__RandomForest_unweighted__mean3,B,mean3,O_frozen,p_at_5pct,0.0025276461295418626,0.0016187915901989891,0.0007898894154818288,0.0039494470774091624,5,5
B_increment_change__RandomForest_unweighted__mean3,B,mean3,O_frozen,r_at_10fpr,0.07692307692307691,0.047969966497101814,0.025641025641025605,0.15384615384615385,5,5
B_increment_change__RandomForest_unweighted__mean3,B,mean3,O_frozen,hits_at_budget,1.0666666666666669,0.6831300510639734,0.3333333333333335,1.6666666666666676,5,5
B0_42_minus_17__RandomForest_unweighted,B0,,O_frozen,roc_auc,0.441215777686366,0.04534113457158935,0.3625622743269802,0.47931349696055603,5,5
B0_42_minus_17__RandomForest_unweighted,B0,,O_frozen,ap,0.025390575499396512,0.00662463683446959,0.018410219590416693,0.03495585850528089,5,5
B0_42_minus_17__RandomForest_unweighted,B0,,O_frozen,f1_val_threshold,0.05134546157081976,0.03197180740177611,-0.0021614945190674695,0.08025312956600718,4,5
B0_42_minus_17__RandomForest_unweighted,B0,,O_frozen,p_at_5pct,0.008530805687203791,0.0012979207523819104,0.007109004739336492,0.00947867298578199,5,5
B0_42_minus_17__RandomForest_unweighted,B0,,O_frozen,r_at_10fpr,0.27692307692307694,0.08770580193070292,0.15384615384615385,0.3846153846153846,5,5
B0_42_minus_17__RandomForest_unweighted,B0,,O_frozen,hits_at_budget,3.6,0.5477225575051661,3.0,4.0,5,5
A_minus_V26__MLP,A,,S_frozen,roc_auc,-0.012740291575280626,0.029235450157818352,-0.06023953898421708,0.014213219799595667,2,5
A_minus_V26__MLP,A,,S_frozen,ap,-0.00016003686760053355,0.00022971532091760132,-0.0005063138101607562,7.657221737273658e-05,1,5
A_minus_V26__MLP,A,,S_frozen,f1_val_threshold,-0.001951219512195122,0.004363059468292273,-0.00975609756097561,0.0,0,5
A_minus_V26__MLP,A,,S_frozen,p_at_5pct,0.0005154639175257733,0.0011526123595359743,0.0,0.0025773195876288664,1,5
A_minus_V26__MLP,A,,S_frozen,r_at_10fpr,0.06666666666666667,0.14907119849998599,-0.16666666666666669,0.16666666666666669,3,5
A_minus_V26__MLP,A,,S_frozen,hits_at_budget,0.2,0.447213595499958,0.0,1.0,1,5
A_minus_V26__RandomForest_unweighted,A,,S_frozen,roc_auc,0.008917128972605704,0.025406663485407304,-0.019631875456930348,0.032425923536748,3,5
A_minus_V26__RandomForest_unweighted,A,,S_frozen,ap,0.0001699989532737499,0.0004288200772323814,-0.0003678322433366206,0.0006085101672839918,3,5
A_minus_V26__RandomForest_unweighted,A,,S_frozen,f1_val_threshold,0.0,0.0,0.0,0.0,0,5
A_minus_V26__RandomForest_unweighted,A,,S_frozen,p_at_5pct,0.0005154639175257732,0.0011526123595359743,0.0,0.002577319587628866,1,5
A_minus_V26__RandomForest_unweighted,A,,S_frozen,r_at_10fpr,-5.551115123125783e-18,0.11785113019775792,-0.16666666666666669,0.16666666666666666,1,5
A_minus_V26__RandomForest_unweighted,A,,S_frozen,hits_at_budget,0.2,0.44721359549995804,0.0,1.0,1,5
A_minus_V26__GCN_reverse,A,,S_frozen,roc_auc,-0.012389799165699022,0.01669176359223248,-0.041672042317120295,-0.0005375650453703917,0,5
A_minus_V26__GCN_reverse,A,,S_frozen,ap,-0.0003531647960779356,0.0002133467006073238,-0.0005749826259752889,1.4283871502185005e-06,1,5
A_minus_V26__GCN_reverse,A,,S_frozen,f1_val_threshold,0.0,0.0,0.0,0.0,0,5
A_minus_V26__GCN_reverse,A,,S_frozen,p_at_5pct,0.0005154639175257732,0.0011526123595359743,0.0,0.002577319587628866,1,5
A_minus_V26__GCN_reverse,A,,S_frozen,r_at_10fpr,-0.09999999999999998,0.09128709291752767,-0.16666666666666666,0.0,0,5
A_minus_V26__GCN_reverse,A,,S_frozen,hits_at_budget,0.2,0.447213595499958,0.0,1.0,1,5
A_minus_V26__GraphSAGE_reverse,A,,S_frozen,roc_auc,-0.018320216746226303,0.01723112576221048,-0.04248914118608349,0.0010536274889261232,1,5
A_minus_V26__GraphSAGE_reverse,A,,S_frozen,ap,0.0006769193434423263,0.001376084363639298,-0.00027327695977974725,0.003098873022819729,3,5
A_minus_V26__GraphSAGE_reverse,A,,S_frozen,f1_val_threshold,0.003347950865079109,0.004584646364042516,0.0,0.008440999138673556,2,5
A_minus_V26__GraphSAGE_reverse,A,,S_frozen,p_at_5pct,-0.0005154639175257733,0.0021563402745723597,-0.0025773195876288664,0.0025773195876288664,1,5
A_minus_V26__GraphSAGE_reverse,A,,S_frozen,r_at_10fpr,0.0,0.0,0.0,0.0,0,5
A_minus_V26__GraphSAGE_reverse,A,,S_frozen,hits_at_budget,-0.2,0.8366600265340756,-1.0,1.0,1,5
A_gap__MLP_minus_GCN_reverse,A,,S_frozen,roc_auc,-0.050184922375607455,0.08034247274579882,-0.18142820281254024,0.03793058960134177,1,5
A_gap__MLP_minus_GCN_reverse,A,,S_frozen,ap,0.00017794641909091988,0.0016266296586123512,-0.002360283685059786,0.0018702083889872447,3,5
A_gap__MLP_minus_GCN_reverse,A,,S_frozen,f1_val_threshold,0.0,0.0,0.0,0.0,0,5
A_gap__MLP_minus_GCN_reverse,A,,S_frozen,p_at_5pct,0.0020618556701030933,0.0033604136109292,-0.002577319587628866,0.005154639175257732,3,5
A_gap__MLP_minus_GCN_reverse,A,,S_frozen,r_at_10fpr,0.09999999999999999,0.25276251480171835,-0.16666666666666669,0.5,2,5
A_gap__MLP_minus_GCN_reverse,A,,S_frozen,hits_at_budget,0.8,1.3038404810405297,-1.0,2.0,3,5
A_gap_change__MLP_minus_GCN_reverse,A,,S_frozen,roc_auc,-0.0003504924095816042,0.03684906211950864,-0.05505741194684555,0.03728551154689719,3,5
A_gap_change__MLP_minus_GCN_reverse,A,,S_frozen,ap,0.00019312792847740205,0.00018973025733755842,-8.376049686367347e-05,0.0003555551812861558,4,5
A_gap_change__MLP_minus_GCN_reverse,A,,S_frozen,f1_val_threshold,-0.001951219512195122,0.004363059468292273,-0.00975609756097561,0.0,0,5
A_gap_change__MLP_minus_GCN_reverse,A,,S_frozen,p_at_5pct,1.7347234759768072e-19,3.8789596144488644e-19,0.0,8.673617379884035e-19,1,5
A_gap_change__MLP_minus_GCN_reverse,A,,S_frozen,r_at_10fpr,0.16666666666666666,0.11785113019775792,-5.551115123125783e-17,0.33333333333333326,4,5
A_gap_change__MLP_minus_GCN_reverse,A,,S_frozen,hits_at_budget,0.0,0.0,0.0,0.0,0,5
A_gap__MLP_minus_GraphSAGE_reverse,A,,S_frozen,roc_auc,-0.0017094568442781676,0.067028353265,-0.11214681976519159,0.04992904141401122,3,5
A_gap__MLP_minus_GraphSAGE_reverse,A,,S_frozen,ap,-0.0011890920330529808,0.002456574207721763,-0.004517290144034815,0.001069453913051483,3,5
A_gap__MLP_minus_GraphSAGE_reverse,A,,S_frozen,f1_val_threshold,-0.006310913828042072,0.010131190127072268,-0.023255813953488372,0.0,0,5
A_gap__MLP_minus_GraphSAGE_reverse,A,,S_frozen,p_at_5pct,0.0005154639175257733,0.0033604136109292005,-0.0025773195876288664,0.005154639175257732,2,5
A_gap__MLP_minus_GraphSAGE_reverse,A,,S_frozen,r_at_10fpr,-0.03333333333333334,0.21730674684008824,-0.3333333333333333,0.16666666666666663,2,5
A_gap__MLP_minus_GraphSAGE_reverse,A,,S_frozen,hits_at_budget,0.2,1.3038404810405297,-1.0,2.0,2,5
A_gap_change__MLP_minus_GraphSAGE_reverse,A,,S_frozen,roc_auc,0.005579925170945676,0.020449839159886737,-0.017750397798133588,0.028340429191932137,3,5
A_gap_change__MLP_minus_GraphSAGE_reverse,A,,S_frozen,ap,-0.0008369562110428599,0.0013564359384925957,-0.003140506334858885,0.000211652047719048,2,5
A_gap_change__MLP_minus_GraphSAGE_reverse,A,,S_frozen,f1_val_threshold,-0.005299170377274232,0.008012835652302307,-0.0180548527476976,0.0,0,5
A_gap_change__MLP_minus_GraphSAGE_reverse,A,,S_frozen,p_at_5pct,0.0010309278350515466,0.0023052247190719485,-0.0025773195876288664,0.002577319587628867,3,5
A_gap_change__MLP_minus_GraphSAGE_reverse,A,,S_frozen,r_at_10fpr,0.06666666666666667,0.14907119849998599,-0.16666666666666669,0.16666666666666669,3,5
A_gap_change__MLP_minus_GraphSAGE_reverse,A,,S_frozen,hits_at_budget,0.4,0.8944271909999159,-1.0,1.0,3,5
A_gap__RandomForest_unweighted_minus_GCN_reverse,A,,S_frozen,roc_auc,0.017567625682707623,0.032947382242234854,-0.01538511159850331,0.0702274975272007,4,5
A_gap__RandomForest_unweighted_minus_GCN_reverse,A,,S_frozen,ap,2.5337908270687497e-05,0.0010553689185873523,-0.0011036634124237158,0.0013823120224090634,3,5
A_gap__RandomForest_unweighted_minus_GCN_reverse,A,,S_frozen,f1_val_threshold,0.0,0.0,0.0,0.0,0,5
A_gap__RandomForest_unweighted_minus_GCN_reverse,A,,S_frozen,p_at_5pct,0.0005154639175257732,0.0021563402745723597,-0.002577319587628866,0.002577319587628866,2,5
A_gap__RandomForest_unweighted_minus_GCN_reverse,A,,S_frozen,r_at_10fpr,-0.10000000000000002,0.14907119849998599,-0.16666666666666669,0.16666666666666666,1,5
A_gap__RandomForest_unweighted_minus_GCN_reverse,A,,S_frozen,hits_at_budget,0.2,0.8366600265340756,-1.0,1.0,2,5
A_gap_change__RandomForest_unweighted_minus_GCN_reverse,A,,S_frozen,roc_auc,0.021306928138304725,0.01775178544966145,-0.009869694233002213,0.032963488582118394,4,5
A_gap_change__RandomForest_unweighted_minus_GCN_reverse,A,,S_frozen,ap,0.0005231637493516857,0.0005061099331888677,-0.0001938546525538736,0.0010056986606093044,4,5
A_gap_change__RandomForest_unweighted_minus_GCN_reverse,A,,S_frozen,f1_val_threshold,0.0,0.0,0.0,0.0,0,5
A_gap_change__RandomForest_unweighted_minus_GCN_reverse,A,,S_frozen,p_at_5pct,0.0,0.0018224401576972873,-0.002577319587628866,0.002577319587628866,1,5
A_gap_change__RandomForest_unweighted_minus_GCN_reverse,A,,S_frozen,r_at_10fpr,0.09999999999999999,0.14907119849998599,-0.16666666666666669,0.16666666666666669,4,5
A_gap_change__RandomForest_unweighted_minus_GCN_reverse,A,,S_frozen,hits_at_budget,0.0,0.7071067811865476,-1.0,1.0,1,5
A_gap__RandomForest_unweighted_minus_GraphSAGE_reverse,A,,S_frozen,roc_auc,0.06604309121403691,0.037267593366841135,0.011665161484539555,0.11268438481056209,5,5
A_gap__RandomForest_unweighted_minus_GraphSAGE_reverse,A,,S_frozen,ap,-0.0013417005438732129,0.0019141968222349303,-0.00453552018001957,0.00019358849332393874,1,5
A_gap__RandomForest_unweighted_minus_GraphSAGE_reverse,A,,S_frozen,f1_val_threshold,-0.006310913828042072,0.010131190127072268,-0.023255813953488372,0.0,0,5
A_gap__RandomForest_unweighted_minus_GraphSAGE_reverse,A,,S_frozen,p_at_5pct,-0.0010309278350515466,0.003908698682500799,-0.005154639175257733,0.005154639175257732,1,5
A_gap__RandomForest_unweighted_minus_GraphSAGE_reverse,A,,S_frozen,r_at_10fpr,-0.23333333333333334,0.09128709291752767,-0.3333333333333333,-0.16666666666666669,0,5
A_gap__RandomForest_unweighted_minus_GraphSAGE_reverse,A,,S_frozen,hits_at_budget,-0.4,1.5165750888103102,-2.0,2.0,1,5
A_gap_change__RandomForest_unweighted_minus_GraphSAGE_reverse,A,,S_frozen,roc_auc,0.027237345718832007,0.028402122475004853,-0.005504666064593877,0.06831376596568195,4,5
A_gap_change__RandomForest_unweighted_minus_GraphSAGE_reverse,A,,S_frozen,ap,-0.0005069203901685765,0.0012134964426388666,-0.002490362855535737,0.000584605788958528,2,5
A_gap_change__RandomForest_unweighted_minus_GraphSAGE_reverse,A,,S_frozen,f1_val_threshold,-0.003347950865079109,0.004584646364042516,-0.008440999138673556,0.0,0,5
A_gap_change__RandomForest_unweighted_minus_GraphSAGE_reverse,A,,S_frozen,p_at_5pct,0.0010309278350515466,0.002938596456441078,-0.002577319587628867,0.005154639175257733,2,5
A_gap_change__RandomForest_unweighted_minus_GraphSAGE_reverse,A,,S_frozen,r_at_10fpr,-5.551115123125783e-18,0.11785113019775792,-0.16666666666666669,0.16666666666666666,1,5
A_gap_change__RandomForest_unweighted_minus_GraphSAGE_reverse,A,,S_frozen,hits_at_budget,0.4,1.140175425099138,-1.0,2.0,2,5
B_increment__MLP__271707,B,271707,S_frozen,roc_auc,0.13322151980389635,0.05708852624535949,0.04919795295230733,0.20341461316819331,5,5
B_increment__MLP__271707,B,271707,S_frozen,ap,0.003024452656666488,0.0009713955135316506,0.002079877444645304,0.004205234711732825,5,5
B_increment__MLP__271707,B,271707,S_frozen,f1_val_threshold,0.0013551119177253477,0.007588049535439464,-0.007017543859649123,0.013793103448275862,1,5
B_increment__MLP__271707,B,271707,S_frozen,p_at_5pct,0.0030927835051546395,0.0021563402745723597,0.0,0.005154639175257733,4,5
B_increment__MLP__271707,B,271707,S_frozen,r_at_10fpr,0.13333333333333336,0.13944333775567924,0.0,0.3333333333333333,3,5
B_increment__MLP__271707,B,271707,S_frozen,hits_at_budget,1.2,0.8366600265340756,0.0,2.0,4,5
B_minus_ASOF__MLP__M5__271707,B,271707,S_frozen,roc_auc,0.03532877478174856,0.03241545929252074,-0.005160624435556649,0.08022620737109187,4,5
B_minus_ASOF__MLP__M5__271707,B,271707,S_frozen,ap,0.00034867941636201763,0.0001795178480539057,0.00015886464472354093,0.000540126624975875,5,5
B_minus_ASOF__MLP__M5__271707,B,271707,S_frozen,f1_val_threshold,0.0002270381836945305,0.0005076728122290545,0.0,0.0011351909184726524,1,5
B_minus_ASOF__MLP__M5__271707,B,271707,S_frozen,p_at_5pct,0.0010309278350515464,0.0014116560760442426,0.0,0.002577319587628866,2,5
B_minus_ASOF__MLP__M5__271707,B,271707,S_frozen,r_at_10fpr,0.03333333333333333,0.07453559924999299,0.0,0.16666666666666666,1,5
B_minus_ASOF__MLP__M5__271707,B,271707,S_frozen,hits_at_budget,0.4,0.5477225575051662,0.0,1.0,2,5
B_minus_ASOF__MLP__M11__271707,B,271707,S_frozen,roc_auc,0.007736636132972108,0.014643069754245794,-0.013804670365114236,0.023867888014449834,4,5
B_minus_ASOF__MLP__M11__271707,B,271707,S_frozen,ap,0.0006482259014514274,0.00048106164248021716,0.00022275870004389523,0.001218912190837378,5,5
B_minus_ASOF__MLP__M11__271707,B,271707,S_frozen,f1_val_threshold,0.0011775930216709827,0.007839121256312576,-0.007905138339920948,0.013793103448275862,1,5
B_minus_ASOF__MLP__M11__271707,B,271707,S_frozen,p_at_5pct,0.0005154639175257733,0.0011526123595359743,0.0,0.0025773195876288664,1,5
B_minus_ASOF__MLP__M11__271707,B,271707,S_frozen,r_at_10fpr,-0.03333333333333334,0.074535599249993,-0.16666666666666669,0.0,0,5
B_minus_ASOF__MLP__M11__271707,B,271707,S_frozen,hits_at_budget,0.2,0.447213595499958,0.0,1.0,1,5
B_increment_change__MLP__271707,B,271707,S_frozen,roc_auc,-0.027592138648776455,0.031742550543166846,-0.06685158904227395,0.019911409280522818,1,5
B_increment_change__MLP__271707,B,271707,S_frozen,ap,0.00029954648508940976,0.0004730431700638297,-0.0003173679249319798,0.0009222794812383762,4,5
B_increment_change__MLP__271707,B,271707,S_frozen,f1_val_threshold,0.0009505548379764521,0.007897971271622672,-0.007905138339920948,0.013793103448275862,1,5
B_increment_change__MLP__271707,B,271707,S_frozen,p_at_5pct,-0.000515463917525773,0.00215634027457236,-0.002577319587628866,0.002577319587628867,1,5
B_increment_change__MLP__271707,B,271707,S_frozen,r_at_10fpr,-0.06666666666666668,0.09128709291752769,-0.16666666666666669,0.0,0,5
B_increment_change__MLP__271707,B,271707,S_frozen,hits_at_budget,-0.2,0.8366600265340756,-1.0,1.0,1,5
B_increment__MLP__271708,B,271708,S_frozen,roc_auc,0.12844794220100633,0.038600957284943296,0.06343267535371777,0.16572055218681458,5,5
B_increment__MLP__271708,B,271708,S_frozen,ap,0.0027875430984462112,0.0005430077233407499,0.0022256728800491973,0.0036021678830372686,5,5
B_increment__MLP__271708,B,271708,S_frozen,f1_val_threshold,0.003690532637901059,0.005346677318590537,0.0,0.011695906432748537,2,5
B_increment__MLP__271708,B,271708,S_frozen,p_at_5pct,0.005154639175257732,0.0,0.005154639175257732,0.005154639175257732,5,5
B_increment__MLP__271708,B,271708,S_frozen,r_at_10fpr,0.13333333333333336,0.18257418583505536,0.0,0.33333333333333337,2,5
B_increment__MLP__271708,B,271708,S_frozen,hits_at_budget,2.0,0.0,2.0,2.0,5,5
B_minus_ASOF__MLP__M5__271708,B,271708,S_frozen,roc_auc,0.0416935449189352,0.005952920652849624,0.03578032941985987,0.048595880101492406,5,5
B_minus_ASOF__MLP__M5__271708,B,271708,S_frozen,ap,0.00030147941848508383,8.872476763130139e-05,0.00023494275123252034,0.00045688378598551403,5,5
B_minus_ASOF__MLP__M5__271708,B,271708,S_frozen,f1_val_threshold,-0.001176470588235294,0.002630668208823282,-0.0058823529411764705,0.0,0,5
B_minus_ASOF__MLP__M5__271708,B,271708,S_frozen,p_at_5pct,-0.0015463917525773197,0.0014116560760442426,-0.002577319587628866,0.0,0,5
B_minus_ASOF__MLP__M5__271708,B,271708,S_frozen,r_at_10fpr,0.06666666666666668,0.09128709291752769,0.0,0.16666666666666669,2,5
B_minus_ASOF__MLP__M5__271708,B,271708,S_frozen,hits_at_budget,-0.6,0.5477225575051662,-1.0,0.0,0,5
B_minus_ASOF__MLP__M11__271708,B,271708,S_frozen,roc_auc,0.009327828667268733,0.01907640982207171,-0.01210596482174342,0.03444716810734105,3,5
B_minus_ASOF__MLP__M11__271708,B,271708,S_frozen,ap,0.00036411634535421625,0.00034365972912043136,-5.004507808342457e-05,0.0006783253818024959,4,5
B_minus_ASOF__MLP__M11__271708,B,271708,S_frozen,f1_val_threshold,0.0021095049699168694,0.005381982707461059,-0.001148381583164191,0.011695906432748537,1,5
B_minus_ASOF__MLP__M11__271708,B,271708,S_frozen,p_at_5pct,0.0,0.0,0.0,0.0,0,5
B_minus_ASOF__MLP__M11__271708,B,271708,S_frozen,r_at_10fpr,0.0,0.0,0.0,0.0,0,5
B_minus_ASOF__MLP__M11__271708,B,271708,S_frozen,hits_at_budget,0.0,0.0,0.0,0.0,0,5
B_increment_change__MLP__271708,B,271708,S_frozen,roc_auc,-0.03236571625166647,0.019153045913971864,-0.060701844923235826,-0.012794048079817544,0,5
B_increment_change__MLP__271708,B,271708,S_frozen,ap,6.263692686913239e-05,0.0003326772729700087,-0.00033082482184999384,0.00044338263056997534,3,5
B_increment_change__MLP__271708,B,271708,S_frozen,f1_val_threshold,0.0032859755581521634,0.00544809385989402,-0.001148381583164191,0.011695906432748537,2,5
B_increment_change__MLP__271708,B,271708,S_frozen,p_at_5pct,0.0015463917525773197,0.0014116560760442426,0.0,0.002577319587628866,3,5
B_increment_change__MLP__271708,B,271708,S_frozen,r_at_10fpr,-0.06666666666666668,0.09128709291752769,-0.16666666666666669,0.0,0,5
B_increment_change__MLP__271708,B,271708,S_frozen,hits_at_budget,0.6,0.5477225575051662,0.0,1.0,3,5
B_increment__MLP__271709,B,271709,S_frozen,roc_auc,0.16692469788844458,0.04758970047581176,0.09185911495290933,0.21218767470863986,5,5
B_increment__MLP__271709,B,271709,S_frozen,ap,0.002493292801788122,0.0006542900621270729,0.0018105841109438445,0.003547266935219021,5,5
B_increment__MLP__271709,B,271709,S_frozen,f1_val_threshold,0.004630303030303031,0.006825867721843614,0.0,0.015151515151515152,2,5
B_increment__MLP__271709,B,271709,S_frozen,p_at_5pct,0.0030927835051546395,0.0021563402745723597,0.0,0.005154639175257732,4,5
B_increment__MLP__271709,B,271709,S_frozen,r_at_10fpr,0.2,0.2173067468400883,0.0,0.5,3,5
B_increment__MLP__271709,B,271709,S_frozen,hits_at_budget,1.2,0.8366600265340756,0.0,2.0,4,5
B_minus_ASOF__MLP__M5__271709,B,271709,S_frozen,roc_auc,-0.019532963488582154,0.015283182041489917,-0.04126349288263875,-0.004236012557519486,0,5
B_minus_ASOF__MLP__M5__271709,B,271709,S_frozen,ap,-1.058946125430055e-05,0.0002914824165300132,-0.00030661571983181535,0.00045613013042519095,2,5
B_minus_ASOF__MLP__M5__271709,B,271709,S_frozen,f1_val_threshold,-0.001176470588235294,0.002630668208823282,-0.0058823529411764705,0.0,0,5
B_minus_ASOF__MLP__M5__271709,B,271709,S_frozen,p_at_5pct,0.0,0.0018224401576972873,-0.002577319587628866,0.002577319587628866,1,5
B_minus_ASOF__MLP__M5__271709,B,271709,S_frozen,r_at_10fpr,-0.06666666666666667,0.09128709291752768,-0.16666666666666666,0.0,0,5
B_minus_ASOF__MLP__M5__271709,B,271709,S_frozen,hits_at_budget,0.0,0.7071067811865476,-1.0,1.0,1,5
B_minus_ASOF__MLP__M11__271709,B,271709,S_frozen,roc_auc,-0.013421924052810374,0.018196159274796207,-0.0365544230851933,0.008988087558594593,2,5
B_minus_ASOF__MLP__M11__271709,B,271709,S_frozen,ap,-0.0002422028310432571,0.00034578502529533596,-0.0008326186741879028,6.727687388137548e-05,1,5
B_minus_ASOF__MLP__M11__271709,B,271709,S_frozen,f1_val_threshold,0.003049275362318841,0.0067654824097199955,0.0,0.015151515151515152,2,5
B_minus_ASOF__MLP__M11__271709,B,271709,S_frozen,p_at_5pct,-0.0005154639175257732,0.0011526123595359743,-0.002577319587628866,0.0,0,5
B_minus_ASOF__MLP__M11__271709,B,271709,S_frozen,r_at_10fpr,-0.06666666666666668,0.09128709291752769,-0.16666666666666669,0.0,0,5
B_minus_ASOF__MLP__M11__271709,B,271709,S_frozen,hits_at_budget,-0.2,0.447213595499958,-1.0,0.0,0,5
B_increment_change__MLP__271709,B,271709,S_frozen,roc_auc,0.006111039435771781,0.023409941946613024,-0.03231841052767381,0.02694276007396912,4,5
B_increment_change__MLP__271709,B,271709,S_frozen,ap,-0.00023161336978895657,0.0004560759716135852,-0.0008398546213823569,0.0002086470591351943,2,5
B_increment_change__MLP__271709,B,271709,S_frozen,f1_val_threshold,0.004225745950554135,0.0066123906806198,0.0,0.015151515151515152,3,5
B_increment_change__MLP__271709,B,271709,S_frozen,p_at_5pct,-0.0005154639175257732,0.0021563402745723597,-0.002577319587628866,0.002577319587628866,1,5
B_increment_change__MLP__271709,B,271709,S_frozen,r_at_10fpr,-1.6653345369377347e-17,0.16666666666666669,-0.16666666666666669,0.16666666666666666,2,5
B_increment_change__MLP__271709,B,271709,S_frozen,hits_at_budget,-0.2,0.8366600265340756,-1.0,1.0,1,5
B_increment__MLP__mean3,B,mean3,S_frozen,roc_auc,0.14286471996444902,0.04403235546763485,0.06816324775297805,0.18270760762052216,5,5
B_increment__MLP__mean3,B,mean3,S_frozen,ap,0.0027684295189669404,0.0006605012498724316,0.0021540704946196834,0.003687707615267719,5,5
B_increment__MLP__mean3,B,mean3,S_frozen,f1_val_threshold,0.0032253158619764783,0.006347659801262699,-0.0023391812865497076,0.013546841677513183,2,5
B_increment__MLP__mean3,B,mean3,S_frozen,p_at_5pct,0.0037800687285223372,0.00143756018304824,0.001718213058419244,0.005154639175257733,5,5
B_increment__MLP__mean3,B,mean3,S_frozen,r_at_10fpr,0.15555555555555559,0.16850834320114558,2.7755575615628914e-17,0.38888888888888895,5,5
B_increment__MLP__mean3,B,mean3,S_frozen,hits_at_budget,1.4666666666666666,0.557773351022717,0.6666666666666669,2.0,5,5
B_minus_ASOF__MLP__M5__mean3,B,mean3,S_frozen,roc_auc,0.019163118737367164,0.01374125391077572,-0.003547929299445196,0.031357960979945115,4,5
B_minus_ASOF__MLP__M5__mean3,B,mean3,S_frozen,ap,0.0002131897911976002,0.00015701001261950558,8.150434218197604e-05,0.0004843801804621932,5,5
B_minus_ASOF__MLP__M5__mean3,B,mean3,S_frozen,f1_val_threshold,-0.0007086343309253525,0.00158455453513917,-0.003543171654626763,0.0,0,5
B_minus_ASOF__MLP__M5__mean3,B,mean3,S_frozen,p_at_5pct,-0.00017182130584192438,0.0011201378703097336,-0.001718213058419244,0.000859106529209622,2,5
B_minus_ASOF__MLP__M5__mean3,B,mean3,S_frozen,r_at_10fpr,0.01111111111111111,0.06085806194501846,-0.05555555555555555,0.05555555555555555,3,5
B_minus_ASOF__MLP__M5__mean3,B,mean3,S_frozen,hits_at_budget,-0.06666666666666672,0.4346134936801766,-0.6666666666666667,0.3333333333333333,2,5
B_minus_ASOF__MLP__M11__mean3,B,mean3,S_frozen,roc_auc,0.0012141802491434151,0.016501559673421373,-0.02082168609068369,0.022434381226795086,2,5
B_minus_ASOF__MLP__M11__mean3,B,mean3,S_frozen,ap,0.0002567131385874619,0.00020510711503413998,-8.115767124415585e-06,0.0005115481616556094,4,5
B_minus_ASOF__MLP__M11__mean3,B,mean3,S_frozen,f1_val_threshold,0.0021121244513022308,0.006521676881313466,-0.0029862194210020297,0.013546841677513183,1,5
B_minus_ASOF__MLP__M11__mean3,B,mean3,S_frozen,p_at_5pct,0.0,0.0006074800525657625,-0.000859106529209622,0.000859106529209622,1,5
B_minus_ASOF__MLP__M11__mean3,B,mean3,S_frozen,r_at_10fpr,-0.03333333333333336,0.04969039949999533,-0.11111111111111113,0.0,0,5
B_minus_ASOF__MLP__M11__mean3,B,mean3,S_frozen,hits_at_budget,-1.887379141862766e-16,0.2357022603955159,-0.33333333333333354,0.33333333333333326,1,5
B_increment_change__MLP__mean3,B,mean3,S_frozen,roc_auc,-0.017948938488223726,0.015546550799002135,-0.04058974469244114,-0.0007955962671483685,0,5
B_increment_change__MLP__mean3,B,mean3,S_frozen,ap,4.352334738986175e-05,0.00024810809949954985,-0.0002431748749576007,0.0003490877391838921,2,5
B_increment_change__MLP__mean3,B,mean3,S_frozen,f1_val_threshold,0.0028207587822275835,0.006426606622132677,-0.0029862194210020297,0.013546841677513183,2,5
B_increment_change__MLP__mean3,B,mean3,S_frozen,p_at_5pct,0.00017182130584192438,0.0016525244039236552,-0.001718213058419244,0.002577319587628866,2,5
B_increment_change__MLP__mean3,B,mean3,S_frozen,r_at_10fpr,-0.04444444444444447,0.09938079899999067,-0.16666666666666669,0.05555555555555555,2,5
B_increment_change__MLP__mean3,B,mean3,S_frozen,hits_at_budget,0.06666666666666657,0.6411794687223782,-0.6666666666666669,1.0,2,5
B0_42_minus_17__MLP,B0,,S_frozen,roc_auc,0.2825162344643702,0.08051205905902843,0.20050101062228526,0.4147314325033329,5,5
B0_42_minus_17__MLP,B0,,S_frozen,ap,0.012652474503788532,0.006540795607158911,0.0026238274193590336,0.020756076361183196,5,5
B0_42_minus_17__MLP,B0,,S_frozen,f1_val_threshold,0.020934993365740822,0.020349241992937438,0.0,0.04597701149425287,3,5
B0_42_minus_17__MLP,B0,,S_frozen,p_at_5pct,0.005154639175257733,0.003644880315394575,0.0,0.007731958762886598,4,5
B0_42_minus_17__MLP,B0,,S_frozen,r_at_10fpr,0.26666666666666666,0.25276251480171835,-0.16666666666666666,0.5,4,5
B0_42_minus_17__MLP,B0,,S_frozen,hits_at_budget,2.0,1.4142135623730951,0.0,3.0,4,5
B_increment__RandomForest_unweighted__271707,B,271707,S_frozen,roc_auc,0.16406485184707353,0.032889045742078876,0.11976949210854515,0.1988023050789146,5,5
B_increment__RandomForest_unweighted__271707,B,271707,S_frozen,ap,0.00183497827606007,0.0006778138666413109,0.0011631924617857183,0.002635474520259236,5,5
B_increment__RandomForest_unweighted__271707,B,271707,S_frozen,f1_val_threshold,0.0,0.0,0.0,0.0,0,5
B_increment__RandomForest_unweighted__271707,B,271707,S_frozen,p_at_5pct,0.002577319587628866,0.0,0.002577319587628866,0.002577319587628866,5,5
B_increment__RandomForest_unweighted__271707,B,271707,S_frozen,r_at_10fpr,0.13333333333333336,0.2173067468400883,-0.16666666666666666,0.33333333333333337,3,5
B_increment__RandomForest_unweighted__271707,B,271707,S_frozen,hits_at_budget,1.0,0.0,1.0,1.0,5,5
B_minus_ASOF__RandomForest_unweighted__M5__271707,B,271707,S_frozen,roc_auc,-0.070268352470649,0.059382323365335006,-0.15634541779555333,0.010783554810131935,1,5
B_minus_ASOF__RandomForest_unweighted__M5__271707,B,271707,S_frozen,ap,-0.0005398349126289057,0.000279418031817197,-0.0007798961362514576,-9.088970271718439e-05,0,5
B_minus_ASOF__RandomForest_unweighted__M5__271707,B,271707,S_frozen,f1_val_threshold,0.0,0.0,0.0,0.0,0,5
B_minus_ASOF__RandomForest_unweighted__M5__271707,B,271707,S_frozen,p_at_5pct,0.0,0.0,0.0,0.0,0,5
B_minus_ASOF__RandomForest_unweighted__M5__271707,B,271707,S_frozen,r_at_10fpr,-0.06666666666666667,0.09128709291752768,-0.16666666666666666,0.0,0,5
B_minus_ASOF__RandomForest_unweighted__M5__271707,B,271707,S_frozen,hits_at_budget,0.0,0.0,0.0,0.0,0,5
B_minus_ASOF__RandomForest_unweighted__M11__271707,B,271707,S_frozen,roc_auc,-0.05911710316948353,0.021678761431702335,-0.08638670279103777,-0.030942244011525344,0,5
B_minus_ASOF__RandomForest_unweighted__M11__271707,B,271707,S_frozen,ap,-0.0006976297981691451,0.0004716748482103076,-0.001084638982278952,0.00011230718364536613,1,5
B_minus_ASOF__RandomForest_unweighted__M11__271707,B,271707,S_frozen,f1_val_threshold,0.0,0.0,0.0,0.0,0,5
B_minus_ASOF__RandomForest_unweighted__M11__271707,B,271707,S_frozen,p_at_5pct,-0.0010309278350515464,0.0014116560760442426,-0.002577319587628866,0.0,0,5
B_minus_ASOF__RandomForest_unweighted__M11__271707,B,271707,S_frozen,r_at_10fpr,-0.1,0.14907119849998599,-0.33333333333333337,0.0,0,5
B_minus_ASOF__RandomForest_unweighted__M11__271707,B,271707,S_frozen,hits_at_budget,-0.4,0.5477225575051662,-1.0,0.0,0,5
B_increment_change__RandomForest_unweighted__271707,B,271707,S_frozen,roc_auc,0.011151249301165466,0.04734865986445042,-0.05574549520491978,0.06995871500451556,3,5
B_increment_change__RandomForest_unweighted__271707,B,271707,S_frozen,ap,-0.0001577948855402394,0.00020905311175517302,-0.0003279259963975972,0.00020319688636255074,1,5
B_increment_change__RandomForest_unweighted__271707,B,271707,S_frozen,f1_val_threshold,0.0,0.0,0.0,0.0,0,5
B_increment_change__RandomForest_unweighted__271707,B,271707,S_frozen,p_at_5pct,-0.0010309278350515464,0.0014116560760442426,-0.002577319587628866,0.0,0,5
B_increment_change__RandomForest_unweighted__271707,B,271707,S_frozen,r_at_10fpr,-0.03333333333333334,0.18257418583505539,-0.33333333333333337,0.16666666666666666,2,5
B_increment_change__RandomForest_unweighted__271707,B,271707,S_frozen,hits_at_budget,-0.4,0.5477225575051662,-1.0,0.0,0,5
B_increment__RandomForest_unweighted__271708,B,271708,S_frozen,roc_auc,0.19207199071087602,0.07680095423177133,0.12811250161269516,0.3216036640433493,5,5
B_increment__RandomForest_unweighted__271708,B,271708,S_frozen,ap,0.00204122749719124,0.0005176371815440329,0.0015956005669061826,0.0028132377187910654,5,5
B_increment__RandomForest_unweighted__271708,B,271708,S_frozen,f1_val_threshold,0.0,0.0,0.0,0.0,0,5
B_increment__RandomForest_unweighted__271708,B,271708,S_frozen,p_at_5pct,0.002061855670103093,0.001152612359535974,0.0,0.002577319587628866,4,5
B_increment__RandomForest_unweighted__271708,B,271708,S_frozen,r_at_10fpr,0.3666666666666667,0.21730674684008827,0.16666666666666666,0.6666666666666666,5,5
B_increment__RandomForest_unweighted__271708,B,271708,S_frozen,hits_at_budget,0.8,0.4472135954999579,0.0,1.0,4,5
B_minus_ASOF__RandomForest_unweighted__M5__271708,B,271708,S_frozen,roc_auc,-0.08576742785877094,0.08877478279388878,-0.22793833053799517,0.013933685976003085,1,5
B_minus_ASOF__RandomForest_unweighted__M5__271708,B,271708,S_frozen,ap,-0.000717476171400645,0.00025940891426344103,-0.000989650727990642,-0.00042529163500727176,0,5
B_minus_ASOF__RandomForest_unweighted__M5__271708,B,271708,S_frozen,f1_val_threshold,0.0,0.0,0.0,0.0,0,5
B_minus_ASOF__RandomForest_unweighted__M5__271708,B,271708,S_frozen,p_at_5pct,0.0,0.0,0.0,0.0,0,5
B_minus_ASOF__RandomForest_unweighted__M5__271708,B,271708,S_frozen,r_at_10fpr,-0.16666666666666666,0.11785113019775792,-0.3333333333333333,0.0,0,5
B_minus_ASOF__RandomForest_unweighted__M5__271708,B,271708,S_frozen,hits_at_budget,0.0,0.0,0.0,0.0,0,5
B_minus_ASOF__RandomForest_unweighted__M11__271708,B,271708,S_frozen,roc_auc,-0.04660903969380299,0.015588615910387816,-0.06150819249129147,-0.02018019180320829,0,5
B_minus_ASOF__RandomForest_unweighted__M11__271708,B,271708,S_frozen,ap,-0.000669021835809714,0.0003282424016912866,-0.0010956779293360879,-0.0002691660213469038,0,5
B_minus_ASOF__RandomForest_unweighted__M11__271708,B,271708,S_frozen,f1_val_threshold,0.0,0.0,0.0,0.0,0,5
B_minus_ASOF__RandomForest_unweighted__M11__271708,B,271708,S_frozen,p_at_5pct,-0.0015463917525773197,0.0014116560760442426,-0.002577319587628866,0.0,0,5
B_minus_ASOF__RandomForest_unweighted__M11__271708,B,271708,S_frozen,r_at_10fpr,0.03333333333333334,0.1394433377556793,-0.16666666666666669,0.16666666666666669,2,5
B_minus_ASOF__RandomForest_unweighted__M11__271708,B,271708,S_frozen,hits_at_budget,-0.6,0.5477225575051662,-1.0,0.0,0,5
B_increment_change__RandomForest_unweighted__271708,B,271708,S_frozen,roc_auc,0.03915838816496795,0.10190797849135105,-0.06658280651958903,0.20775813873478688,3,5
B_increment_change__RandomForest_unweighted__271708,B,271708,S_frozen,ap,4.845433559093099e-05,0.0005253825729994235,-0.0006703862943288159,0.0007204847066437383,3,5
B_increment_change__RandomForest_unweighted__271708,B,271708,S_frozen,f1_val_threshold,0.0,0.0,0.0,0.0,0,5
B_increment_change__RandomForest_unweighted__271708,B,271708,S_frozen,p_at_5pct,-0.0015463917525773197,0.0014116560760442426,-0.002577319587628866,0.0,0,5
B_increment_change__RandomForest_unweighted__271708,B,271708,S_frozen,r_at_10fpr,0.2,0.13944333775567927,-2.7755575615628914e-17,0.33333333333333337,4,5
B_increment_change__RandomForest_unweighted__271708,B,271708,S_frozen,hits_at_budget,-0.6,0.5477225575051662,-1.0,0.0,0,5
B_increment__RandomForest_unweighted__271709,B,271709,S_frozen,roc_auc,0.17356470132886082,0.042423022153440966,0.11910291145228569,0.23412032855975573,5,5
B_increment__RandomForest_unweighted__271709,B,271709,S_frozen,ap,0.0017711131045517214,0.0003989816708071975,0.0012634330317466272,0.0020998895615246356,5,5
B_increment__RandomForest_unweighted__271709,B,271709,S_frozen,f1_val_threshold,0.0,0.0,0.0,0.0,0,5
B_increment__RandomForest_unweighted__271709,B,271709,S_frozen,p_at_5pct,0.002577319587628866,0.0,0.002577319587628866,0.002577319587628866,5,5
B_increment__RandomForest_unweighted__271709,B,271709,S_frozen,r_at_10fpr,0.3,0.2173067468400883,0.0,0.5,4,5
B_increment__RandomForest_unweighted__271709,B,271709,S_frozen,hits_at_budget,1.0,0.0,1.0,1.0,5,5
B_minus_ASOF__RandomForest_unweighted__M5__271709,B,271709,S_frozen,roc_auc,-0.06932438825097839,0.061504699769727396,-0.14365888272480976,0.02054573603406007,1,5
B_minus_ASOF__RandomForest_unweighted__M5__271709,B,271709,S_frozen,ap,-0.00053942796988603,0.00010750523474652076,-0.0006765540410231497,-0.0003822595197383058,0,5
B_minus_ASOF__RandomForest_unweighted__M5__271709,B,271709,S_frozen,f1_val_threshold,0.0,0.0,0.0,0.0,0,5
B_minus_ASOF__RandomForest_unweighted__M5__271709,B,271709,S_frozen,p_at_5pct,0.0,0.0,0.0,0.0,0,5
B_minus_ASOF__RandomForest_unweighted__M5__271709,B,271709,S_frozen,r_at_10fpr,-0.06666666666666667,0.25276251480171835,-0.3333333333333333,0.16666666666666666,2,5
B_minus_ASOF__RandomForest_unweighted__M5__271709,B,271709,S_frozen,hits_at_budget,0.0,0.0,0.0,0.0,0,5
B_minus_ASOF__RandomForest_unweighted__M11__271709,B,271709,S_frozen,roc_auc,-0.04867328946802565,0.02605916340149193,-0.08894551240700121,-0.02735130950845055,0,5
B_minus_ASOF__RandomForest_unweighted__M11__271709,B,271709,S_frozen,ap,-0.0007610880269346179,0.0006327836242980041,-0.001776197501206196,-0.00015109564661196402,0,5
B_minus_ASOF__RandomForest_unweighted__M11__271709,B,271709,S_frozen,f1_val_threshold,0.0,0.0,0.0,0.0,0,5
B_minus_ASOF__RandomForest_unweighted__M11__271709,B,271709,S_frozen,p_at_5pct,-0.0010309278350515464,0.0014116560760442426,-0.002577319587628866,0.0,0,5
B_minus_ASOF__RandomForest_unweighted__M11__271709,B,271709,S_frozen,r_at_10fpr,0.06666666666666668,0.25276251480171835,-0.3333333333333333,0.3333333333333333,3,5
B_minus_ASOF__RandomForest_unweighted__M11__271709,B,271709,S_frozen,hits_at_budget,-0.4,0.5477225575051662,-1.0,0.0,0,5
B_increment_change__RandomForest_unweighted__271709,B,271709,S_frozen,roc_auc,0.020651098782952747,0.07275666372449702,-0.08131208876274021,0.10808282802219071,3,5
B_increment_change__RandomForest_unweighted__271709,B,271709,S_frozen,ap,-0.00022166005704858777,0.0006476317341526046,-0.0012546223829285785,0.0003782345230942774,2,5
B_increment_change__RandomForest_unweighted__271709,B,271709,S_frozen,f1_val_threshold,0.0,0.0,0.0,0.0,0,5
B_increment_change__RandomForest_unweighted__271709,B,271709,S_frozen,p_at_5pct,-0.0010309278350515464,0.0014116560760442426,-0.002577319587628866,0.0,0,5
B_increment_change__RandomForest_unweighted__271709,B,271709,S_frozen,r_at_10fpr,0.13333333333333336,0.3205897343611891,-0.3333333333333333,0.5,4,5
B_increment_change__RandomForest_unweighted__271709,B,271709,S_frozen,hits_at_budget,-0.4,0.5477225575051662,-1.0,0.0,0,5
B_increment__RandomForest_unweighted__mean3,B,mean3,S_frozen,roc_auc,0.17656718129560348,0.03892888876718591,0.12232830172450865,0.2290206281626745,5,5
B_increment__RandomForest_unweighted__mean3,B,mean3,S_frozen,ap,0.0018824396259343435,0.00035008929539636746,0.00137654253800355,0.0022410147635388167,5,5
B_increment__RandomForest_unweighted__mean3,B,mean3,S_frozen,f1_val_threshold,0.0,0.0,0.0,0.0,0,5
B_increment__RandomForest_unweighted__mean3,B,mean3,S_frozen,p_at_5pct,0.0024054982817869417,0.0003842041198453247,0.001718213058419244,0.002577319587628866,5,5
B_increment__RandomForest_unweighted__mean3,B,mean3,S_frozen,r_at_10fpr,0.26666666666666666,0.07243558228002943,0.16666666666666666,0.3333333333333333,5,5
B_increment__RandomForest_unweighted__mean3,B,mean3,S_frozen,hits_at_budget,0.9333333333333332,0.149071198499986,0.6666666666666666,1.0,5,5
B_minus_ASOF__RandomForest_unweighted__M5__mean3,B,mean3,S_frozen,roc_auc,-0.07512005619346616,0.06401940090105608,-0.1609398070499865,0.015087658940064974,1,5
B_minus_ASOF__RandomForest_unweighted__M5__mean3,B,mean3,S_frozen,ap,-0.0005989130179718603,0.00017762003986711476,-0.0007568661991889615,-0.0002994802858209207,0,5
B_minus_ASOF__RandomForest_unweighted__M5__mean3,B,mean3,S_frozen,f1_val_threshold,0.0,0.0,0.0,0.0,0,5
B_minus_ASOF__RandomForest_unweighted__M5__mean3,B,mean3,S_frozen,p_at_5pct,0.0,0.0,0.0,0.0,0,5
B_minus_ASOF__RandomForest_unweighted__M5__mean3,B,mean3,S_frozen,r_at_10fpr,-0.1,0.09128709291752768,-0.16666666666666669,0.0,0,5
B_minus_ASOF__RandomForest_unweighted__M5__mean3,B,mean3,S_frozen,hits_at_budget,0.0,0.0,0.0,0.0,0,5
B_minus_ASOF__RandomForest_unweighted__M11__mean3,B,mean3,S_frozen,roc_auc,-0.051466477443770774,0.012337994442679525,-0.06958241947275617,-0.03587709112802656,0,5
B_minus_ASOF__RandomForest_unweighted__M11__mean3,B,mean3,S_frozen,ap,-0.0007092465536378259,0.0002918703134388714,-0.001188255355428736,-0.00041066498348964675,0,5
B_minus_ASOF__RandomForest_unweighted__M11__mean3,B,mean3,S_frozen,f1_val_threshold,0.0,0.0,0.0,0.0,0,5
B_minus_ASOF__RandomForest_unweighted__M11__mean3,B,mean3,S_frozen,p_at_5pct,-0.001202749140893471,0.0013028995608336,-0.0025773195876288664,0.0,0,5
B_minus_ASOF__RandomForest_unweighted__M11__mean3,B,mean3,S_frozen,r_at_10fpr,-5.551115123125783e-18,0.15713484026367724,-0.16666666666666669,0.16666666666666666,3,5
B_minus_ASOF__RandomForest_unweighted__M11__mean3,B,mean3,S_frozen,hits_at_budget,-0.4666666666666668,0.5055250296034368,-1.0000000000000002,-1.1102230246251565e-16,0,5
B_increment_change__RandomForest_unweighted__mean3,B,mean3,S_frozen,roc_auc,0.02365357874969537,0.06754566410967203,-0.0678801301624164,0.11517510285411209,3,5
B_increment_change__RandomForest_unweighted__mean3,B,mean3,S_frozen,ap,-0.00011033353566596558,0.0002709724436867475,-0.00043138915623977477,0.0002926056690416353,1,5
B_increment_change__RandomForest_unweighted__mean3,B,mean3,S_frozen,f1_val_threshold,0.0,0.0,0.0,0.0,0,5
B_increment_change__RandomForest_unweighted__mean3,B,mean3,S_frozen,p_at_5pct,-0.001202749140893471,0.0013028995608336,-0.0025773195876288664,0.0,0,5
B_increment_change__RandomForest_unweighted__mean3,B,mean3,S_frozen,r_at_10fpr,0.1,0.09938079899999065,-2.7755575615628914e-17,0.22222222222222218,3,5
B_increment_change__RandomForest_unweighted__mean3,B,mean3,S_frozen,hits_at_budget,-0.4666666666666668,0.5055250296034368,-1.0000000000000002,-1.1102230246251565e-16,0,5
B0_42_minus_17__RandomForest_unweighted,B0,,S_frozen,roc_auc,0.27677288951963197,0.03795045465028334,0.24010880316518324,0.32896830516492503,5,5
B0_42_minus_17__RandomForest_unweighted,B0,,S_frozen,ap,0.006412859724837548,0.00046484861787220985,0.0059981994837767175,0.007145354146932813,5,5
B0_42_minus_17__RandomForest_unweighted,B0,,S_frozen,f1_val_threshold,0.005263006914798509,0.015003423451838463,-0.0015457941517454592,0.03210135989157416,1,5
B0_42_minus_17__RandomForest_unweighted,B0,,S_frozen,p_at_5pct,0.005154639175257732,0.0,0.005154639175257732,0.005154639175257732,5,5
B0_42_minus_17__RandomForest_unweighted,B0,,S_frozen,r_at_10fpr,0.3333333333333333,0.11785113019775792,0.16666666666666666,0.5,5,5
B0_42_minus_17__RandomForest_unweighted,B0,,S_frozen,hits_at_budget,2.0,0.0,2.0,2.0,5,5
A_minus_V26__MLP,A,,J_frozen,roc_auc,0.0010966326925557547,0.03534865876562199,-0.05328344729712298,0.03077022319700673,3,5
A_minus_V26__MLP,A,,J_frozen,ap,7.621112502186034e-07,3.661292677159304e-05,-5.227386914201794e-05,3.197294890033213e-05,3,5
A_minus_V26__MLP,A,,J_frozen,f1_val_threshold,0.0,0.0,0.0,0.0,0,5
A_minus_V26__MLP,A,,J_frozen,p_at_5pct,0.0,0.0,0.0,0.0,0,5
A_minus_V26__MLP,A,,J_frozen,r_at_10fpr,0.0,0.0,0.0,0.0,0,5
A_minus_V26__MLP,A,,J_frozen,hits_at_budget,0.0,0.0,0.0,0.0,0,5
A_minus_V26__RandomForest_unweighted,A,,J_frozen,roc_auc,0.02991226938459548,0.048166766035071786,-0.036866210811508204,0.07334537479034942,3,5
A_minus_V26__RandomForest_unweighted,A,,J_frozen,ap,9.397002380954126e-05,0.00025427380794389013,-0.0001918793004966155,0.0004694342224361612,3,5
A_minus_V26__RandomForest_unweighted,A,,J_frozen,f1_val_threshold,0.0,0.0,0.0,0.0,0,5
A_minus_V26__RandomForest_unweighted,A,,J_frozen,p_at_5pct,0.0,0.0,0.0,0.0,0,5
A_minus_V26__RandomForest_unweighted,A,,J_frozen,r_at_10fpr,0.0,0.0,0.0,0.0,0,5
A_minus_V26__RandomForest_unweighted,A,,J_frozen,hits_at_budget,0.0,0.0,0.0,0.0,0,5
A_minus_V26__GCN_reverse,A,,J_frozen,roc_auc,-0.003444716810734083,0.03221906904974074,-0.030576699780673344,0.0432847374532318,2,5
A_minus_V26__GCN_reverse,A,,J_frozen,ap,-0.00013705884071154128,0.000444669447874035,-0.0007566192493698724,0.0004317244375231825,2,5
A_minus_V26__GCN_reverse,A,,J_frozen,f1_val_threshold,0.0,0.0,0.0,0.0,0,5
A_minus_V26__GCN_reverse,A,,J_frozen,p_at_5pct,-0.0005154639175257732,0.0011526123595359743,-0.002577319587628866,0.0,0,5
A_minus_V26__GCN_reverse,A,,J_frozen,r_at_10fpr,-0.1,0.4183300132670378,-0.5,0.5,1,5
A_minus_V26__GCN_reverse,A,,J_frozen,hits_at_budget,-0.2,0.447213595499958,-1.0,0.0,0,5
A_minus_V26__GraphSAGE_reverse,A,,J_frozen,roc_auc,-0.06365630241259196,0.054279272498620273,-0.13495032898980786,-0.013611146948780795,0,5
A_minus_V26__GraphSAGE_reverse,A,,J_frozen,ap,-3.1657731856819e-05,0.0001293138557469385,-0.00019817680814408864,0.00010015099947461377,2,5
A_minus_V26__GraphSAGE_reverse,A,,J_frozen,f1_val_threshold,0.0,0.0,0.0,0.0,0,5
A_minus_V26__GraphSAGE_reverse,A,,J_frozen,p_at_5pct,0.0,0.0,0.0,0.0,0,5
A_minus_V26__GraphSAGE_reverse,A,,J_frozen,r_at_10fpr,0.0,0.0,0.0,0.0,0,5
A_minus_V26__GraphSAGE_reverse,A,,J_frozen,hits_at_budget,0.0,0.0,0.0,0.0,0,5
A_gap__MLP_minus_GCN_reverse,A,,J_frozen,roc_auc,-0.18329247838988522,0.06663045229983501,-0.24216230163849828,-0.07076506257257142,0,5
A_gap__MLP_minus_GCN_reverse,A,,J_frozen,ap,-0.0005914250058371295,0.0003881003339137965,-0.0010830063884176189,-0.0001260223461629974,0,5
A_gap__MLP_minus_GCN_reverse,A,,J_frozen,f1_val_threshold,0.0,0.0,0.0,0.0,0,5
A_gap__MLP_minus_GCN_reverse,A,,J_frozen,p_at_5pct,0.0,0.0,0.0,0.0,0,5
A_gap__MLP_minus_GCN_reverse,A,,J_frozen,r_at_10fpr,-0.1,0.223606797749979,-0.5,0.0,0,5
A_gap__MLP_minus_GCN_reverse,A,,J_frozen,hits_at_budget,0.0,0.0,0.0,0.0,0,5
A_gap_change__MLP_minus_GCN_reverse,A,,J_frozen,roc_auc,0.004541349503289838,0.06281719947741017,-0.07018449232357116,0.061346922977680074,3,5
A_gap_change__MLP_minus_GCN_reverse,A,,J_frozen,ap,0.00013782095196175991,0.0004653270688044107,-0.0004527205071180835,0.0007704574460415894,3,5
A_gap_change__MLP_minus_GCN_reverse,A,,J_frozen,f1_val_threshold,0.0,0.0,0.0,0.0,0,5
A_gap_change__MLP_minus_GCN_reverse,A,,J_frozen,p_at_5pct,0.0005154639175257732,0.0011526123595359743,0.0,0.002577319587628866,1,5
A_gap_change__MLP_minus_GCN_reverse,A,,J_frozen,r_at_10fpr,0.1,0.4183300132670378,-0.5,0.5,2,5
A_gap_change__MLP_minus_GCN_reverse,A,,J_frozen,hits_at_budget,0.2,0.447213595499958,0.0,1.0,1,5
A_gap__MLP_minus_GraphSAGE_reverse,A,,J_frozen,roc_auc,0.046097277770610214,0.08603177738432671,-0.09211714617468725,0.13424074312991863,4,5
A_gap__MLP_minus_GraphSAGE_reverse,A,,J_frozen,ap,-8.117535922907808e-05,0.0002784480621462423,-0.00057412103687562,9.168446980731466e-05,3,5
A_gap__MLP_minus_GraphSAGE_reverse,A,,J_frozen,f1_val_threshold,0.0,0.0,0.0,0.0,0,5
A_gap__MLP_minus_GraphSAGE_reverse,A,,J_frozen,p_at_5pct,0.0,0.0,0.0,0.0,0,5
A_gap__MLP_minus_GraphSAGE_reverse,A,,J_frozen,r_at_10fpr,-0.1,0.22360679774997902,-0.5,0.0,0,5
A_gap__MLP_minus_GraphSAGE_reverse,A,,J_frozen,hits_at_budget,0.0,0.0,0.0,0.0,0,5
A_gap_change__MLP_minus_GraphSAGE_reverse,A,,J_frozen,roc_auc,0.06475293510514771,0.07561092759625589,-0.03967230034834224,0.16507547413237011,4,5
A_gap_change__MLP_minus_GraphSAGE_reverse,A,,J_frozen,ap,3.2419843107037604e-05,0.00014572442193212077,-0.0001524248686166317,0.0002294461575600515,3,5
A_gap_change__MLP_minus_GraphSAGE_reverse,A,,J_frozen,f1_val_threshold,0.0,0.0,0.0,0.0,0,5
A_gap_change__MLP_minus_GraphSAGE_reverse,A,,J_frozen,p_at_5pct,0.0,0.0,0.0,0.0,0,5
A_gap_change__MLP_minus_GraphSAGE_reverse,A,,J_frozen,r_at_10fpr,0.0,0.0,0.0,0.0,0,5
A_gap_change__MLP_minus_GraphSAGE_reverse,A,,J_frozen,hits_at_budget,0.0,0.0,0.0,0.0,0,5
A_gap__RandomForest_unweighted_minus_GCN_reverse,A,,J_frozen,roc_auc,0.00019352341633334104,0.07017332633781602,-0.06331441104373625,0.09769707134563277,2,5
A_gap__RandomForest_unweighted_minus_GCN_reverse,A,,J_frozen,ap,-0.00017189465617501771,0.0003638369423198293,-0.0005739469645708874,0.00012642250437974625,3,5
A_gap__RandomForest_unweighted_minus_GCN_reverse,A,,J_frozen,f1_val_threshold,0.0,0.0,0.0,0.0,0,5
A_gap__RandomForest_unweighted_minus_GCN_reverse,A,,J_frozen,p_at_5pct,0.0,0.0,0.0,0.0,0,5
A_gap__RandomForest_unweighted_minus_GCN_reverse,A,,J_frozen,r_at_10fpr,-0.1,0.223606797749979,-0.5,0.0,0,5
A_gap__RandomForest_unweighted_minus_GCN_reverse,A,,J_frozen,hits_at_budget,0.0,0.0,0.0,0.0,0,5
A_gap_change__RandomForest_unweighted_minus_GCN_reverse,A,,J_frozen,roc_auc,0.03335698619532956,0.06804111726456222,-0.08015094826474001,0.09634240743129907,4,5
A_gap_change__RandomForest_unweighted_minus_GCN_reverse,A,,J_frozen,ap,0.00023102886452108255,0.0006958524171725897,-0.000623603738019798,0.0012260534718060336,3,5
A_gap_change__RandomForest_unweighted_minus_GCN_reverse,A,,J_frozen,f1_val_threshold,0.0,0.0,0.0,0.0,0,5
A_gap_change__RandomForest_unweighted_minus_GCN_reverse,A,,J_frozen,p_at_5pct,0.0005154639175257732,0.0011526123595359743,0.0,0.002577319587628866,1,5
A_gap_change__RandomForest_unweighted_minus_GCN_reverse,A,,J_frozen,r_at_10fpr,0.1,0.4183300132670378,-0.5,0.5,2,5
A_gap_change__RandomForest_unweighted_minus_GCN_reverse,A,,J_frozen,hits_at_budget,0.2,0.447213595499958,0.0,1.0,1,5
A_gap__RandomForest_unweighted_minus_GraphSAGE_reverse,A,,J_frozen,roc_auc,0.22958327957682875,0.10261476883950135,0.07634498774351695,0.3629209134305249,5,5
A_gap__RandomForest_unweighted_minus_GraphSAGE_reverse,A,,J_frozen,ap,0.0003383549904330337,0.00038308971525284613,-0.00032167618633287634,0.0006415059777082809,4,5
A_gap__RandomForest_unweighted_minus_GraphSAGE_reverse,A,,J_frozen,f1_val_threshold,0.0,0.0,0.0,0.0,0,5
A_gap__RandomForest_unweighted_minus_GraphSAGE_reverse,A,,J_frozen,p_at_5pct,0.0,0.0,0.0,0.0,0,5
A_gap__RandomForest_unweighted_minus_GraphSAGE_reverse,A,,J_frozen,r_at_10fpr,-0.1,0.22360679774997902,-0.5,0.0,0,5
A_gap__RandomForest_unweighted_minus_GraphSAGE_reverse,A,,J_frozen,hits_at_budget,0.0,0.0,0.0,0.0,0,5
A_gap_change__RandomForest_unweighted_minus_GraphSAGE_reverse,A,,J_frozen,roc_auc,0.09356857179718743,0.05337525375730738,0.03773706618500838,0.1812991872016515,5,5
A_gap_change__RandomForest_unweighted_minus_GraphSAGE_reverse,A,,J_frozen,ap,0.0001256277556663603,0.0002981988908578047,-0.00011235656763149875,0.0004910548544452844,2,5
A_gap_change__RandomForest_unweighted_minus_GraphSAGE_reverse,A,,J_frozen,f1_val_threshold,0.0,0.0,0.0,0.0,0,5
A_gap_change__RandomForest_unweighted_minus_GraphSAGE_reverse,A,,J_frozen,p_at_5pct,0.0,0.0,0.0,0.0,0,5
A_gap_change__RandomForest_unweighted_minus_GraphSAGE_reverse,A,,J_frozen,r_at_10fpr,0.0,0.0,0.0,0.0,0,5
A_gap_change__RandomForest_unweighted_minus_GraphSAGE_reverse,A,,J_frozen,hits_at_budget,0.0,0.0,0.0,0.0,0,5
B_increment__MLP__271707,B,271707,J_frozen,roc_auc,0.04684556831376595,0.11365947100910825,-0.11740420590891498,0.19565217391304351,4,5
B_increment__MLP__271707,B,271707,J_frozen,ap,5.232661843625312e-05,0.00013633908579144719,-0.00015630755878998006,0.00021008374977166908,4,5
B_increment__MLP__271707,B,271707,J_frozen,f1_val_threshold,0.0,0.0,0.0,0.0,0,5
B_increment__MLP__271707,B,271707,J_frozen,p_at_5pct,0.0,0.0,0.0,0.0,0,5
B_increment__MLP__271707,B,271707,J_frozen,r_at_10fpr,0.0,0.0,0.0,0.0,0,5
B_increment__MLP__271707,B,271707,J_frozen,hits_at_budget,0.0,0.0,0.0,0.0,0,5
B_minus_ASOF__MLP__M5__271707,B,271707,J_frozen,roc_auc,0.08902077151335311,0.07483685323649734,-0.023029286543671812,0.15436717842858982,4,5
B_minus_ASOF__MLP__M5__271707,B,271707,J_frozen,ap,8.516896772746497e-05,7.886654947891894e-05,-1.9951901280638865e-05,0.00016815267852827976,4,5
B_minus_ASOF__MLP__M5__271707,B,271707,J_frozen,f1_val_threshold,0.0,0.0,0.0,0.0,0,5
B_minus_ASOF__MLP__M5__271707,B,271707,J_frozen,p_at_5pct,0.0,0.0,0.0,0.0,0,5
B_minus_ASOF__MLP__M5__271707,B,271707,J_frozen,r_at_10fpr,0.0,0.0,0.0,0.0,0,5
B_minus_ASOF__MLP__M5__271707,B,271707,J_frozen,hits_at_budget,0.0,0.0,0.0,0.0,0,5
B_minus_ASOF__MLP__M11__271707,B,271707,J_frozen,roc_auc,0.021184363307960252,0.0341575865309804,-0.032834472971229545,0.0519932911882337,4,5
B_minus_ASOF__MLP__M11__271707,B,271707,J_frozen,ap,3.124687064708137e-05,4.6641553035257755e-05,-4.272721402207014e-05,6.341220418606578e-05,4,5
B_minus_ASOF__MLP__M11__271707,B,271707,J_frozen,f1_val_threshold,0.0,0.0,0.0,0.0,0,5
B_minus_ASOF__MLP__M11__271707,B,271707,J_frozen,p_at_5pct,0.0,0.0,0.0,0.0,0,5
B_minus_ASOF__MLP__M11__271707,B,271707,J_frozen,r_at_10fpr,0.0,0.0,0.0,0.0,0,5
B_minus_ASOF__MLP__M11__271707,B,271707,J_frozen,hits_at_budget,0.0,0.0,0.0,0.0,0,5
B_increment_change__MLP__271707,B,271707,J_frozen,roc_auc,-0.06783640820539286,0.07752149664876727,-0.11901690104502638,0.06863630499290424,1,5
B_increment_change__MLP__271707,B,271707,J_frozen,ap,-5.3922097080383605e-05,8.76215401118479e-05,-0.00015568921354516374,8.328969475128765e-05,1,5
B_increment_change__MLP__271707,B,271707,J_frozen,f1_val_threshold,0.0,0.0,0.0,0.0,0,5
B_increment_change__MLP__271707,B,271707,J_frozen,p_at_5pct,0.0,0.0,0.0,0.0,0,5
B_increment_change__MLP__271707,B,271707,J_frozen,r_at_10fpr,0.0,0.0,0.0,0.0,0,5
B_increment_change__MLP__271707,B,271707,J_frozen,hits_at_budget,0.0,0.0,0.0,0.0,0,5
B_increment__MLP__271708,B,271708,J_frozen,roc_auc,0.06559153657592567,0.053328907469123964,-0.005999225906334615,0.11766223713069279,4,5
B_increment__MLP__271708,B,271708,J_frozen,ap,5.18473726248299e-05,9.395799387354224e-05,-0.00011301124266823641,0.00011040892405555537,4,5
B_increment__MLP__271708,B,271708,J_frozen,f1_val_threshold,0.0,0.0,0.0,0.0,0,5
B_increment__MLP__271708,B,271708,J_frozen,p_at_5pct,0.0,0.0,0.0,0.0,0,5
B_increment__MLP__271708,B,271708,J_frozen,r_at_10fpr,0.0,0.0,0.0,0.0,0,5
B_increment__MLP__271708,B,271708,J_frozen,hits_at_budget,0.0,0.0,0.0,0.0,0,5
B_minus_ASOF__MLP__M5__271708,B,271708,J_frozen,roc_auc,0.07507418397626114,0.04097478219680439,0.017094568442781566,0.11063088633724683,5,5
B_minus_ASOF__MLP__M5__271708,B,271708,J_frozen,ap,8.603153980230664e-05,5.252997999489059e-05,6.288880966931476e-06,0.00015041207478663754,5,5
B_minus_ASOF__MLP__M5__271708,B,271708,J_frozen,f1_val_threshold,0.0,0.0,0.0,0.0,0,5
B_minus_ASOF__MLP__M5__271708,B,271708,J_frozen,p_at_5pct,0.0,0.0,0.0,0.0,0,5
B_minus_ASOF__MLP__M5__271708,B,271708,J_frozen,r_at_10fpr,0.0,0.0,0.0,0.0,0,5
B_minus_ASOF__MLP__M5__271708,B,271708,J_frozen,hits_at_budget,0.0,0.0,0.0,0.0,0,5
B_minus_ASOF__MLP__M11__271708,B,271708,J_frozen,roc_auc,0.02598374403302801,0.040319659334266074,-0.02444845826344988,0.07179718745968255,3,5
B_minus_ASOF__MLP__M11__271708,B,271708,J_frozen,ap,3.163019691049982e-05,4.433650353900535e-05,-1.1479334129824723e-05,9.478682506991622e-05,3,5
B_minus_ASOF__MLP__M11__271708,B,271708,J_frozen,f1_val_threshold,0.0,0.0,0.0,0.0,0,5
B_minus_ASOF__MLP__M11__271708,B,271708,J_frozen,p_at_5pct,0.0,0.0,0.0,0.0,0,5
B_minus_ASOF__MLP__M11__271708,B,271708,J_frozen,r_at_10fpr,0.0,0.0,0.0,0.0,0,5
B_minus_ASOF__MLP__M11__271708,B,271708,J_frozen,hits_at_budget,0.0,0.0,0.0,0.0,0,5
B_increment_change__MLP__271708,B,271708,J_frozen,roc_auc,-0.04909043994323313,0.05063776442329141,-0.1350793446006967,-0.007611921042446013,0,5
B_increment_change__MLP__271708,B,271708,J_frozen,ap,-5.440134289180682e-05,5.43721453087665e-05,-0.00011394247621584623,-2.183441086264738e-06,0,5
B_increment_change__MLP__271708,B,271708,J_frozen,f1_val_threshold,0.0,0.0,0.0,0.0,0,5
B_increment_change__MLP__271708,B,271708,J_frozen,p_at_5pct,0.0,0.0,0.0,0.0,0,5
B_increment_change__MLP__271708,B,271708,J_frozen,r_at_10fpr,0.0,0.0,0.0,0.0,0,5
B_increment_change__MLP__271708,B,271708,J_frozen,hits_at_budget,0.0,0.0,0.0,0.0,0,5
B_increment__MLP__271709,B,271709,J_frozen,roc_auc,0.10912140368984644,0.08056770015260784,-0.01083731131466914,0.19829699393626637,4,5
B_increment__MLP__271709,B,271709,J_frozen,ap,8.730620440127062e-05,5.822358089931029e-05,-1.841520970085849e-06,0.00014725862233149004,4,5
B_increment__MLP__271709,B,271709,J_frozen,f1_val_threshold,0.0,0.0,0.0,0.0,0,5
B_increment__MLP__271709,B,271709,J_frozen,p_at_5pct,0.0,0.0,0.0,0.0,0,5
B_increment__MLP__271709,B,271709,J_frozen,r_at_10fpr,0.0,0.0,0.0,0.0,0,5
B_increment__MLP__271709,B,271709,J_frozen,hits_at_budget,0.0,0.0,0.0,0.0,0,5
B_minus_ASOF__MLP__M5__271709,B,271709,J_frozen,roc_auc,-0.024616178557605485,0.03732674361080459,-0.08837569345890856,0.009547155205779867,1,5
B_minus_ASOF__MLP__M5__271709,B,271709,J_frozen,ap,-1.7543429090661167e-05,2.3450884184806742e-05,-5.615053803864449e-05,6.744149733240064e-06,1,5
B_minus_ASOF__MLP__M5__271709,B,271709,J_frozen,f1_val_threshold,0.0,0.0,0.0,0.0,0,5
B_minus_ASOF__MLP__M5__271709,B,271709,J_frozen,p_at_5pct,0.0,0.0,0.0,0.0,0,5
B_minus_ASOF__MLP__M5__271709,B,271709,J_frozen,r_at_10fpr,0.0,0.0,0.0,0.0,0,5
B_minus_ASOF__MLP__M5__271709,B,271709,J_frozen,hits_at_budget,0.0,0.0,0.0,0.0,0,5
B_minus_ASOF__MLP__M11__271709,B,271709,J_frozen,roc_auc,-0.030176751386917843,0.04199454170819154,-0.08747258418268611,0.011933944007224917,2,5
B_minus_ASOF__MLP__M11__271709,B,271709,J_frozen,ap,-3.648594020602728e-05,5.459729718782863e-05,-0.00012124639384539519,1.094456658964671e-05,2,5
B_minus_ASOF__MLP__M11__271709,B,271709,J_frozen,f1_val_threshold,0.0,0.0,0.0,0.0,0,5
B_minus_ASOF__MLP__M11__271709,B,271709,J_frozen,p_at_5pct,0.0,0.0,0.0,0.0,0,5
B_minus_ASOF__MLP__M11__271709,B,271709,J_frozen,r_at_10fpr,0.0,0.0,0.0,0.0,0,5
B_minus_ASOF__MLP__M11__271709,B,271709,J_frozen,hits_at_budget,0.0,0.0,0.0,0.0,0,5
B_increment_change__MLP__271709,B,271709,J_frozen,roc_auc,-0.00556057282931236,0.04531971527784206,-0.07831247580957301,0.03560830860534131,2,5
B_increment_change__MLP__271709,B,271709,J_frozen,ap,-1.8942511115366115e-05,5.177634616046754e-05,-0.00011080688264314599,1.4741447411100112e-05,2,5
B_increment_change__MLP__271709,B,271709,J_frozen,f1_val_threshold,0.0,0.0,0.0,0.0,0,5
B_increment_change__MLP__271709,B,271709,J_frozen,p_at_5pct,0.0,0.0,0.0,0.0,0,5
B_increment_change__MLP__271709,B,271709,J_frozen,r_at_10fpr,0.0,0.0,0.0,0.0,0,5
B_increment_change__MLP__271709,B,271709,J_frozen,hits_at_budget,0.0,0.0,0.0,0.0,0,5
B_increment__MLP__mean3,B,mean3,J_frozen,roc_auc,0.0738528361931794,0.0764467750282126,-0.044746914376639524,0.1537221003741453,4,5
B_increment__MLP__mean3,B,mean3,J_frozen,ap,6.382673182078454e-05,9.19540263092557e-05,-9.038677414276741e-05,0.00014855412245722805,4,5
B_increment__MLP__mean3,B,mean3,J_frozen,f1_val_threshold,0.0,0.0,0.0,0.0,0,5
B_increment__MLP__mean3,B,mean3,J_frozen,p_at_5pct,0.0,0.0,0.0,0.0,0,5
B_increment__MLP__mean3,B,mean3,J_frozen,r_at_10fpr,0.0,0.0,0.0,0.0,0,5
B_increment__MLP__mean3,B,mean3,J_frozen,hits_at_budget,0.0,0.0,0.0,0.0,0,5
B_minus_ASOF__MLP__M5__mean3,B,mean3,J_frozen,roc_auc,0.04649292564400288,0.04625318461649713,-0.031436803853266276,0.0874080763772416,4,5
B_minus_ASOF__MLP__M5__mean3,B,mean3,J_frozen,ap,5.121902614637012e-05,4.768312244853959e-05,-2.3271186117450636e-05,9.999955622654177e-05,4,5
B_minus_ASOF__MLP__M5__mean3,B,mean3,J_frozen,f1_val_threshold,0.0,0.0,0.0,0.0,0,5
B_minus_ASOF__MLP__M5__mean3,B,mean3,J_frozen,p_at_5pct,0.0,0.0,0.0,0.0,0,5
B_minus_ASOF__MLP__M5__mean3,B,mean3,J_frozen,r_at_10fpr,0.0,0.0,0.0,0.0,0,5
B_minus_ASOF__MLP__M5__mean3,B,mean3,J_frozen,hits_at_budget,0.0,0.0,0.0,0.0,0,5
B_minus_ASOF__MLP__M11__mean3,B,mean3,J_frozen,roc_auc,0.005663785318023445,0.03581426198381061,-0.048251838472455205,0.044058831118565206,3,5
B_minus_ASOF__MLP__M11__mean3,B,mean3,J_frozen,ap,8.797042450517931e-06,4.391943041513016e-05,-5.848431399909672e-05,5.6381198615209526e-05,3,5
B_minus_ASOF__MLP__M11__mean3,B,mean3,J_frozen,f1_val_threshold,0.0,0.0,0.0,0.0,0,5
B_minus_ASOF__MLP__M11__mean3,B,mean3,J_frozen,p_at_5pct,0.0,0.0,0.0,0.0,0,5
B_minus_ASOF__MLP__M11__mean3,B,mean3,J_frozen,r_at_10fpr,0.0,0.0,0.0,0.0,0,5
B_minus_ASOF__MLP__M11__mean3,B,mean3,J_frozen,hits_at_budget,0.0,0.0,0.0,0.0,0,5
B_increment_change__MLP__mean3,B,mean3,J_frozen,roc_auc,-0.04082914032597942,0.044371043215741056,-0.09803036167376253,0.026706231454005996,1,5
B_increment_change__MLP__mean3,B,mean3,J_frozen,ap,-4.242198369585217e-05,5.123425632101205e-05,-9.962842504536863e-05,2.1760067436846616e-05,1,5
B_increment_change__MLP__mean3,B,mean3,J_frozen,f1_val_threshold,0.0,0.0,0.0,0.0,0,5
B_increment_change__MLP__mean3,B,mean3,J_frozen,p_at_5pct,0.0,0.0,0.0,0.0,0,5
B_increment_change__MLP__mean3,B,mean3,J_frozen,r_at_10fpr,0.0,0.0,0.0,0.0,0,5
B_increment_change__MLP__mean3,B,mean3,J_frozen,hits_at_budget,0.0,0.0,0.0,0.0,0,5
B0_42_minus_17__MLP,B0,,J_frozen,roc_auc,0.18466004386530774,0.18073807359162,-0.12108115081924908,0.32389369113662747,4,5
B0_42_minus_17__MLP,B0,,J_frozen,ap,0.00021365260079305722,0.00014885477997424228,-9.219362868381103e-06,0.00038676559733821433,4,5
B0_42_minus_17__MLP,B0,,J_frozen,f1_val_threshold,0.0,0.0,0.0,0.0,0,5
B0_42_minus_17__MLP,B0,,J_frozen,p_at_5pct,0.0,0.0,0.0,0.0,0,5
B0_42_minus_17__MLP,B0,,J_frozen,r_at_10fpr,0.0,0.0,0.0,0.0,0,5
B0_42_minus_17__MLP,B0,,J_frozen,hits_at_budget,0.0,0.0,0.0,0.0,0,5
B_increment__RandomForest_unweighted__271707,B,271707,J_frozen,roc_auc,0.00421881047606758,0.10230202086740997,-0.13456328215714097,0.12559669720036126,3,5
B_increment__RandomForest_unweighted__271707,B,271707,J_frozen,ap,8.935524580993734e-06,0.00023587432821126943,-0.00031007383416684634,0.00030015241175989694,3,5
B_increment__RandomForest_unweighted__271707,B,271707,J_frozen,f1_val_threshold,0.0,0.0,0.0,0.0,0,5
B_increment__RandomForest_unweighted__271707,B,271707,J_frozen,p_at_5pct,0.0,0.0,0.0,0.0,0,5
B_increment__RandomForest_unweighted__271707,B,271707,J_frozen,r_at_10fpr,0.0,0.0,0.0,0.0,0,5
B_increment__RandomForest_unweighted__271707,B,271707,J_frozen,hits_at_budget,0.0,0.0,0.0,0.0,0,5
B_minus_ASOF__RandomForest_unweighted__M5__271707,B,271707,J_frozen,roc_auc,-0.06487549993549217,0.08108771179495079,-0.1731066959102051,0.023480841181782952,1,5
B_minus_ASOF__RandomForest_unweighted__M5__271707,B,271707,J_frozen,ap,-0.000436261259402845,0.00020830457726547948,-0.0006916127360781121,-0.00012077906467876755,0,5
B_minus_ASOF__RandomForest_unweighted__M5__271707,B,271707,J_frozen,f1_val_threshold,0.0,0.0,0.0,0.0,0,5
B_minus_ASOF__RandomForest_unweighted__M5__271707,B,271707,J_frozen,p_at_5pct,0.0,0.0,0.0,0.0,0,5
B_minus_ASOF__RandomForest_unweighted__M5__271707,B,271707,J_frozen,r_at_10fpr,-0.3,0.2738612787525831,-0.5,0.0,0,5
B_minus_ASOF__RandomForest_unweighted__M5__271707,B,271707,J_frozen,hits_at_budget,0.0,0.0,0.0,0.0,0,5
B_minus_ASOF__RandomForest_unweighted__M11__271707,B,271707,J_frozen,roc_auc,-0.1374596826215972,0.06719592809464131,-0.23538898206683,-0.051896529480066955,0,5
B_minus_ASOF__RandomForest_unweighted__M11__271707,B,271707,J_frozen,ap,-0.0005044622973844875,0.0002585843366962774,-0.0009426792518912267,-0.00026059653141149585,0,5
B_minus_ASOF__RandomForest_unweighted__M11__271707,B,271707,J_frozen,f1_val_threshold,0.0,0.0,0.0,0.0,0,5
B_minus_ASOF__RandomForest_unweighted__M11__271707,B,271707,J_frozen,p_at_5pct,0.0,0.0,0.0,0.0,0,5
B_minus_ASOF__RandomForest_unweighted__M11__271707,B,271707,J_frozen,r_at_10fpr,-0.1,0.22360679774997902,-0.5,0.0,0,5
B_minus_ASOF__RandomForest_unweighted__M11__271707,B,271707,J_frozen,hits_at_budget,0.0,0.0,0.0,0.0,0,5
B_increment_change__RandomForest_unweighted__271707,B,271707,J_frozen,roc_auc,-0.07258418268610503,0.11495639708696735,-0.25886982324861296,0.027512579022061612,2,5
B_increment_change__RandomForest_unweighted__271707,B,271707,J_frozen,ap,-6.820103798164255e-05,0.0004434152139145096,-0.0008219001872124593,0.0002760868326202394,2,5
B_increment_change__RandomForest_unweighted__271707,B,271707,J_frozen,f1_val_threshold,0.0,0.0,0.0,0.0,0,5
B_increment_change__RandomForest_unweighted__271707,B,271707,J_frozen,p_at_5pct,0.0,0.0,0.0,0.0,0,5
B_increment_change__RandomForest_unweighted__271707,B,271707,J_frozen,r_at_10fpr,0.2,0.2738612787525831,0.0,0.5,2,5
B_increment_change__RandomForest_unweighted__271707,B,271707,J_frozen,hits_at_budget,0.0,0.0,0.0,0.0,0,5
B_increment__RandomForest_unweighted__271708,B,271708,J_frozen,roc_auc,0.10456715262546767,0.17022938396494497,-0.012643529867113923,0.4046252096503677,4,5
B_increment__RandomForest_unweighted__271708,B,271708,J_frozen,ap,0.00014571767028568423,0.0001967866618478869,8.016104539989037e-06,0.00048635580899652326,5,5
B_increment__RandomForest_unweighted__271708,B,271708,J_frozen,f1_val_threshold,0.0,0.0,0.0,0.0,0,5
B_increment__RandomForest_unweighted__271708,B,271708,J_frozen,p_at_5pct,0.0,0.0,0.0,0.0,0,5
B_increment__RandomForest_unweighted__271708,B,271708,J_frozen,r_at_10fpr,0.0,0.0,0.0,0.0,0,5
B_increment__RandomForest_unweighted__271708,B,271708,J_frozen,hits_at_budget,0.0,0.0,0.0,0.0,0,5
B_minus_ASOF__RandomForest_unweighted__M5__271708,B,271708,J_frozen,roc_auc,-0.1831376596568185,0.13464548440045424,-0.3968197651915882,-0.024287188749838706,0,5
B_minus_ASOF__RandomForest_unweighted__M5__271708,B,271708,J_frozen,ap,-0.0005975071812986934,0.00015420093423535385,-0.0007505570409585135,-0.0003549867529664333,0,5
B_minus_ASOF__RandomForest_unweighted__M5__271708,B,271708,J_frozen,f1_val_threshold,0.0,0.0,0.0,0.0,0,5
B_minus_ASOF__RandomForest_unweighted__M5__271708,B,271708,J_frozen,p_at_5pct,0.0,0.0,0.0,0.0,0,5
B_minus_ASOF__RandomForest_unweighted__M5__271708,B,271708,J_frozen,r_at_10fpr,-0.3,0.2738612787525831,-0.5,0.0,0,5
B_minus_ASOF__RandomForest_unweighted__M5__271708,B,271708,J_frozen,hits_at_budget,0.0,0.0,0.0,0.0,0,5
B_minus_ASOF__RandomForest_unweighted__M11__271708,B,271708,J_frozen,roc_auc,-0.15537350019352342,0.03543797954722856,-0.19532963488582122,-0.11650109663269248,0,5
B_minus_ASOF__RandomForest_unweighted__M11__271708,B,271708,J_frozen,ap,-0.0005289260735756455,0.00010544148013990721,-0.0006822808916722643,-0.0004201130835782211,0,5
B_minus_ASOF__RandomForest_unweighted__M11__271708,B,271708,J_frozen,f1_val_threshold,0.0,0.0,0.0,0.0,0,5
B_minus_ASOF__RandomForest_unweighted__M11__271708,B,271708,J_frozen,p_at_5pct,0.0,0.0,0.0,0.0,0,5
B_minus_ASOF__RandomForest_unweighted__M11__271708,B,271708,J_frozen,r_at_10fpr,-0.1,0.22360679774997902,-0.5,0.0,0,5
B_minus_ASOF__RandomForest_unweighted__M11__271708,B,271708,J_frozen,hits_at_budget,0.0,0.0,0.0,0.0,0,5
B_increment_change__RandomForest_unweighted__271708,B,271708,J_frozen,roc_auc,0.02776415946329508,0.1503164690310483,-0.11692039736808146,0.2803186685588957,2,5
B_increment_change__RandomForest_unweighted__271708,B,271708,J_frozen,ap,6.858110772304797e-05,0.00014465536147229696,-9.218092842152258e-05,0.00025918384493807975,3,5
B_increment_change__RandomForest_unweighted__271708,B,271708,J_frozen,f1_val_threshold,0.0,0.0,0.0,0.0,0,5
B_increment_change__RandomForest_unweighted__271708,B,271708,J_frozen,p_at_5pct,0.0,0.0,0.0,0.0,0,5
B_increment_change__RandomForest_unweighted__271708,B,271708,J_frozen,r_at_10fpr,0.2,0.2738612787525831,0.0,0.5,2,5
B_increment_change__RandomForest_unweighted__271708,B,271708,J_frozen,hits_at_budget,0.0,0.0,0.0,0.0,0,5
B_increment__RandomForest_unweighted__271709,B,271709,J_frozen,roc_auc,0.0821442394529738,0.08590459425760884,-0.05634756805573471,0.16220487679009155,4,5
B_increment__RandomForest_unweighted__271709,B,271709,J_frozen,ap,0.00012632977742654312,0.00018361285194225442,-6.606486065075423e-05,0.00040227417068466794,4,5
B_increment__RandomForest_unweighted__271709,B,271709,J_frozen,f1_val_threshold,0.0,0.0,0.0,0.0,0,5
B_increment__RandomForest_unweighted__271709,B,271709,J_frozen,p_at_5pct,0.0,0.0,0.0,0.0,0,5
B_increment__RandomForest_unweighted__271709,B,271709,J_frozen,r_at_10fpr,0.0,0.0,0.0,0.0,0,5
B_increment__RandomForest_unweighted__271709,B,271709,J_frozen,hits_at_budget,0.0,0.0,0.0,0.0,0,5
B_minus_ASOF__RandomForest_unweighted__M5__271709,B,271709,J_frozen,roc_auc,-0.16347568055734743,0.06725192644595694,-0.26612695136111464,-0.07818346019868405,0,5
B_minus_ASOF__RandomForest_unweighted__M5__271709,B,271709,J_frozen,ap,-0.0005669710891491724,7.807025761593621e-05,-0.0006760804749453401,-0.00048440078109547455,0,5
B_minus_ASOF__RandomForest_unweighted__M5__271709,B,271709,J_frozen,f1_val_threshold,0.0,0.0,0.0,0.0,0,5
B_minus_ASOF__RandomForest_unweighted__M5__271709,B,271709,J_frozen,p_at_5pct,0.0,0.0,0.0,0.0,0,5
B_minus_ASOF__RandomForest_unweighted__M5__271709,B,271709,J_frozen,r_at_10fpr,-0.3,0.2738612787525831,-0.5,0.0,0,5
B_minus_ASOF__RandomForest_unweighted__M5__271709,B,271709,J_frozen,hits_at_budget,0.0,0.0,0.0,0.0,0,5
B_minus_ASOF__RandomForest_unweighted__M11__271709,B,271709,J_frozen,roc_auc,-0.15813443426654622,0.06551784093968391,-0.2422268094439427,-0.0684427815765708,0,5
B_minus_ASOF__RandomForest_unweighted__M11__271709,B,271709,J_frozen,ap,-0.0005177778742852656,0.00023615028940828257,-0.0008017692517153121,-0.00019209213197946798,0,5
B_minus_ASOF__RandomForest_unweighted__M11__271709,B,271709,J_frozen,f1_val_threshold,0.0,0.0,0.0,0.0,0,5
B_minus_ASOF__RandomForest_unweighted__M11__271709,B,271709,J_frozen,p_at_5pct,0.0,0.0,0.0,0.0,0,5
B_minus_ASOF__RandomForest_unweighted__M11__271709,B,271709,J_frozen,r_at_10fpr,-0.1,0.22360679774997902,-0.5,0.0,0,5
B_minus_ASOF__RandomForest_unweighted__M11__271709,B,271709,J_frozen,hits_at_budget,0.0,0.0,0.0,0.0,0,5
B_increment_change__RandomForest_unweighted__271709,B,271709,J_frozen,roc_auc,0.005341246290801194,0.10811424141496227,-0.114049800025803,0.1378209263320861,3,5
B_increment_change__RandomForest_unweighted__271709,B,271709,J_frozen,ap,4.919321486390683e-05,0.00022679163498565662,-0.00030090595185427554,0.00029230864911600657,3,5
B_increment_change__RandomForest_unweighted__271709,B,271709,J_frozen,f1_val_threshold,0.0,0.0,0.0,0.0,0,5
B_increment_change__RandomForest_unweighted__271709,B,271709,J_frozen,p_at_5pct,0.0,0.0,0.0,0.0,0,5
B_increment_change__RandomForest_unweighted__271709,B,271709,J_frozen,r_at_10fpr,0.2,0.2738612787525831,0.0,0.5,2,5
B_increment_change__RandomForest_unweighted__271709,B,271709,J_frozen,hits_at_budget,0.0,0.0,0.0,0.0,0,5
B_increment__RandomForest_unweighted__mean3,B,mean3,J_frozen,roc_auc,0.06364340085150304,0.0559861086333583,-0.020868275061282415,0.1344880230507891,4,5
B_increment__RandomForest_unweighted__mean3,B,mean3,J_frozen,ap,9.366099076440702e-05,7.992918135807698e-05,-2.4617163952159654e-05,0.0001663807418523006,4,5
B_increment__RandomForest_unweighted__mean3,B,mean3,J_frozen,f1_val_threshold,0.0,0.0,0.0,0.0,0,5
B_increment__RandomForest_unweighted__mean3,B,mean3,J_frozen,p_at_5pct,0.0,0.0,0.0,0.0,0,5
B_increment__RandomForest_unweighted__mean3,B,mean3,J_frozen,r_at_10fpr,0.0,0.0,0.0,0.0,0,5
B_increment__RandomForest_unweighted__mean3,B,mean3,J_frozen,hits_at_budget,0.0,0.0,0.0,0.0,0,5
B_minus_ASOF__RandomForest_unweighted__M5__mean3,B,mean3,J_frozen,roc_auc,-0.13716294671655274,0.06405622301680917,-0.19755515417365505,-0.03514600266632262,0,5
B_minus_ASOF__RandomForest_unweighted__M5__mean3,B,mean3,J_frozen,ap,-0.0005335798432835703,0.0001147749852526612,-0.0006710165614710368,-0.0004083181795019153,0,5
B_minus_ASOF__RandomForest_unweighted__M5__mean3,B,mean3,J_frozen,f1_val_threshold,0.0,0.0,0.0,0.0,0,5
B_minus_ASOF__RandomForest_unweighted__M5__mean3,B,mean3,J_frozen,p_at_5pct,0.0,0.0,0.0,0.0,0,5
B_minus_ASOF__RandomForest_unweighted__M5__mean3,B,mean3,J_frozen,r_at_10fpr,-0.3,0.2738612787525831,-0.5,0.0,0,5
B_minus_ASOF__RandomForest_unweighted__M5__mean3,B,mean3,J_frozen,hits_at_budget,0.0,0.0,0.0,0.0,0,5
B_minus_ASOF__RandomForest_unweighted__M11__mean3,B,mean3,J_frozen,roc_auc,-0.15032253902722234,0.02355057849708416,-0.17456887283361297,-0.12336042661162011,0,5
B_minus_ASOF__RandomForest_unweighted__M11__mean3,B,mean3,J_frozen,ap,-0.0005170554150817996,0.00017266972550721385,-0.0008089097984262677,-0.00035190295921827617,0,5
B_minus_ASOF__RandomForest_unweighted__M11__mean3,B,mean3,J_frozen,f1_val_threshold,0.0,0.0,0.0,0.0,0,5
B_minus_ASOF__RandomForest_unweighted__M11__mean3,B,mean3,J_frozen,p_at_5pct,0.0,0.0,0.0,0.0,0,5
B_minus_ASOF__RandomForest_unweighted__M11__mean3,B,mean3,J_frozen,r_at_10fpr,-0.1,0.22360679774997902,-0.5,0.0,0,5
B_minus_ASOF__RandomForest_unweighted__M11__mean3,B,mean3,J_frozen,hits_at_budget,0.0,0.0,0.0,0.0,0,5
B_increment_change__RandomForest_unweighted__mean3,B,mean3,J_frozen,roc_auc,-0.01315959231066956,0.05796174145194081,-0.09329978927450211,0.04276867500967613,3,5
B_increment_change__RandomForest_unweighted__mean3,B,mean3,J_frozen,ap,1.6524428201770726e-05,0.00023098869015747287,-0.00038275889437194144,0.00021441777396289296,4,5
B_increment_change__RandomForest_unweighted__mean3,B,mean3,J_frozen,f1_val_threshold,0.0,0.0,0.0,0.0,0,5
B_increment_change__RandomForest_unweighted__mean3,B,mean3,J_frozen,p_at_5pct,0.0,0.0,0.0,0.0,0,5
B_increment_change__RandomForest_unweighted__mean3,B,mean3,J_frozen,r_at_10fpr,0.2,0.2738612787525831,0.0,0.5,2,5
B_increment_change__RandomForest_unweighted__mean3,B,mean3,J_frozen,hits_at_budget,0.0,0.0,0.0,0.0,0,5
B0_42_minus_17__RandomForest_unweighted,B0,,J_frozen,roc_auc,-0.15425751515933425,0.08641542459585792,-0.26499806476583676,-0.043962069410398597,0,5
B0_42_minus_17__RandomForest_unweighted,B0,,J_frozen,ap,-0.00011380639185429241,7.033543535357761e-05,-0.0002114105164252347,-3.1476808432101544e-05,0,5
B0_42_minus_17__RandomForest_unweighted,B0,,J_frozen,f1_val_threshold,-0.00047606479135649347,0.00027768752130776116,-0.0006745362563237774,0.0,0,5
B0_42_minus_17__RandomForest_unweighted,B0,,J_frozen,p_at_5pct,0.0,0.0,0.0,0.0,0,5
B0_42_minus_17__RandomForest_unweighted,B0,,J_frozen,r_at_10fpr,0.0,0.0,0.0,0.0,0,5
B0_42_minus_17__RandomForest_unweighted,B0,,J_frozen,hits_at_budget,0.0,0.0,0.0,0.0,0,5
