design,run_id,condition,model_seed,metric,n_deletions,estimable_deletions,influence_min,influence_max
D_leave_one_positive_out,A_docpurged__MLP__M11__seed42,A|MLP|M11,42,roc_auc,7,7,0.6313329372152902,0.6979599920776391
D_leave_one_positive_out,A_docpurged__MLP__M11__seed42,A|MLP|M11,42,ap,7,7,0.0010922813575978067,0.001439531417671146
D_leave_one_positive_out,A_docpurged__MLP__M11__seed42,A|MLP|M11,42,f1_val_threshold,7,7,0.0,0.0
D_leave_one_positive_out,A_docpurged__MLP__M11__seed42,A|MLP|M11,42,p_at_5pct,7,7,0.0,0.0
D_leave_one_positive_out,A_docpurged__MLP__M11__seed42,A|MLP|M11,42,r_at_10fpr,7,7,0.0,0.16666666666666666
D_leave_one_positive_out,A_docpurged__MLP__M11__seed42,A|MLP|M11,42,hits_at_budget,7,7,0.0,0.0
D_leave_one_positive_out,A_docpurged__MLP__M11__seed123,A|MLP|M11,123,roc_auc,7,7,0.6208160031689444,0.7253713606654782
D_leave_one_positive_out,A_docpurged__MLP__M11__seed123,A|MLP|M11,123,ap,7,7,0.0010981296670826088,0.0015373007408040359
D_leave_one_positive_out,A_docpurged__MLP__M11__seed123,A|MLP|M11,123,f1_val_threshold,7,7,0.0,0.0
D_leave_one_positive_out,A_docpurged__MLP__M11__seed123,A|MLP|M11,123,p_at_5pct,7,7,0.0,0.0
D_leave_one_positive_out,A_docpurged__MLP__M11__seed123,A|MLP|M11,123,r_at_10fpr,7,7,0.0,0.0
D_leave_one_positive_out,A_docpurged__MLP__M11__seed123,A|MLP|M11,123,hits_at_budget,7,7,0.0,0.0
D_leave_one_positive_out,A_docpurged__MLP__M11__seed456,A|MLP|M11,456,roc_auc,7,7,0.6198653198653199,0.7190532778768073
D_leave_one_positive_out,A_docpurged__MLP__M11__seed456,A|MLP|M11,456,ap,7,7,0.0010948176547562265,0.0015469602090489353
D_leave_one_positive_out,A_docpurged__MLP__M11__seed456,A|MLP|M11,456,f1_val_threshold,7,7,0.0,0.0
D_leave_one_positive_out,A_docpurged__MLP__M11__seed456,A|MLP|M11,456,p_at_5pct,7,7,0.0,0.0
D_leave_one_positive_out,A_docpurged__MLP__M11__seed456,A|MLP|M11,456,r_at_10fpr,7,7,0.0,0.16666666666666666
D_leave_one_positive_out,A_docpurged__MLP__M11__seed456,A|MLP|M11,456,hits_at_budget,7,7,0.0,0.0
D_leave_one_positive_out,A_docpurged__MLP__M11__seed789,A|MLP|M11,789,roc_auc,7,7,0.6237274707862943,0.6909487027134086
D_leave_one_positive_out,A_docpurged__MLP__M11__seed789,A|MLP|M11,789,ap,7,7,0.0010378002928393322,0.0012811277814105354
D_leave_one_positive_out,A_docpurged__MLP__M11__seed789,A|MLP|M11,789,f1_val_threshold,7,7,0.0,0.0
D_leave_one_positive_out,A_docpurged__MLP__M11__seed789,A|MLP|M11,789,p_at_5pct,7,7,0.0,0.0
D_leave_one_positive_out,A_docpurged__MLP__M11__seed789,A|MLP|M11,789,r_at_10fpr,7,7,0.0,0.0
D_leave_one_positive_out,A_docpurged__MLP__M11__seed789,A|MLP|M11,789,hits_at_budget,7,7,0.0,0.0
D_leave_one_positive_out,A_docpurged__MLP__M11__seed1024,A|MLP|M11,1024,roc_auc,7,7,0.6707268766092296,0.726678550207962
D_leave_one_positive_out,A_docpurged__MLP__M11__seed1024,A|MLP|M11,1024,ap,7,7,0.0011895680182969265,0.0014499563471277368
D_leave_one_positive_out,A_docpurged__MLP__M11__seed1024,A|MLP|M11,1024,f1_val_threshold,7,7,0.0,0.0
D_leave_one_positive_out,A_docpurged__MLP__M11__seed1024,A|MLP|M11,1024,p_at_5pct,7,7,0.0,0.0
D_leave_one_positive_out,A_docpurged__MLP__M11__seed1024,A|MLP|M11,1024,r_at_10fpr,7,7,0.0,0.0
D_leave_one_positive_out,A_docpurged__MLP__M11__seed1024,A|MLP|M11,1024,hits_at_budget,7,7,0.0,0.0
D_leave_one_positive_out,A_docpurged__RandomForest_unweighted__M11__seed42,A|RandomForest_unweighted|M11,42,roc_auc,7,7,0.6539413745296099,0.7417607447019212
D_leave_one_positive_out,A_docpurged__RandomForest_unweighted__M11__seed42,A|RandomForest_unweighted|M11,42,ap,7,7,0.0011408038594148168,0.0015332323222923725
D_leave_one_positive_out,A_docpurged__RandomForest_unweighted__M11__seed42,A|RandomForest_unweighted|M11,42,f1_val_threshold,7,7,0.0,0.0
D_leave_one_positive_out,A_docpurged__RandomForest_unweighted__M11__seed42,A|RandomForest_unweighted|M11,42,p_at_5pct,7,7,0.0,0.0
D_leave_one_positive_out,A_docpurged__RandomForest_unweighted__M11__seed42,A|RandomForest_unweighted|M11,42,r_at_10fpr,7,7,0.0,0.16666666666666666
D_leave_one_positive_out,A_docpurged__RandomForest_unweighted__M11__seed42,A|RandomForest_unweighted|M11,42,hits_at_budget,7,7,0.0,0.0
D_leave_one_positive_out,A_docpurged__RandomForest_unweighted__M11__seed123,A|RandomForest_unweighted|M11,123,roc_auc,7,7,0.7046642899584077,0.7876609229550406
D_leave_one_positive_out,A_docpurged__RandomForest_unweighted__M11__seed123,A|RandomForest_unweighted|M11,123,ap,7,7,0.0013134556451811852,0.0017464227472575988
D_leave_one_positive_out,A_docpurged__RandomForest_unweighted__M11__seed123,A|RandomForest_unweighted|M11,123,f1_val_threshold,7,7,0.0,0.0
D_leave_one_positive_out,A_docpurged__RandomForest_unweighted__M11__seed123,A|RandomForest_unweighted|M11,123,p_at_5pct,7,7,0.0,0.0
D_leave_one_positive_out,A_docpurged__RandomForest_unweighted__M11__seed123,A|RandomForest_unweighted|M11,123,r_at_10fpr,7,7,0.0,0.0
D_leave_one_positive_out,A_docpurged__RandomForest_unweighted__M11__seed123,A|RandomForest_unweighted|M11,123,hits_at_budget,7,7,0.0,0.0
D_leave_one_positive_out,A_docpurged__RandomForest_unweighted__M11__seed456,A|RandomForest_unweighted|M11,456,roc_auc,7,7,0.718013468013468,0.7648940384234502
D_leave_one_positive_out,A_docpurged__RandomForest_unweighted__M11__seed456,A|RandomForest_unweighted|M11,456,ap,7,7,0.0014709172552840179,0.0018101597510828508
D_leave_one_positive_out,A_docpurged__RandomForest_unweighted__M11__seed456,A|RandomForest_unweighted|M11,456,f1_val_threshold,7,7,0.0,0.0
D_leave_one_positive_out,A_docpurged__RandomForest_unweighted__M11__seed456,A|RandomForest_unweighted|M11,456,p_at_5pct,7,7,0.0,0.0
D_leave_one_positive_out,A_docpurged__RandomForest_unweighted__M11__seed456,A|RandomForest_unweighted|M11,456,r_at_10fpr,7,7,0.0,0.16666666666666666
D_leave_one_positive_out,A_docpurged__RandomForest_unweighted__M11__seed456,A|RandomForest_unweighted|M11,456,hits_at_budget,7,7,0.0,0.0
D_leave_one_positive_out,A_docpurged__RandomForest_unweighted__M11__seed789,A|RandomForest_unweighted|M11,789,roc_auc,7,7,0.647910477322242,0.7345712022182611
D_leave_one_positive_out,A_docpurged__RandomForest_unweighted__M11__seed789,A|RandomForest_unweighted|M11,789,ap,7,7,0.0011324296874566104,0.0015545614805842756
D_leave_one_positive_out,A_docpurged__RandomForest_unweighted__M11__seed789,A|RandomForest_unweighted|M11,789,f1_val_threshold,7,7,0.0,0.0
D_leave_one_positive_out,A_docpurged__RandomForest_unweighted__M11__seed789,A|RandomForest_unweighted|M11,789,p_at_5pct,7,7,0.0,0.0
D_leave_one_positive_out,A_docpurged__RandomForest_unweighted__M11__seed789,A|RandomForest_unweighted|M11,789,r_at_10fpr,7,7,0.0,0.16666666666666666
D_leave_one_positive_out,A_docpurged__RandomForest_unweighted__M11__seed789,A|RandomForest_unweighted|M11,789,hits_at_budget,7,7,0.0,0.0
D_leave_one_positive_out,A_docpurged__RandomForest_unweighted__M11__seed1024,A|RandomForest_unweighted|M11,1024,roc_auc,7,7,0.6724796989502871,0.7570409982174688
D_leave_one_positive_out,A_docpurged__RandomForest_unweighted__M11__seed1024,A|RandomForest_unweighted|M11,1024,ap,7,7,0.0012190130718075017,0.0016282152812458553
D_leave_one_positive_out,A_docpurged__RandomForest_unweighted__M11__seed1024,A|RandomForest_unweighted|M11,1024,f1_val_threshold,7,7,0.0,0.0
D_leave_one_positive_out,A_docpurged__RandomForest_unweighted__M11__seed1024,A|RandomForest_unweighted|M11,1024,p_at_5pct,7,7,0.0,0.0
D_leave_one_positive_out,A_docpurged__RandomForest_unweighted__M11__seed1024,A|RandomForest_unweighted|M11,1024,r_at_10fpr,7,7,0.0,0.16666666666666666
D_leave_one_positive_out,A_docpurged__RandomForest_unweighted__M11__seed1024,A|RandomForest_unweighted|M11,1024,hits_at_budget,7,7,0.0,0.0
D_leave_one_positive_out,A_docpurged__GCN_reverse__M11__seed42,A|GCN_reverse|M11,42,roc_auc,7,7,0.6379877203406615,0.7389185977421271
D_leave_one_positive_out,A_docpurged__GCN_reverse__M11__seed42,A|GCN_reverse|M11,42,ap,7,7,0.0011148895793343834,0.0031127671031224474
D_leave_one_positive_out,A_docpurged__GCN_reverse__M11__seed42,A|GCN_reverse|M11,42,f1_val_threshold,7,7,0.0,0.010582010582010581
D_leave_one_positive_out,A_docpurged__GCN_reverse__M11__seed42,A|GCN_reverse|M11,42,p_at_5pct,7,7,0.0,0.002369668246445498
D_leave_one_positive_out,A_docpurged__GCN_reverse__M11__seed42,A|GCN_reverse|M11,42,r_at_10fpr,7,7,0.0,0.16666666666666666
D_leave_one_positive_out,A_docpurged__GCN_reverse__M11__seed42,A|GCN_reverse|M11,42,hits_at_budget,7,7,0.0,1.0
D_leave_one_positive_out,A_docpurged__GCN_reverse__M11__seed123,A|GCN_reverse|M11,123,roc_auc,7,7,0.7297286591404238,0.8102792632204396
D_leave_one_positive_out,A_docpurged__GCN_reverse__M11__seed123,A|GCN_reverse|M11,123,ap,7,7,0.0017247956502903427,0.003962173160775602
D_leave_one_positive_out,A_docpurged__GCN_reverse__M11__seed123,A|GCN_reverse|M11,123,f1_val_threshold,7,7,0.0,0.0072992700729927005
D_leave_one_positive_out,A_docpurged__GCN_reverse__M11__seed123,A|GCN_reverse|M11,123,p_at_5pct,7,7,0.0,0.002369668246445498
D_leave_one_positive_out,A_docpurged__GCN_reverse__M11__seed123,A|GCN_reverse|M11,123,r_at_10fpr,7,7,0.16666666666666666,0.3333333333333333
D_leave_one_positive_out,A_docpurged__GCN_reverse__M11__seed123,A|GCN_reverse|M11,123,hits_at_budget,7,7,0.0,1.0
D_leave_one_positive_out,A_docpurged__GCN_reverse__M11__seed456,A|GCN_reverse|M11,456,roc_auc,7,7,0.6462467815408992,0.7628243216478511
D_leave_one_positive_out,A_docpurged__GCN_reverse__M11__seed456,A|GCN_reverse|M11,456,ap,7,7,0.0013199081110054445,0.0025802007989559725
D_leave_one_positive_out,A_docpurged__GCN_reverse__M11__seed456,A|GCN_reverse|M11,456,f1_val_threshold,7,7,0.0,0.007142857142857143
D_leave_one_positive_out,A_docpurged__GCN_reverse__M11__seed456,A|GCN_reverse|M11,456,p_at_5pct,7,7,0.0,0.002369668246445498
D_leave_one_positive_out,A_docpurged__GCN_reverse__M11__seed456,A|GCN_reverse|M11,456,r_at_10fpr,7,7,0.16666666666666666,0.3333333333333333
D_leave_one_positive_out,A_docpurged__GCN_reverse__M11__seed456,A|GCN_reverse|M11,456,hits_at_budget,7,7,0.0,1.0
D_leave_one_positive_out,A_docpurged__GCN_reverse__M11__seed789,A|GCN_reverse|M11,789,roc_auc,7,7,0.6966528025351555,0.7996831055654585
D_leave_one_positive_out,A_docpurged__GCN_reverse__M11__seed789,A|GCN_reverse|M11,789,ap,7,7,0.0014900276744548135,0.003461522124318957
D_leave_one_positive_out,A_docpurged__GCN_reverse__M11__seed789,A|GCN_reverse|M11,789,f1_val_threshold,7,7,0.0,0.015267175572519083
D_leave_one_positive_out,A_docpurged__GCN_reverse__M11__seed789,A|GCN_reverse|M11,789,p_at_5pct,7,7,0.0,0.002369668246445498
D_leave_one_positive_out,A_docpurged__GCN_reverse__M11__seed789,A|GCN_reverse|M11,789,r_at_10fpr,7,7,0.16666666666666666,0.3333333333333333
D_leave_one_positive_out,A_docpurged__GCN_reverse__M11__seed789,A|GCN_reverse|M11,789,hits_at_budget,7,7,0.0,1.0
D_leave_one_positive_out,A_docpurged__GCN_reverse__M11__seed1024,A|GCN_reverse|M11,1024,roc_auc,7,7,0.6984353337294513,0.8204396910279264
D_leave_one_positive_out,A_docpurged__GCN_reverse__M11__seed1024,A|GCN_reverse|M11,1024,ap,7,7,0.0016636384886833083,0.004013723603181557
D_leave_one_positive_out,A_docpurged__GCN_reverse__M11__seed1024,A|GCN_reverse|M11,1024,f1_val_threshold,7,7,0.0,0.0
D_leave_one_positive_out,A_docpurged__GCN_reverse__M11__seed1024,A|GCN_reverse|M11,1024,p_at_5pct,7,7,0.0,0.002369668246445498
D_leave_one_positive_out,A_docpurged__GCN_reverse__M11__seed1024,A|GCN_reverse|M11,1024,r_at_10fpr,7,7,0.3333333333333333,0.5
D_leave_one_positive_out,A_docpurged__GCN_reverse__M11__seed1024,A|GCN_reverse|M11,1024,hits_at_budget,7,7,0.0,1.0
D_leave_one_positive_out,A_docpurged__GraphSAGE_reverse__M11__seed42,A|GraphSAGE_reverse|M11,42,roc_auc,7,7,0.6307981778570013,0.7374331550802139
D_leave_one_positive_out,A_docpurged__GraphSAGE_reverse__M11__seed42,A|GraphSAGE_reverse|M11,42,ap,7,7,0.0013846103580628087,0.0020238652865211585
D_leave_one_positive_out,A_docpurged__GraphSAGE_reverse__M11__seed42,A|GraphSAGE_reverse|M11,42,f1_val_threshold,7,7,0.0,0.0
D_leave_one_positive_out,A_docpurged__GraphSAGE_reverse__M11__seed42,A|GraphSAGE_reverse|M11,42,p_at_5pct,7,7,0.0,0.0
D_leave_one_positive_out,A_docpurged__GraphSAGE_reverse__M11__seed42,A|GraphSAGE_reverse|M11,42,r_at_10fpr,7,7,0.3333333333333333,0.5
D_leave_one_positive_out,A_docpurged__GraphSAGE_reverse__M11__seed42,A|GraphSAGE_reverse|M11,42,hits_at_budget,7,7,0.0,0.0
D_leave_one_positive_out,A_docpurged__GraphSAGE_reverse__M11__seed123,A|GraphSAGE_reverse|M11,123,roc_auc,7,7,0.6320855614973262,0.7149336502277679
D_leave_one_positive_out,A_docpurged__GraphSAGE_reverse__M11__seed123,A|GraphSAGE_reverse|M11,123,ap,7,7,0.0011086266862178006,0.0014768659365867439
D_leave_one_positive_out,A_docpurged__GraphSAGE_reverse__M11__seed123,A|GraphSAGE_reverse|M11,123,f1_val_threshold,7,7,0.0,0.0
D_leave_one_positive_out,A_docpurged__GraphSAGE_reverse__M11__seed123,A|GraphSAGE_reverse|M11,123,p_at_5pct,7,7,0.0,0.0
D_leave_one_positive_out,A_docpurged__GraphSAGE_reverse__M11__seed123,A|GraphSAGE_reverse|M11,123,r_at_10fpr,7,7,0.0,0.0
D_leave_one_positive_out,A_docpurged__GraphSAGE_reverse__M11__seed123,A|GraphSAGE_reverse|M11,123,hits_at_budget,7,7,0.0,0.0
D_leave_one_positive_out,A_docpurged__GraphSAGE_reverse__M11__seed456,A|GraphSAGE_reverse|M11,456,roc_auc,7,7,0.4951871657754011,0.6394731630025747
D_leave_one_positive_out,A_docpurged__GraphSAGE_reverse__M11__seed456,A|GraphSAGE_reverse|M11,456,ap,7,7,0.0008888136622564645,0.0012977486717969547
D_leave_one_positive_out,A_docpurged__GraphSAGE_reverse__M11__seed456,A|GraphSAGE_reverse|M11,456,f1_val_threshold,7,7,0.0,0.0
D_leave_one_positive_out,A_docpurged__GraphSAGE_reverse__M11__seed456,A|GraphSAGE_reverse|M11,456,p_at_5pct,7,7,0.0,0.0
D_leave_one_positive_out,A_docpurged__GraphSAGE_reverse__M11__seed456,A|GraphSAGE_reverse|M11,456,r_at_10fpr,7,7,0.0,0.16666666666666666
D_leave_one_positive_out,A_docpurged__GraphSAGE_reverse__M11__seed456,A|GraphSAGE_reverse|M11,456,hits_at_budget,7,7,0.0,0.0
D_leave_one_positive_out,A_docpurged__GraphSAGE_reverse__M11__seed789,A|GraphSAGE_reverse|M11,789,roc_auc,7,7,0.6006139829669241,0.6795603089720738
D_leave_one_positive_out,A_docpurged__GraphSAGE_reverse__M11__seed789,A|GraphSAGE_reverse|M11,789,ap,7,7,0.0009961244911267982,0.001327267883926279
D_leave_one_positive_out,A_docpurged__GraphSAGE_reverse__M11__seed789,A|GraphSAGE_reverse|M11,789,f1_val_threshold,7,7,0.0,0.0
D_leave_one_positive_out,A_docpurged__GraphSAGE_reverse__M11__seed789,A|GraphSAGE_reverse|M11,789,p_at_5pct,7,7,0.0,0.0
D_leave_one_positive_out,A_docpurged__GraphSAGE_reverse__M11__seed789,A|GraphSAGE_reverse|M11,789,r_at_10fpr,7,7,0.0,0.16666666666666666
D_leave_one_positive_out,A_docpurged__GraphSAGE_reverse__M11__seed789,A|GraphSAGE_reverse|M11,789,hits_at_budget,7,7,0.0,0.0
D_leave_one_positive_out,A_docpurged__GraphSAGE_reverse__M11__seed1024,A|GraphSAGE_reverse|M11,1024,roc_auc,7,7,0.6428401663695781,0.7402455931867697
D_leave_one_positive_out,A_docpurged__GraphSAGE_reverse__M11__seed1024,A|GraphSAGE_reverse|M11,1024,ap,7,7,0.0011123004914731828,0.0016729554258561935
D_leave_one_positive_out,A_docpurged__GraphSAGE_reverse__M11__seed1024,A|GraphSAGE_reverse|M11,1024,f1_val_threshold,7,7,0.0,0.0
D_leave_one_positive_out,A_docpurged__GraphSAGE_reverse__M11__seed1024,A|GraphSAGE_reverse|M11,1024,p_at_5pct,7,7,0.0,0.0
D_leave_one_positive_out,A_docpurged__GraphSAGE_reverse__M11__seed1024,A|GraphSAGE_reverse|M11,1024,r_at_10fpr,7,7,0.0,0.16666666666666666
D_leave_one_positive_out,A_docpurged__GraphSAGE_reverse__M11__seed1024,A|GraphSAGE_reverse|M11,1024,hits_at_budget,7,7,0.0,0.0
D_leave_one_positive_out,B_donor__MLP__M5__imp271707__seed42,B|MLP|M5|271707,42,roc_auc,7,7,0.7199643493761141,0.7555753614577144
D_leave_one_positive_out,B_donor__MLP__M5__imp271707__seed42,B|MLP|M5|271707,42,ap,7,7,0.00138947155678369,0.0016051403437977046
D_leave_one_positive_out,B_donor__MLP__M5__imp271707__seed42,B|MLP|M5|271707,42,f1_val_threshold,7,7,0.0,0.0
D_leave_one_positive_out,B_donor__MLP__M5__imp271707__seed42,B|MLP|M5|271707,42,p_at_5pct,7,7,0.0,0.0
D_leave_one_positive_out,B_donor__MLP__M5__imp271707__seed42,B|MLP|M5|271707,42,r_at_10fpr,7,7,0.0,0.0
D_leave_one_positive_out,B_donor__MLP__M5__imp271707__seed42,B|MLP|M5|271707,42,hits_at_budget,7,7,0.0,0.0
D_leave_one_positive_out,B_donor__MLP__M5__imp271707__seed123,B|MLP|M5|271707,123,roc_auc,7,7,0.6611012081600317,0.7152505446623094
D_leave_one_positive_out,B_donor__MLP__M5__imp271707__seed123,B|MLP|M5|271707,123,ap,7,7,0.0011457734254577772,0.0013793226659535606
D_leave_one_positive_out,B_donor__MLP__M5__imp271707__seed123,B|MLP|M5|271707,123,f1_val_threshold,7,7,0.0,0.0
D_leave_one_positive_out,B_donor__MLP__M5__imp271707__seed123,B|MLP|M5|271707,123,p_at_5pct,7,7,0.0,0.0
D_leave_one_positive_out,B_donor__MLP__M5__imp271707__seed123,B|MLP|M5|271707,123,r_at_10fpr,7,7,0.0,0.0
D_leave_one_positive_out,B_donor__MLP__M5__imp271707__seed123,B|MLP|M5|271707,123,hits_at_budget,7,7,0.0,0.0
D_leave_one_positive_out,B_donor__MLP__M5__imp271707__seed456,B|MLP|M5|271707,456,roc_auc,7,7,0.6224004753416518,0.7031887502475738
D_leave_one_positive_out,B_donor__MLP__M5__imp271707__seed456,B|MLP|M5|271707,456,ap,7,7,0.001053547894662883,0.0013892663169941368
D_leave_one_positive_out,B_donor__MLP__M5__imp271707__seed456,B|MLP|M5|271707,456,f1_val_threshold,7,7,0.0,0.0
D_leave_one_positive_out,B_donor__MLP__M5__imp271707__seed456,B|MLP|M5|271707,456,p_at_5pct,7,7,0.0,0.0
D_leave_one_positive_out,B_donor__MLP__M5__imp271707__seed456,B|MLP|M5|271707,456,r_at_10fpr,7,7,0.0,0.0
D_leave_one_positive_out,B_donor__MLP__M5__imp271707__seed456,B|MLP|M5|271707,456,hits_at_budget,7,7,0.0,0.0
D_leave_one_positive_out,B_donor__MLP__M5__imp271707__seed789,B|MLP|M5|271707,789,roc_auc,7,7,0.6083778966131907,0.6864131511190334
D_leave_one_positive_out,B_donor__MLP__M5__imp271707__seed789,B|MLP|M5|271707,789,ap,7,7,0.001004717284697746,0.0013821998693411648
D_leave_one_positive_out,B_donor__MLP__M5__imp271707__seed789,B|MLP|M5|271707,789,f1_val_threshold,7,7,0.0,0.0
D_leave_one_positive_out,B_donor__MLP__M5__imp271707__seed789,B|MLP|M5|271707,789,p_at_5pct,7,7,0.0,0.0
D_leave_one_positive_out,B_donor__MLP__M5__imp271707__seed789,B|MLP|M5|271707,789,r_at_10fpr,7,7,0.0,0.16666666666666666
D_leave_one_positive_out,B_donor__MLP__M5__imp271707__seed789,B|MLP|M5|271707,789,hits_at_budget,7,7,0.0,0.0
D_leave_one_positive_out,B_donor__MLP__M5__imp271707__seed1024,B|MLP|M5|271707,1024,roc_auc,7,7,0.6301643889879184,0.6980590215884334
D_leave_one_positive_out,B_donor__MLP__M5__imp271707__seed1024,B|MLP|M5|271707,1024,ap,7,7,0.001048779566258393,0.0013182123615213342
D_leave_one_positive_out,B_donor__MLP__M5__imp271707__seed1024,B|MLP|M5|271707,1024,f1_val_threshold,7,7,0.0,0.0
D_leave_one_positive_out,B_donor__MLP__M5__imp271707__seed1024,B|MLP|M5|271707,1024,p_at_5pct,7,7,0.0,0.0
D_leave_one_positive_out,B_donor__MLP__M5__imp271707__seed1024,B|MLP|M5|271707,1024,r_at_10fpr,7,7,0.0,0.0
D_leave_one_positive_out,B_donor__MLP__M5__imp271707__seed1024,B|MLP|M5|271707,1024,hits_at_budget,7,7,0.0,0.0
D_leave_one_positive_out,B_donor__MLP__M11__imp271707__seed42,B|MLP|M11|271707,42,roc_auc,7,7,0.6508615567439096,0.7173697761933056
D_leave_one_positive_out,B_donor__MLP__M11__imp271707__seed42,B|MLP|M11|271707,42,ap,7,7,0.0011153062998850484,0.001429126885646051
D_leave_one_positive_out,B_donor__MLP__M11__imp271707__seed42,B|MLP|M11|271707,42,f1_val_threshold,7,7,0.0,0.0
D_leave_one_positive_out,B_donor__MLP__M11__imp271707__seed42,B|MLP|M11|271707,42,p_at_5pct,7,7,0.0,0.0
D_leave_one_positive_out,B_donor__MLP__M11__imp271707__seed42,B|MLP|M11|271707,42,r_at_10fpr,7,7,0.0,0.16666666666666666
D_leave_one_positive_out,B_donor__MLP__M11__imp271707__seed42,B|MLP|M11|271707,42,hits_at_budget,7,7,0.0,0.0
D_leave_one_positive_out,B_donor__MLP__M11__imp271707__seed123,B|MLP|M11|271707,123,roc_auc,7,7,0.6205387205387206,0.7059021588433353
D_leave_one_positive_out,B_donor__MLP__M11__imp271707__seed123,B|MLP|M11|271707,123,ap,7,7,0.0010833854432201132,0.0014055371532363916
D_leave_one_positive_out,B_donor__MLP__M11__imp271707__seed123,B|MLP|M11|271707,123,f1_val_threshold,7,7,0.0,0.0
D_leave_one_positive_out,B_donor__MLP__M11__imp271707__seed123,B|MLP|M11|271707,123,p_at_5pct,7,7,0.0,0.0
D_leave_one_positive_out,B_donor__MLP__M11__imp271707__seed123,B|MLP|M11|271707,123,r_at_10fpr,7,7,0.0,0.0
D_leave_one_positive_out,B_donor__MLP__M11__imp271707__seed123,B|MLP|M11|271707,123,hits_at_budget,7,7,0.0,0.0
D_leave_one_positive_out,B_donor__MLP__M11__imp271707__seed456,B|MLP|M11|271707,456,roc_auc,7,7,0.6349772232125174,0.7060209942562884
D_leave_one_positive_out,B_donor__MLP__M11__imp271707__seed456,B|MLP|M11|271707,456,ap,7,7,0.0010654362538672993,0.0013504328635676511
D_leave_one_positive_out,B_donor__MLP__M11__imp271707__seed456,B|MLP|M11|271707,456,f1_val_threshold,7,7,0.0,0.0
D_leave_one_positive_out,B_donor__MLP__M11__imp271707__seed456,B|MLP|M11|271707,456,p_at_5pct,7,7,0.0,0.0
D_leave_one_positive_out,B_donor__MLP__M11__imp271707__seed456,B|MLP|M11|271707,456,r_at_10fpr,7,7,0.0,0.0
D_leave_one_positive_out,B_donor__MLP__M11__imp271707__seed456,B|MLP|M11|271707,456,hits_at_budget,7,7,0.0,0.0
D_leave_one_positive_out,B_donor__MLP__M11__imp271707__seed789,B|MLP|M11|271707,789,roc_auc,7,7,0.6537928302634185,0.7312735195088137
D_leave_one_positive_out,B_donor__MLP__M11__imp271707__seed789,B|MLP|M11|271707,789,ap,7,7,0.0011417928493087054,0.0014602338413240046
D_leave_one_positive_out,B_donor__MLP__M11__imp271707__seed789,B|MLP|M11|271707,789,f1_val_threshold,7,7,0.0,0.0
D_leave_one_positive_out,B_donor__MLP__M11__imp271707__seed789,B|MLP|M11|271707,789,p_at_5pct,7,7,0.0,0.0
D_leave_one_positive_out,B_donor__MLP__M11__imp271707__seed789,B|MLP|M11|271707,789,r_at_10fpr,7,7,0.0,0.0
D_leave_one_positive_out,B_donor__MLP__M11__imp271707__seed789,B|MLP|M11|271707,789,hits_at_budget,7,7,0.0,0.0
D_leave_one_positive_out,B_donor__MLP__M11__imp271707__seed1024,B|MLP|M11|271707,1024,roc_auc,7,7,0.6357298474945534,0.7493761140819964
D_leave_one_positive_out,B_donor__MLP__M11__imp271707__seed1024,B|MLP|M11|271707,1024,ap,7,7,0.0011954747602606417,0.0016291430313681396
D_leave_one_positive_out,B_donor__MLP__M11__imp271707__seed1024,B|MLP|M11|271707,1024,f1_val_threshold,7,7,0.0,0.0
D_leave_one_positive_out,B_donor__MLP__M11__imp271707__seed1024,B|MLP|M11|271707,1024,p_at_5pct,7,7,0.0,0.0
D_leave_one_positive_out,B_donor__MLP__M11__imp271707__seed1024,B|MLP|M11|271707,1024,r_at_10fpr,7,7,0.0,0.0
D_leave_one_positive_out,B_donor__MLP__M11__imp271707__seed1024,B|MLP|M11|271707,1024,hits_at_budget,7,7,0.0,0.0
D_leave_one_positive_out,B_donor__RandomForest_unweighted__M5__imp271707__seed42,B|RandomForest_unweighted|M5|271707,42,roc_auc,7,7,0.6730738760150525,0.7676965735789265
D_leave_one_positive_out,B_donor__RandomForest_unweighted__M5__imp271707__seed42,B|RandomForest_unweighted|M5|271707,42,ap,7,7,0.0011708408750435535,0.0018655859250825192
D_leave_one_positive_out,B_donor__RandomForest_unweighted__M5__imp271707__seed42,B|RandomForest_unweighted|M5|271707,42,f1_val_threshold,7,7,0.0,0.0
D_leave_one_positive_out,B_donor__RandomForest_unweighted__M5__imp271707__seed42,B|RandomForest_unweighted|M5|271707,42,p_at_5pct,7,7,0.0,0.002369668246445498
D_leave_one_positive_out,B_donor__RandomForest_unweighted__M5__imp271707__seed42,B|RandomForest_unweighted|M5|271707,42,r_at_10fpr,7,7,0.0,0.16666666666666666
D_leave_one_positive_out,B_donor__RandomForest_unweighted__M5__imp271707__seed42,B|RandomForest_unweighted|M5|271707,42,hits_at_budget,7,7,0.0,1.0
D_leave_one_positive_out,B_donor__RandomForest_unweighted__M5__imp271707__seed123,B|RandomForest_unweighted|M5|271707,123,roc_auc,7,7,0.613596751832046,0.747534165181224
D_leave_one_positive_out,B_donor__RandomForest_unweighted__M5__imp271707__seed123,B|RandomForest_unweighted|M5|271707,123,ap,7,7,0.001038474075223928,0.0017914218176913214
D_leave_one_positive_out,B_donor__RandomForest_unweighted__M5__imp271707__seed123,B|RandomForest_unweighted|M5|271707,123,f1_val_threshold,7,7,0.0,0.005037783375314861
D_leave_one_positive_out,B_donor__RandomForest_unweighted__M5__imp271707__seed123,B|RandomForest_unweighted|M5|271707,123,p_at_5pct,7,7,0.0,0.002369668246445498
D_leave_one_positive_out,B_donor__RandomForest_unweighted__M5__imp271707__seed123,B|RandomForest_unweighted|M5|271707,123,r_at_10fpr,7,7,0.0,0.16666666666666666
D_leave_one_positive_out,B_donor__RandomForest_unweighted__M5__imp271707__seed123,B|RandomForest_unweighted|M5|271707,123,hits_at_budget,7,7,0.0,1.0
D_leave_one_positive_out,B_donor__RandomForest_unweighted__M5__imp271707__seed456,B|RandomForest_unweighted|M5|271707,456,roc_auc,7,7,0.6395226777579719,0.7718162012279659
D_leave_one_positive_out,B_donor__RandomForest_unweighted__M5__imp271707__seed456,B|RandomForest_unweighted|M5|271707,456,ap,7,7,0.0012859614559771152,0.0019437473231316044
D_leave_one_positive_out,B_donor__RandomForest_unweighted__M5__imp271707__seed456,B|RandomForest_unweighted|M5|271707,456,f1_val_threshold,7,7,0.0,0.0
D_leave_one_positive_out,B_donor__RandomForest_unweighted__M5__imp271707__seed456,B|RandomForest_unweighted|M5|271707,456,p_at_5pct,7,7,0.0,0.002369668246445498
D_leave_one_positive_out,B_donor__RandomForest_unweighted__M5__imp271707__seed456,B|RandomForest_unweighted|M5|271707,456,r_at_10fpr,7,7,0.0,0.16666666666666666
D_leave_one_positive_out,B_donor__RandomForest_unweighted__M5__imp271707__seed456,B|RandomForest_unweighted|M5|271707,456,hits_at_budget,7,7,0.0,1.0
D_leave_one_positive_out,B_donor__RandomForest_unweighted__M5__imp271707__seed789,B|RandomForest_unweighted|M5|271707,789,roc_auc,7,7,0.6921271538918597,0.782055852644088
D_leave_one_positive_out,B_donor__RandomForest_unweighted__M5__imp271707__seed789,B|RandomForest_unweighted|M5|271707,789,ap,7,7,0.00133151579404236,0.001815254693368394
D_leave_one_positive_out,B_donor__RandomForest_unweighted__M5__imp271707__seed789,B|RandomForest_unweighted|M5|271707,789,f1_val_threshold,7,7,0.0,0.0
D_leave_one_positive_out,B_donor__RandomForest_unweighted__M5__imp271707__seed789,B|RandomForest_unweighted|M5|271707,789,p_at_5pct,7,7,0.0,0.0
D_leave_one_positive_out,B_donor__RandomForest_unweighted__M5__imp271707__seed789,B|RandomForest_unweighted|M5|271707,789,r_at_10fpr,7,7,0.0,0.16666666666666666
D_leave_one_positive_out,B_donor__RandomForest_unweighted__M5__imp271707__seed789,B|RandomForest_unweighted|M5|271707,789,hits_at_budget,7,7,0.0,0.0
D_leave_one_positive_out,B_donor__RandomForest_unweighted__M5__imp271707__seed1024,B|RandomForest_unweighted|M5|271707,1024,roc_auc,7,7,0.63116458704694,0.7665973460091107
D_leave_one_positive_out,B_donor__RandomForest_unweighted__M5__imp271707__seed1024,B|RandomForest_unweighted|M5|271707,1024,ap,7,7,0.0013148146579358194,0.0023064846636812004
D_leave_one_positive_out,B_donor__RandomForest_unweighted__M5__imp271707__seed1024,B|RandomForest_unweighted|M5|271707,1024,f1_val_threshold,7,7,0.0,0.0
D_leave_one_positive_out,B_donor__RandomForest_unweighted__M5__imp271707__seed1024,B|RandomForest_unweighted|M5|271707,1024,p_at_5pct,7,7,0.0,0.002369668246445498
D_leave_one_positive_out,B_donor__RandomForest_unweighted__M5__imp271707__seed1024,B|RandomForest_unweighted|M5|271707,1024,r_at_10fpr,7,7,0.0,0.16666666666666666
D_leave_one_positive_out,B_donor__RandomForest_unweighted__M5__imp271707__seed1024,B|RandomForest_unweighted|M5|271707,1024,hits_at_budget,7,7,0.0,1.0
D_leave_one_positive_out,B_donor__RandomForest_unweighted__M11__imp271707__seed42,B|RandomForest_unweighted|M11|271707,42,roc_auc,7,7,0.6457714398890869,0.7069914834620716
D_leave_one_positive_out,B_donor__RandomForest_unweighted__M11__imp271707__seed42,B|RandomForest_unweighted|M11|271707,42,ap,7,7,0.0012211817442406188,0.0014687651966877955
D_leave_one_positive_out,B_donor__RandomForest_unweighted__M11__imp271707__seed42,B|RandomForest_unweighted|M11|271707,42,f1_val_threshold,7,7,0.0,0.0
D_leave_one_positive_out,B_donor__RandomForest_unweighted__M11__imp271707__seed42,B|RandomForest_unweighted|M11|271707,42,p_at_5pct,7,7,0.0,0.0
D_leave_one_positive_out,B_donor__RandomForest_unweighted__M11__imp271707__seed42,B|RandomForest_unweighted|M11|271707,42,r_at_10fpr,7,7,0.0,0.0
D_leave_one_positive_out,B_donor__RandomForest_unweighted__M11__imp271707__seed42,B|RandomForest_unweighted|M11|271707,42,hits_at_budget,7,7,0.0,0.0
D_leave_one_positive_out,B_donor__RandomForest_unweighted__M11__imp271707__seed123,B|RandomForest_unweighted|M11|271707,123,roc_auc,7,7,0.6992275698158051,0.7644285997227174
D_leave_one_positive_out,B_donor__RandomForest_unweighted__M11__imp271707__seed123,B|RandomForest_unweighted|M11|271707,123,ap,7,7,0.001298962922920888,0.0016996772123382803
D_leave_one_positive_out,B_donor__RandomForest_unweighted__M11__imp271707__seed123,B|RandomForest_unweighted|M11|271707,123,f1_val_threshold,7,7,0.0,0.0
D_leave_one_positive_out,B_donor__RandomForest_unweighted__M11__imp271707__seed123,B|RandomForest_unweighted|M11|271707,123,p_at_5pct,7,7,0.0,0.0
D_leave_one_positive_out,B_donor__RandomForest_unweighted__M11__imp271707__seed123,B|RandomForest_unweighted|M11|271707,123,r_at_10fpr,7,7,0.0,0.16666666666666666
D_leave_one_positive_out,B_donor__RandomForest_unweighted__M11__imp271707__seed123,B|RandomForest_unweighted|M11|271707,123,hits_at_budget,7,7,0.0,0.0
D_leave_one_positive_out,B_donor__RandomForest_unweighted__M11__imp271707__seed456,B|RandomForest_unweighted|M11|271707,456,roc_auc,7,7,0.6660724896019014,0.7268766092295504
D_leave_one_positive_out,B_donor__RandomForest_unweighted__M11__imp271707__seed456,B|RandomForest_unweighted|M11|271707,456,ap,7,7,0.001141134133294974,0.0014309438609855325
D_leave_one_positive_out,B_donor__RandomForest_unweighted__M11__imp271707__seed456,B|RandomForest_unweighted|M11|271707,456,f1_val_threshold,7,7,0.0,0.0
D_leave_one_positive_out,B_donor__RandomForest_unweighted__M11__imp271707__seed456,B|RandomForest_unweighted|M11|271707,456,p_at_5pct,7,7,0.0,0.0
D_leave_one_positive_out,B_donor__RandomForest_unweighted__M11__imp271707__seed456,B|RandomForest_unweighted|M11|271707,456,r_at_10fpr,7,7,0.0,0.16666666666666666
D_leave_one_positive_out,B_donor__RandomForest_unweighted__M11__imp271707__seed456,B|RandomForest_unweighted|M11|271707,456,hits_at_budget,7,7,0.0,0.0
D_leave_one_positive_out,B_donor__RandomForest_unweighted__M11__imp271707__seed789,B|RandomForest_unweighted|M11|271707,789,roc_auc,7,7,0.6588136264606853,0.7210041592394534
D_leave_one_positive_out,B_donor__RandomForest_unweighted__M11__imp271707__seed789,B|RandomForest_unweighted|M11|271707,789,ap,7,7,0.0011110427891558505,0.0013795657457030643
D_leave_one_positive_out,B_donor__RandomForest_unweighted__M11__imp271707__seed789,B|RandomForest_unweighted|M11|271707,789,f1_val_threshold,7,7,0.0,0.0
D_leave_one_positive_out,B_donor__RandomForest_unweighted__M11__imp271707__seed789,B|RandomForest_unweighted|M11|271707,789,p_at_5pct,7,7,0.0,0.0
D_leave_one_positive_out,B_donor__RandomForest_unweighted__M11__imp271707__seed789,B|RandomForest_unweighted|M11|271707,789,r_at_10fpr,7,7,0.0,0.16666666666666666
D_leave_one_positive_out,B_donor__RandomForest_unweighted__M11__imp271707__seed789,B|RandomForest_unweighted|M11|271707,789,hits_at_budget,7,7,0.0,0.0
D_leave_one_positive_out,B_donor__RandomForest_unweighted__M11__imp271707__seed1024,B|RandomForest_unweighted|M11|271707,1024,roc_auc,7,7,0.7284214695979402,0.7818478906714201
D_leave_one_positive_out,B_donor__RandomForest_unweighted__M11__imp271707__seed1024,B|RandomForest_unweighted|M11|271707,1024,ap,7,7,0.001631257204759563,0.0019797160998066944
D_leave_one_positive_out,B_donor__RandomForest_unweighted__M11__imp271707__seed1024,B|RandomForest_unweighted|M11|271707,1024,f1_val_threshold,7,7,0.0,0.0
D_leave_one_positive_out,B_donor__RandomForest_unweighted__M11__imp271707__seed1024,B|RandomForest_unweighted|M11|271707,1024,p_at_5pct,7,7,0.0,0.0
D_leave_one_positive_out,B_donor__RandomForest_unweighted__M11__imp271707__seed1024,B|RandomForest_unweighted|M11|271707,1024,r_at_10fpr,7,7,0.0,0.16666666666666666
D_leave_one_positive_out,B_donor__RandomForest_unweighted__M11__imp271707__seed1024,B|RandomForest_unweighted|M11|271707,1024,hits_at_budget,7,7,0.0,0.0
D_leave_one_positive_out,B_donor__MLP__M5__imp271708__seed42,B|MLP|M5|271708,42,roc_auc,7,7,0.6740146563675976,0.76712220241632
D_leave_one_positive_out,B_donor__MLP__M5__imp271708__seed42,B|MLP|M5|271708,42,ap,7,7,0.0012713765562449204,0.0016688168726207322
D_leave_one_positive_out,B_donor__MLP__M5__imp271708__seed42,B|MLP|M5|271708,42,f1_val_threshold,7,7,0.0,0.0
D_leave_one_positive_out,B_donor__MLP__M5__imp271708__seed42,B|MLP|M5|271708,42,p_at_5pct,7,7,0.0,0.0
D_leave_one_positive_out,B_donor__MLP__M5__imp271708__seed42,B|MLP|M5|271708,42,r_at_10fpr,7,7,0.0,0.0
D_leave_one_positive_out,B_donor__MLP__M5__imp271708__seed42,B|MLP|M5|271708,42,hits_at_budget,7,7,0.0,0.0
D_leave_one_positive_out,B_donor__MLP__M5__imp271708__seed123,B|MLP|M5|271708,123,roc_auc,7,7,0.6154684095860566,0.697207367795603
D_leave_one_positive_out,B_donor__MLP__M5__imp271708__seed123,B|MLP|M5|271708,123,ap,7,7,0.0010298178999424965,0.001304148684122057
D_leave_one_positive_out,B_donor__MLP__M5__imp271708__seed123,B|MLP|M5|271708,123,f1_val_threshold,7,7,0.0,0.0
D_leave_one_positive_out,B_donor__MLP__M5__imp271708__seed123,B|MLP|M5|271708,123,p_at_5pct,7,7,0.0,0.0
D_leave_one_positive_out,B_donor__MLP__M5__imp271708__seed123,B|MLP|M5|271708,123,r_at_10fpr,7,7,0.0,0.0
D_leave_one_positive_out,B_donor__MLP__M5__imp271708__seed123,B|MLP|M5|271708,123,hits_at_budget,7,7,0.0,0.0
D_leave_one_positive_out,B_donor__MLP__M5__imp271708__seed456,B|MLP|M5|271708,456,roc_auc,7,7,0.5566250742721331,0.6594969300851654
D_leave_one_positive_out,B_donor__MLP__M5__imp271708__seed456,B|MLP|M5|271708,456,ap,7,7,0.0009183697870601496,0.001254476402106605
D_leave_one_positive_out,B_donor__MLP__M5__imp271708__seed456,B|MLP|M5|271708,456,f1_val_threshold,7,7,0.0,0.0
D_leave_one_positive_out,B_donor__MLP__M5__imp271708__seed456,B|MLP|M5|271708,456,p_at_5pct,7,7,0.0,0.0
D_leave_one_positive_out,B_donor__MLP__M5__imp271708__seed456,B|MLP|M5|271708,456,r_at_10fpr,7,7,0.0,0.0
D_leave_one_positive_out,B_donor__MLP__M5__imp271708__seed456,B|MLP|M5|271708,456,hits_at_budget,7,7,0.0,0.0
D_leave_one_positive_out,B_donor__MLP__M5__imp271708__seed789,B|MLP|M5|271708,789,roc_auc,7,7,0.6349178055060408,0.7366211130917013
D_leave_one_positive_out,B_donor__MLP__M5__imp271708__seed789,B|MLP|M5|271708,789,ap,7,7,0.0011041734047437834,0.001549610073444514
D_leave_one_positive_out,B_donor__MLP__M5__imp271708__seed789,B|MLP|M5|271708,789,f1_val_threshold,7,7,0.0,0.0
D_leave_one_positive_out,B_donor__MLP__M5__imp271708__seed789,B|MLP|M5|271708,789,p_at_5pct,7,7,0.0,0.0
D_leave_one_positive_out,B_donor__MLP__M5__imp271708__seed789,B|MLP|M5|271708,789,r_at_10fpr,7,7,0.0,0.16666666666666666
D_leave_one_positive_out,B_donor__MLP__M5__imp271708__seed789,B|MLP|M5|271708,789,hits_at_budget,7,7,0.0,0.0
D_leave_one_positive_out,B_donor__MLP__M5__imp271708__seed1024,B|MLP|M5|271708,1024,roc_auc,7,7,0.6224598930481283,0.6984353337294514
D_leave_one_positive_out,B_donor__MLP__M5__imp271708__seed1024,B|MLP|M5|271708,1024,ap,7,7,0.0010421586469717995,0.0013477613743360477
D_leave_one_positive_out,B_donor__MLP__M5__imp271708__seed1024,B|MLP|M5|271708,1024,f1_val_threshold,7,7,0.0,0.0
D_leave_one_positive_out,B_donor__MLP__M5__imp271708__seed1024,B|MLP|M5|271708,1024,p_at_5pct,7,7,0.0,0.0
D_leave_one_positive_out,B_donor__MLP__M5__imp271708__seed1024,B|MLP|M5|271708,1024,r_at_10fpr,7,7,0.0,0.16666666666666666
D_leave_one_positive_out,B_donor__MLP__M5__imp271708__seed1024,B|MLP|M5|271708,1024,hits_at_budget,7,7,0.0,0.0
D_leave_one_positive_out,B_donor__MLP__M11__imp271708__seed42,B|MLP|M11|271708,42,roc_auc,7,7,0.6256882551000198,0.6952663893840364
D_leave_one_positive_out,B_donor__MLP__M11__imp271708__seed42,B|MLP|M11|271708,42,ap,7,7,0.001061073979307068,0.0013632398746885072
D_leave_one_positive_out,B_donor__MLP__M11__imp271708__seed42,B|MLP|M11|271708,42,f1_val_threshold,7,7,0.0,0.0
D_leave_one_positive_out,B_donor__MLP__M11__imp271708__seed42,B|MLP|M11|271708,42,p_at_5pct,7,7,0.0,0.0
D_leave_one_positive_out,B_donor__MLP__M11__imp271708__seed42,B|MLP|M11|271708,42,r_at_10fpr,7,7,0.0,0.0
D_leave_one_positive_out,B_donor__MLP__M11__imp271708__seed42,B|MLP|M11|271708,42,hits_at_budget,7,7,0.0,0.0
D_leave_one_positive_out,B_donor__MLP__M11__imp271708__seed123,B|MLP|M11|271708,123,roc_auc,7,7,0.6298276886512181,0.7161021984551397
D_leave_one_positive_out,B_donor__MLP__M11__imp271708__seed123,B|MLP|M11|271708,123,ap,7,7,0.0010824123982774935,0.0013888286148057995
D_leave_one_positive_out,B_donor__MLP__M11__imp271708__seed123,B|MLP|M11|271708,123,f1_val_threshold,7,7,0.0,0.0
D_leave_one_positive_out,B_donor__MLP__M11__imp271708__seed123,B|MLP|M11|271708,123,p_at_5pct,7,7,0.0,0.0
D_leave_one_positive_out,B_donor__MLP__M11__imp271708__seed123,B|MLP|M11|271708,123,r_at_10fpr,7,7,0.0,0.0
D_leave_one_positive_out,B_donor__MLP__M11__imp271708__seed123,B|MLP|M11|271708,123,hits_at_budget,7,7,0.0,0.0
D_leave_one_positive_out,B_donor__MLP__M11__imp271708__seed456,B|MLP|M11|271708,456,roc_auc,7,7,0.6288968112497524,0.7030501089324619
D_leave_one_positive_out,B_donor__MLP__M11__imp271708__seed456,B|MLP|M11|271708,456,ap,7,7,0.0010460372117172094,0.001357968073817104
D_leave_one_positive_out,B_donor__MLP__M11__imp271708__seed456,B|MLP|M11|271708,456,f1_val_threshold,7,7,0.0,0.0
D_leave_one_positive_out,B_donor__MLP__M11__imp271708__seed456,B|MLP|M11|271708,456,p_at_5pct,7,7,0.0,0.0
D_leave_one_positive_out,B_donor__MLP__M11__imp271708__seed456,B|MLP|M11|271708,456,r_at_10fpr,7,7,0.0,0.16666666666666666
D_leave_one_positive_out,B_donor__MLP__M11__imp271708__seed456,B|MLP|M11|271708,456,hits_at_budget,7,7,0.0,0.0
D_leave_one_positive_out,B_donor__MLP__M11__imp271708__seed789,B|MLP|M11|271708,789,roc_auc,7,7,0.626302238066944,0.6800950683303624
D_leave_one_positive_out,B_donor__MLP__M11__imp271708__seed789,B|MLP|M11|271708,789,ap,7,7,0.0010413257467772315,0.0012308626315957766
D_leave_one_positive_out,B_donor__MLP__M11__imp271708__seed789,B|MLP|M11|271708,789,f1_val_threshold,7,7,0.0,0.0
D_leave_one_positive_out,B_donor__MLP__M11__imp271708__seed789,B|MLP|M11|271708,789,p_at_5pct,7,7,0.0,0.0
D_leave_one_positive_out,B_donor__MLP__M11__imp271708__seed789,B|MLP|M11|271708,789,r_at_10fpr,7,7,0.0,0.0
D_leave_one_positive_out,B_donor__MLP__M11__imp271708__seed789,B|MLP|M11|271708,789,hits_at_budget,7,7,0.0,0.0
D_leave_one_positive_out,B_donor__MLP__M11__imp271708__seed1024,B|MLP|M11|271708,1024,roc_auc,7,7,0.6644880174291938,0.741968706674589
D_leave_one_positive_out,B_donor__MLP__M11__imp271708__seed1024,B|MLP|M11|271708,1024,ap,7,7,0.001240040314504837,0.0015910807432642773
D_leave_one_positive_out,B_donor__MLP__M11__imp271708__seed1024,B|MLP|M11|271708,1024,f1_val_threshold,7,7,0.0,0.0
D_leave_one_positive_out,B_donor__MLP__M11__imp271708__seed1024,B|MLP|M11|271708,1024,p_at_5pct,7,7,0.0,0.0
D_leave_one_positive_out,B_donor__MLP__M11__imp271708__seed1024,B|MLP|M11|271708,1024,r_at_10fpr,7,7,0.0,0.0
D_leave_one_positive_out,B_donor__MLP__M11__imp271708__seed1024,B|MLP|M11|271708,1024,hits_at_budget,7,7,0.0,0.0
D_leave_one_positive_out,B_donor__RandomForest_unweighted__M5__imp271708__seed42,B|RandomForest_unweighted|M5|271708,42,roc_auc,7,7,0.6030699148346206,0.6963953258070904
D_leave_one_positive_out,B_donor__RandomForest_unweighted__M5__imp271708__seed42,B|RandomForest_unweighted|M5|271708,42,ap,7,7,0.0010402204251909752,0.0015393325741942083
D_leave_one_positive_out,B_donor__RandomForest_unweighted__M5__imp271708__seed42,B|RandomForest_unweighted|M5|271708,42,f1_val_threshold,7,7,0.0,0.0
D_leave_one_positive_out,B_donor__RandomForest_unweighted__M5__imp271708__seed42,B|RandomForest_unweighted|M5|271708,42,p_at_5pct,7,7,0.0,0.002369668246445498
D_leave_one_positive_out,B_donor__RandomForest_unweighted__M5__imp271708__seed42,B|RandomForest_unweighted|M5|271708,42,r_at_10fpr,7,7,0.0,0.16666666666666666
D_leave_one_positive_out,B_donor__RandomForest_unweighted__M5__imp271708__seed42,B|RandomForest_unweighted|M5|271708,42,hits_at_budget,7,7,0.0,1.0
D_leave_one_positive_out,B_donor__RandomForest_unweighted__M5__imp271708__seed123,B|RandomForest_unweighted|M5|271708,123,roc_auc,7,7,0.6344721727074669,0.7242622301445831
D_leave_one_positive_out,B_donor__RandomForest_unweighted__M5__imp271708__seed123,B|RandomForest_unweighted|M5|271708,123,ap,7,7,0.0010604033224662223,0.001487615555048207
D_leave_one_positive_out,B_donor__RandomForest_unweighted__M5__imp271708__seed123,B|RandomForest_unweighted|M5|271708,123,f1_val_threshold,7,7,0.0,0.0
D_leave_one_positive_out,B_donor__RandomForest_unweighted__M5__imp271708__seed123,B|RandomForest_unweighted|M5|271708,123,p_at_5pct,7,7,0.0,0.0
D_leave_one_positive_out,B_donor__RandomForest_unweighted__M5__imp271708__seed123,B|RandomForest_unweighted|M5|271708,123,r_at_10fpr,7,7,0.0,0.16666666666666666
D_leave_one_positive_out,B_donor__RandomForest_unweighted__M5__imp271708__seed123,B|RandomForest_unweighted|M5|271708,123,hits_at_budget,7,7,0.0,0.0
D_leave_one_positive_out,B_donor__RandomForest_unweighted__M5__imp271708__seed456,B|RandomForest_unweighted|M5|271708,456,roc_auc,7,7,0.5946524064171124,0.7263814616755793
D_leave_one_positive_out,B_donor__RandomForest_unweighted__M5__imp271708__seed456,B|RandomForest_unweighted|M5|271708,456,ap,7,7,0.0009476799864859619,0.0015187817660710027
D_leave_one_positive_out,B_donor__RandomForest_unweighted__M5__imp271708__seed456,B|RandomForest_unweighted|M5|271708,456,f1_val_threshold,7,7,0.0,0.0
D_leave_one_positive_out,B_donor__RandomForest_unweighted__M5__imp271708__seed456,B|RandomForest_unweighted|M5|271708,456,p_at_5pct,7,7,0.0,0.0
D_leave_one_positive_out,B_donor__RandomForest_unweighted__M5__imp271708__seed456,B|RandomForest_unweighted|M5|271708,456,r_at_10fpr,7,7,0.0,0.16666666666666666
D_leave_one_positive_out,B_donor__RandomForest_unweighted__M5__imp271708__seed456,B|RandomForest_unweighted|M5|271708,456,hits_at_budget,7,7,0.0,0.0
D_leave_one_positive_out,B_donor__RandomForest_unweighted__M5__imp271708__seed789,B|RandomForest_unweighted|M5|271708,789,roc_auc,7,7,0.5780352545058427,0.7110219845513963
D_leave_one_positive_out,B_donor__RandomForest_unweighted__M5__imp271708__seed789,B|RandomForest_unweighted|M5|271708,789,ap,7,7,0.0009648372187716792,0.0016850916762636318
D_leave_one_positive_out,B_donor__RandomForest_unweighted__M5__imp271708__seed789,B|RandomForest_unweighted|M5|271708,789,f1_val_threshold,7,7,0.0,0.0
D_leave_one_positive_out,B_donor__RandomForest_unweighted__M5__imp271708__seed789,B|RandomForest_unweighted|M5|271708,789,p_at_5pct,7,7,0.0,0.002369668246445498
D_leave_one_positive_out,B_donor__RandomForest_unweighted__M5__imp271708__seed789,B|RandomForest_unweighted|M5|271708,789,r_at_10fpr,7,7,0.0,0.16666666666666666
D_leave_one_positive_out,B_donor__RandomForest_unweighted__M5__imp271708__seed789,B|RandomForest_unweighted|M5|271708,789,hits_at_budget,7,7,0.0,1.0
D_leave_one_positive_out,B_donor__RandomForest_unweighted__M5__imp271708__seed1024,B|RandomForest_unweighted|M5|271708,1024,roc_auc,7,7,0.6738463061992473,0.7313428401663695
D_leave_one_positive_out,B_donor__RandomForest_unweighted__M5__imp271708__seed1024,B|RandomForest_unweighted|M5|271708,1024,ap,7,7,0.00116580707723119,0.0014612600465557222
D_leave_one_positive_out,B_donor__RandomForest_unweighted__M5__imp271708__seed1024,B|RandomForest_unweighted|M5|271708,1024,f1_val_threshold,7,7,0.0,0.0
D_leave_one_positive_out,B_donor__RandomForest_unweighted__M5__imp271708__seed1024,B|RandomForest_unweighted|M5|271708,1024,p_at_5pct,7,7,0.0,0.0
D_leave_one_positive_out,B_donor__RandomForest_unweighted__M5__imp271708__seed1024,B|RandomForest_unweighted|M5|271708,1024,r_at_10fpr,7,7,0.0,0.16666666666666666
D_leave_one_positive_out,B_donor__RandomForest_unweighted__M5__imp271708__seed1024,B|RandomForest_unweighted|M5|271708,1024,hits_at_budget,7,7,0.0,0.0
D_leave_one_positive_out,B_donor__RandomForest_unweighted__M11__imp271708__seed42,B|RandomForest_unweighted|M11|271708,42,roc_auc,7,7,0.6544662309368192,0.7389285006932066
D_leave_one_positive_out,B_donor__RandomForest_unweighted__M11__imp271708__seed42,B|RandomForest_unweighted|M11|271708,42,ap,7,7,0.0011207918690504443,0.0015913994459042194
D_leave_one_positive_out,B_donor__RandomForest_unweighted__M11__imp271708__seed42,B|RandomForest_unweighted|M11|271708,42,f1_val_threshold,7,7,0.0,0.0
D_leave_one_positive_out,B_donor__RandomForest_unweighted__M11__imp271708__seed42,B|RandomForest_unweighted|M11|271708,42,p_at_5pct,7,7,0.0,0.0
D_leave_one_positive_out,B_donor__RandomForest_unweighted__M11__imp271708__seed42,B|RandomForest_unweighted|M11|271708,42,r_at_10fpr,7,7,0.0,0.16666666666666666
D_leave_one_positive_out,B_donor__RandomForest_unweighted__M11__imp271708__seed42,B|RandomForest_unweighted|M11|271708,42,hits_at_budget,7,7,0.0,0.0
D_leave_one_positive_out,B_donor__RandomForest_unweighted__M11__imp271708__seed123,B|RandomForest_unweighted|M11|271708,123,roc_auc,7,7,0.6214101802337096,0.7060209942562883
D_leave_one_positive_out,B_donor__RandomForest_unweighted__M11__imp271708__seed123,B|RandomForest_unweighted|M11|271708,123,ap,7,7,0.0010087890247070972,0.001426719268976912
D_leave_one_positive_out,B_donor__RandomForest_unweighted__M11__imp271708__seed123,B|RandomForest_unweighted|M11|271708,123,f1_val_threshold,7,7,0.0,0.0
D_leave_one_positive_out,B_donor__RandomForest_unweighted__M11__imp271708__seed123,B|RandomForest_unweighted|M11|271708,123,p_at_5pct,7,7,0.0,0.0
D_leave_one_positive_out,B_donor__RandomForest_unweighted__M11__imp271708__seed123,B|RandomForest_unweighted|M11|271708,123,r_at_10fpr,7,7,0.0,0.16666666666666666
D_leave_one_positive_out,B_donor__RandomForest_unweighted__M11__imp271708__seed123,B|RandomForest_unweighted|M11|271708,123,hits_at_budget,7,7,0.0,0.0
D_leave_one_positive_out,B_donor__RandomForest_unweighted__M11__imp271708__seed456,B|RandomForest_unweighted|M11|271708,456,roc_auc,7,7,0.6071004159239454,0.6897108338284809
D_leave_one_positive_out,B_donor__RandomForest_unweighted__M11__imp271708__seed456,B|RandomForest_unweighted|M11|271708,456,ap,7,7,0.0009541677328730483,0.0013054556460898284
D_leave_one_positive_out,B_donor__RandomForest_unweighted__M11__imp271708__seed456,B|RandomForest_unweighted|M11|271708,456,f1_val_threshold,7,7,0.0,0.0
D_leave_one_positive_out,B_donor__RandomForest_unweighted__M11__imp271708__seed456,B|RandomForest_unweighted|M11|271708,456,p_at_5pct,7,7,0.0,0.0
D_leave_one_positive_out,B_donor__RandomForest_unweighted__M11__imp271708__seed456,B|RandomForest_unweighted|M11|271708,456,r_at_10fpr,7,7,0.0,0.16666666666666666
D_leave_one_positive_out,B_donor__RandomForest_unweighted__M11__imp271708__seed456,B|RandomForest_unweighted|M11|271708,456,hits_at_budget,7,7,0.0,0.0
D_leave_one_positive_out,B_donor__RandomForest_unweighted__M11__imp271708__seed789,B|RandomForest_unweighted|M11|271708,789,roc_auc,7,7,0.6731035848682908,0.7529609823727471
D_leave_one_positive_out,B_donor__RandomForest_unweighted__M11__imp271708__seed789,B|RandomForest_unweighted|M11|271708,789,ap,7,7,0.0011394852362427927,0.0015299237049124777
D_leave_one_positive_out,B_donor__RandomForest_unweighted__M11__imp271708__seed789,B|RandomForest_unweighted|M11|271708,789,f1_val_threshold,7,7,0.0,0.0
D_leave_one_positive_out,B_donor__RandomForest_unweighted__M11__imp271708__seed789,B|RandomForest_unweighted|M11|271708,789,p_at_5pct,7,7,0.0,0.0
D_leave_one_positive_out,B_donor__RandomForest_unweighted__M11__imp271708__seed789,B|RandomForest_unweighted|M11|271708,789,r_at_10fpr,7,7,0.0,0.16666666666666666
D_leave_one_positive_out,B_donor__RandomForest_unweighted__M11__imp271708__seed789,B|RandomForest_unweighted|M11|271708,789,hits_at_budget,7,7,0.0,0.0
D_leave_one_positive_out,B_donor__RandomForest_unweighted__M11__imp271708__seed1024,B|RandomForest_unweighted|M11|271708,1024,roc_auc,7,7,0.6674291938997821,0.7160427807486631
D_leave_one_positive_out,B_donor__RandomForest_unweighted__M11__imp271708__seed1024,B|RandomForest_unweighted|M11|271708,1024,ap,7,7,0.001246554386149274,0.0014401803022775009
D_leave_one_positive_out,B_donor__RandomForest_unweighted__M11__imp271708__seed1024,B|RandomForest_unweighted|M11|271708,1024,f1_val_threshold,7,7,0.0,0.0
D_leave_one_positive_out,B_donor__RandomForest_unweighted__M11__imp271708__seed1024,B|RandomForest_unweighted|M11|271708,1024,p_at_5pct,7,7,0.0,0.0
D_leave_one_positive_out,B_donor__RandomForest_unweighted__M11__imp271708__seed1024,B|RandomForest_unweighted|M11|271708,1024,r_at_10fpr,7,7,0.0,0.16666666666666666
D_leave_one_positive_out,B_donor__RandomForest_unweighted__M11__imp271708__seed1024,B|RandomForest_unweighted|M11|271708,1024,hits_at_budget,7,7,0.0,0.0
D_leave_one_positive_out,B_donor__MLP__M5__imp271709__seed42,B|MLP|M5|271709,42,roc_auc,7,7,0.6655575361457715,0.7474945533769063
D_leave_one_positive_out,B_donor__MLP__M5__imp271709__seed42,B|MLP|M5|271709,42,ap,7,7,0.0012466167779377117,0.0016693718196310137
D_leave_one_positive_out,B_donor__MLP__M5__imp271709__seed42,B|MLP|M5|271709,42,f1_val_threshold,7,7,0.0,0.0
D_leave_one_positive_out,B_donor__MLP__M5__imp271709__seed42,B|MLP|M5|271709,42,p_at_5pct,7,7,0.0,0.0
D_leave_one_positive_out,B_donor__MLP__M5__imp271709__seed42,B|MLP|M5|271709,42,r_at_10fpr,7,7,0.0,0.0
D_leave_one_positive_out,B_donor__MLP__M5__imp271709__seed42,B|MLP|M5|271709,42,hits_at_budget,7,7,0.0,0.0
D_leave_one_positive_out,B_donor__MLP__M5__imp271709__seed123,B|MLP|M5|271709,123,roc_auc,7,7,0.5862150920974449,0.679520697167756
D_leave_one_positive_out,B_donor__MLP__M5__imp271709__seed123,B|MLP|M5|271709,123,ap,7,7,0.0009511689659924808,0.001238583628943423
D_leave_one_positive_out,B_donor__MLP__M5__imp271709__seed123,B|MLP|M5|271709,123,f1_val_threshold,7,7,0.0,0.0
D_leave_one_positive_out,B_donor__MLP__M5__imp271709__seed123,B|MLP|M5|271709,123,p_at_5pct,7,7,0.0,0.0
D_leave_one_positive_out,B_donor__MLP__M5__imp271709__seed123,B|MLP|M5|271709,123,r_at_10fpr,7,7,0.0,0.0
D_leave_one_positive_out,B_donor__MLP__M5__imp271709__seed123,B|MLP|M5|271709,123,hits_at_budget,7,7,0.0,0.0
D_leave_one_positive_out,B_donor__MLP__M5__imp271709__seed456,B|MLP|M5|271709,456,roc_auc,7,7,0.5476331946920182,0.6337888690829867
D_leave_one_positive_out,B_donor__MLP__M5__imp271709__seed456,B|MLP|M5|271709,456,ap,7,7,0.0009043277038185872,0.0012184736093727646
D_leave_one_positive_out,B_donor__MLP__M5__imp271709__seed456,B|MLP|M5|271709,456,f1_val_threshold,7,7,0.0,0.0
D_leave_one_positive_out,B_donor__MLP__M5__imp271709__seed456,B|MLP|M5|271709,456,p_at_5pct,7,7,0.0,0.0
D_leave_one_positive_out,B_donor__MLP__M5__imp271709__seed456,B|MLP|M5|271709,456,r_at_10fpr,7,7,0.0,0.0
D_leave_one_positive_out,B_donor__MLP__M5__imp271709__seed456,B|MLP|M5|271709,456,hits_at_budget,7,7,0.0,0.0
D_leave_one_positive_out,B_donor__MLP__M5__imp271709__seed789,B|MLP|M5|271709,789,roc_auc,7,7,0.5878391760744702,0.6954248366013072
D_leave_one_positive_out,B_donor__MLP__M5__imp271709__seed789,B|MLP|M5|271709,789,ap,7,7,0.0009663687416485997,0.001406114811936161
D_leave_one_positive_out,B_donor__MLP__M5__imp271709__seed789,B|MLP|M5|271709,789,f1_val_threshold,7,7,0.0,0.0032414910858995136
D_leave_one_positive_out,B_donor__MLP__M5__imp271709__seed789,B|MLP|M5|271709,789,p_at_5pct,7,7,0.0,0.0
D_leave_one_positive_out,B_donor__MLP__M5__imp271709__seed789,B|MLP|M5|271709,789,r_at_10fpr,7,7,0.0,0.16666666666666666
D_leave_one_positive_out,B_donor__MLP__M5__imp271709__seed789,B|MLP|M5|271709,789,hits_at_budget,7,7,0.0,0.0
D_leave_one_positive_out,B_donor__MLP__M5__imp271709__seed1024,B|MLP|M5|271709,1024,roc_auc,7,7,0.602535155476332,0.6745494157258863
D_leave_one_positive_out,B_donor__MLP__M5__imp271709__seed1024,B|MLP|M5|271709,1024,ap,7,7,0.0009738480049156825,0.0012341428351777877
D_leave_one_positive_out,B_donor__MLP__M5__imp271709__seed1024,B|MLP|M5|271709,1024,f1_val_threshold,7,7,0.0,0.0
D_leave_one_positive_out,B_donor__MLP__M5__imp271709__seed1024,B|MLP|M5|271709,1024,p_at_5pct,7,7,0.0,0.0
D_leave_one_positive_out,B_donor__MLP__M5__imp271709__seed1024,B|MLP|M5|271709,1024,r_at_10fpr,7,7,0.0,0.0
D_leave_one_positive_out,B_donor__MLP__M5__imp271709__seed1024,B|MLP|M5|271709,1024,hits_at_budget,7,7,0.0,0.0
D_leave_one_positive_out,B_donor__MLP__M11__imp271709__seed42,B|MLP|M11|271709,42,roc_auc,7,7,0.6220439691027926,0.6909883145177262
D_leave_one_positive_out,B_donor__MLP__M11__imp271709__seed42,B|MLP|M11|271709,42,ap,7,7,0.001059681003969287,0.0013815766252457682
D_leave_one_positive_out,B_donor__MLP__M11__imp271709__seed42,B|MLP|M11|271709,42,f1_val_threshold,7,7,0.0,0.0
D_leave_one_positive_out,B_donor__MLP__M11__imp271709__seed42,B|MLP|M11|271709,42,p_at_5pct,7,7,0.0,0.0
D_leave_one_positive_out,B_donor__MLP__M11__imp271709__seed42,B|MLP|M11|271709,42,r_at_10fpr,7,7,0.0,0.0
D_leave_one_positive_out,B_donor__MLP__M11__imp271709__seed42,B|MLP|M11|271709,42,hits_at_budget,7,7,0.0,0.0
D_leave_one_positive_out,B_donor__MLP__M11__imp271709__seed123,B|MLP|M11|271709,123,roc_auc,7,7,0.5899584076054665,0.6655575361457714
D_leave_one_positive_out,B_donor__MLP__M11__imp271709__seed123,B|MLP|M11|271709,123,ap,7,7,0.0009685271446678779,0.0012234948537393673
D_leave_one_positive_out,B_donor__MLP__M11__imp271709__seed123,B|MLP|M11|271709,123,f1_val_threshold,7,7,0.0,0.0
D_leave_one_positive_out,B_donor__MLP__M11__imp271709__seed123,B|MLP|M11|271709,123,p_at_5pct,7,7,0.0,0.0
D_leave_one_positive_out,B_donor__MLP__M11__imp271709__seed123,B|MLP|M11|271709,123,r_at_10fpr,7,7,0.0,0.0
D_leave_one_positive_out,B_donor__MLP__M11__imp271709__seed123,B|MLP|M11|271709,123,hits_at_budget,7,7,0.0,0.0
D_leave_one_positive_out,B_donor__MLP__M11__imp271709__seed456,B|MLP|M11|271709,456,roc_auc,7,7,0.6113289760348584,0.696712220241632
D_leave_one_positive_out,B_donor__MLP__M11__imp271709__seed456,B|MLP|M11|271709,456,ap,7,7,0.0010092584624690174,0.001356021457499855
D_leave_one_positive_out,B_donor__MLP__M11__imp271709__seed456,B|MLP|M11|271709,456,f1_val_threshold,7,7,0.0,0.0
D_leave_one_positive_out,B_donor__MLP__M11__imp271709__seed456,B|MLP|M11|271709,456,p_at_5pct,7,7,0.0,0.0
D_leave_one_positive_out,B_donor__MLP__M11__imp271709__seed456,B|MLP|M11|271709,456,r_at_10fpr,7,7,0.0,0.16666666666666666
D_leave_one_positive_out,B_donor__MLP__M11__imp271709__seed456,B|MLP|M11|271709,456,hits_at_budget,7,7,0.0,0.0
D_leave_one_positive_out,B_donor__MLP__M11__imp271709__seed789,B|MLP|M11|271709,789,roc_auc,7,7,0.6167359873242226,0.6844127550009903
D_leave_one_positive_out,B_donor__MLP__M11__imp271709__seed789,B|MLP|M11|271709,789,ap,7,7,0.0010203978008989254,0.0012663320560589767
D_leave_one_positive_out,B_donor__MLP__M11__imp271709__seed789,B|MLP|M11|271709,789,f1_val_threshold,7,7,0.0,0.0
D_leave_one_positive_out,B_donor__MLP__M11__imp271709__seed789,B|MLP|M11|271709,789,p_at_5pct,7,7,0.0,0.0
D_leave_one_positive_out,B_donor__MLP__M11__imp271709__seed789,B|MLP|M11|271709,789,r_at_10fpr,7,7,0.0,0.0
D_leave_one_positive_out,B_donor__MLP__M11__imp271709__seed789,B|MLP|M11|271709,789,hits_at_budget,7,7,0.0,0.0
D_leave_one_positive_out,B_donor__MLP__M11__imp271709__seed1024,B|MLP|M11|271709,1024,roc_auc,7,7,0.6593384828678946,0.7245395127748069
D_leave_one_positive_out,B_donor__MLP__M11__imp271709__seed1024,B|MLP|M11|271709,1024,ap,7,7,0.0011564592627040897,0.0014539390496031966
D_leave_one_positive_out,B_donor__MLP__M11__imp271709__seed1024,B|MLP|M11|271709,1024,f1_val_threshold,7,7,0.0,0.0
D_leave_one_positive_out,B_donor__MLP__M11__imp271709__seed1024,B|MLP|M11|271709,1024,p_at_5pct,7,7,0.0,0.0
D_leave_one_positive_out,B_donor__MLP__M11__imp271709__seed1024,B|MLP|M11|271709,1024,r_at_10fpr,7,7,0.0,0.0
D_leave_one_positive_out,B_donor__MLP__M11__imp271709__seed1024,B|MLP|M11|271709,1024,hits_at_budget,7,7,0.0,0.0
D_leave_one_positive_out,B_donor__RandomForest_unweighted__M5__imp271709__seed42,B|RandomForest_unweighted|M5|271709,42,roc_auc,7,7,0.6248663101604278,0.716181422063775
D_leave_one_positive_out,B_donor__RandomForest_unweighted__M5__imp271709__seed42,B|RandomForest_unweighted|M5|271709,42,ap,7,7,0.0010779753936466057,0.001574382422112829
D_leave_one_positive_out,B_donor__RandomForest_unweighted__M5__imp271709__seed42,B|RandomForest_unweighted|M5|271709,42,f1_val_threshold,7,7,0.0,0.0
D_leave_one_positive_out,B_donor__RandomForest_unweighted__M5__imp271709__seed42,B|RandomForest_unweighted|M5|271709,42,p_at_5pct,7,7,0.0,0.0
D_leave_one_positive_out,B_donor__RandomForest_unweighted__M5__imp271709__seed42,B|RandomForest_unweighted|M5|271709,42,r_at_10fpr,7,7,0.0,0.16666666666666666
D_leave_one_positive_out,B_donor__RandomForest_unweighted__M5__imp271709__seed42,B|RandomForest_unweighted|M5|271709,42,hits_at_budget,7,7,0.0,0.0
D_leave_one_positive_out,B_donor__RandomForest_unweighted__M5__imp271709__seed123,B|RandomForest_unweighted|M5|271709,123,roc_auc,7,7,0.6232818379877203,0.7177956030897208
D_leave_one_positive_out,B_donor__RandomForest_unweighted__M5__imp271709__seed123,B|RandomForest_unweighted|M5|271709,123,ap,7,7,0.0009716402065371281,0.0016871622546079529
D_leave_one_positive_out,B_donor__RandomForest_unweighted__M5__imp271709__seed123,B|RandomForest_unweighted|M5|271709,123,f1_val_threshold,7,7,0.0,0.006024096385542169
D_leave_one_positive_out,B_donor__RandomForest_unweighted__M5__imp271709__seed123,B|RandomForest_unweighted|M5|271709,123,p_at_5pct,7,7,0.0,0.002369668246445498
D_leave_one_positive_out,B_donor__RandomForest_unweighted__M5__imp271709__seed123,B|RandomForest_unweighted|M5|271709,123,r_at_10fpr,7,7,0.0,0.16666666666666666
D_leave_one_positive_out,B_donor__RandomForest_unweighted__M5__imp271709__seed123,B|RandomForest_unweighted|M5|271709,123,hits_at_budget,7,7,0.0,1.0
D_leave_one_positive_out,B_donor__RandomForest_unweighted__M5__imp271709__seed456,B|RandomForest_unweighted|M5|271709,456,roc_auc,7,7,0.6969399881164586,0.7730540701128936
D_leave_one_positive_out,B_donor__RandomForest_unweighted__M5__imp271709__seed456,B|RandomForest_unweighted|M5|271709,456,ap,7,7,0.0012481947199335305,0.002045952947834168
D_leave_one_positive_out,B_donor__RandomForest_unweighted__M5__imp271709__seed456,B|RandomForest_unweighted|M5|271709,456,f1_val_threshold,7,7,0.0,0.005025125628140704
D_leave_one_positive_out,B_donor__RandomForest_unweighted__M5__imp271709__seed456,B|RandomForest_unweighted|M5|271709,456,p_at_5pct,7,7,0.0,0.002369668246445498
D_leave_one_positive_out,B_donor__RandomForest_unweighted__M5__imp271709__seed456,B|RandomForest_unweighted|M5|271709,456,r_at_10fpr,7,7,0.0,0.16666666666666666
D_leave_one_positive_out,B_donor__RandomForest_unweighted__M5__imp271709__seed456,B|RandomForest_unweighted|M5|271709,456,hits_at_budget,7,7,0.0,1.0
D_leave_one_positive_out,B_donor__RandomForest_unweighted__M5__imp271709__seed789,B|RandomForest_unweighted|M5|271709,789,roc_auc,7,7,0.56815210932858,0.7005644682115271
D_leave_one_positive_out,B_donor__RandomForest_unweighted__M5__imp271709__seed789,B|RandomForest_unweighted|M5|271709,789,ap,7,7,0.0009273038878174959,0.0015741712500813626
D_leave_one_positive_out,B_donor__RandomForest_unweighted__M5__imp271709__seed789,B|RandomForest_unweighted|M5|271709,789,f1_val_threshold,7,7,0.0,0.0
D_leave_one_positive_out,B_donor__RandomForest_unweighted__M5__imp271709__seed789,B|RandomForest_unweighted|M5|271709,789,p_at_5pct,7,7,0.0,0.002369668246445498
D_leave_one_positive_out,B_donor__RandomForest_unweighted__M5__imp271709__seed789,B|RandomForest_unweighted|M5|271709,789,r_at_10fpr,7,7,0.0,0.16666666666666666
D_leave_one_positive_out,B_donor__RandomForest_unweighted__M5__imp271709__seed789,B|RandomForest_unweighted|M5|271709,789,hits_at_budget,7,7,0.0,1.0
D_leave_one_positive_out,B_donor__RandomForest_unweighted__M5__imp271709__seed1024,B|RandomForest_unweighted|M5|271709,1024,roc_auc,7,7,0.5887403446226975,0.7214795008912656
D_leave_one_positive_out,B_donor__RandomForest_unweighted__M5__imp271709__seed1024,B|RandomForest_unweighted|M5|271709,1024,ap,7,7,0.0010420229531476388,0.001757794989273021
D_leave_one_positive_out,B_donor__RandomForest_unweighted__M5__imp271709__seed1024,B|RandomForest_unweighted|M5|271709,1024,f1_val_threshold,7,7,0.0,0.0
D_leave_one_positive_out,B_donor__RandomForest_unweighted__M5__imp271709__seed1024,B|RandomForest_unweighted|M5|271709,1024,p_at_5pct,7,7,0.0,0.002369668246445498
D_leave_one_positive_out,B_donor__RandomForest_unweighted__M5__imp271709__seed1024,B|RandomForest_unweighted|M5|271709,1024,r_at_10fpr,7,7,0.0,0.16666666666666666
D_leave_one_positive_out,B_donor__RandomForest_unweighted__M5__imp271709__seed1024,B|RandomForest_unweighted|M5|271709,1024,hits_at_budget,7,7,0.0,1.0
D_leave_one_positive_out,B_donor__RandomForest_unweighted__M11__imp271709__seed42,B|RandomForest_unweighted|M11|271709,42,roc_auc,7,7,0.6920974450386215,0.738373935432759
D_leave_one_positive_out,B_donor__RandomForest_unweighted__M11__imp271709__seed42,B|RandomForest_unweighted|M11|271709,42,ap,7,7,0.0015422803015214576,0.0017770918478535373
D_leave_one_positive_out,B_donor__RandomForest_unweighted__M11__imp271709__seed42,B|RandomForest_unweighted|M11|271709,42,f1_val_threshold,7,7,0.0,0.0
D_leave_one_positive_out,B_donor__RandomForest_unweighted__M11__imp271709__seed42,B|RandomForest_unweighted|M11|271709,42,p_at_5pct,7,7,0.0,0.0
D_leave_one_positive_out,B_donor__RandomForest_unweighted__M11__imp271709__seed42,B|RandomForest_unweighted|M11|271709,42,r_at_10fpr,7,7,0.0,0.16666666666666666
D_leave_one_positive_out,B_donor__RandomForest_unweighted__M11__imp271709__seed42,B|RandomForest_unweighted|M11|271709,42,hits_at_budget,7,7,0.0,0.0
D_leave_one_positive_out,B_donor__RandomForest_unweighted__M11__imp271709__seed123,B|RandomForest_unweighted|M11|271709,123,roc_auc,7,7,0.6232521291344821,0.7033769063180828
D_leave_one_positive_out,B_donor__RandomForest_unweighted__M11__imp271709__seed123,B|RandomForest_unweighted|M11|271709,123,ap,7,7,0.0010176627821120202,0.0013329784091002598
D_leave_one_positive_out,B_donor__RandomForest_unweighted__M11__imp271709__seed123,B|RandomForest_unweighted|M11|271709,123,f1_val_threshold,7,7,0.0,0.0
D_leave_one_positive_out,B_donor__RandomForest_unweighted__M11__imp271709__seed123,B|RandomForest_unweighted|M11|271709,123,p_at_5pct,7,7,0.0,0.0
D_leave_one_positive_out,B_donor__RandomForest_unweighted__M11__imp271709__seed123,B|RandomForest_unweighted|M11|271709,123,r_at_10fpr,7,7,0.0,0.16666666666666666
D_leave_one_positive_out,B_donor__RandomForest_unweighted__M11__imp271709__seed123,B|RandomForest_unweighted|M11|271709,123,hits_at_budget,7,7,0.0,0.0
D_leave_one_positive_out,B_donor__RandomForest_unweighted__M11__imp271709__seed456,B|RandomForest_unweighted|M11|271709,456,roc_auc,7,7,0.7004159239453358,0.7851752822341058
D_leave_one_positive_out,B_donor__RandomForest_unweighted__M11__imp271709__seed456,B|RandomForest_unweighted|M11|271709,456,ap,7,7,0.0012836957688411657,0.001779188178588333
D_leave_one_positive_out,B_donor__RandomForest_unweighted__M11__imp271709__seed456,B|RandomForest_unweighted|M11|271709,456,f1_val_threshold,7,7,0.0,0.0
D_leave_one_positive_out,B_donor__RandomForest_unweighted__M11__imp271709__seed456,B|RandomForest_unweighted|M11|271709,456,p_at_5pct,7,7,0.0,0.0
D_leave_one_positive_out,B_donor__RandomForest_unweighted__M11__imp271709__seed456,B|RandomForest_unweighted|M11|271709,456,r_at_10fpr,7,7,0.0,0.16666666666666666
D_leave_one_positive_out,B_donor__RandomForest_unweighted__M11__imp271709__seed456,B|RandomForest_unweighted|M11|271709,456,hits_at_budget,7,7,0.0,0.0
D_leave_one_positive_out,B_donor__RandomForest_unweighted__M11__imp271709__seed789,B|RandomForest_unweighted|M11|271709,789,roc_auc,7,7,0.7300653594771243,0.7774212715389186
D_leave_one_positive_out,B_donor__RandomForest_unweighted__M11__imp271709__seed789,B|RandomForest_unweighted|M11|271709,789,ap,7,7,0.0014555917430282333,0.0018430319175406972
D_leave_one_positive_out,B_donor__RandomForest_unweighted__M11__imp271709__seed789,B|RandomForest_unweighted|M11|271709,789,f1_val_threshold,7,7,0.0,0.0
D_leave_one_positive_out,B_donor__RandomForest_unweighted__M11__imp271709__seed789,B|RandomForest_unweighted|M11|271709,789,p_at_5pct,7,7,0.0,0.0
D_leave_one_positive_out,B_donor__RandomForest_unweighted__M11__imp271709__seed789,B|RandomForest_unweighted|M11|271709,789,r_at_10fpr,7,7,0.0,0.16666666666666666
D_leave_one_positive_out,B_donor__RandomForest_unweighted__M11__imp271709__seed789,B|RandomForest_unweighted|M11|271709,789,hits_at_budget,7,7,0.0,0.0
D_leave_one_positive_out,B_donor__RandomForest_unweighted__M11__imp271709__seed1024,B|RandomForest_unweighted|M11|271709,1024,roc_auc,7,7,0.6657853040205981,0.7343434343434343
D_leave_one_positive_out,B_donor__RandomForest_unweighted__M11__imp271709__seed1024,B|RandomForest_unweighted|M11|271709,1024,ap,7,7,0.0011528815022847402,0.0016229474069534948
D_leave_one_positive_out,B_donor__RandomForest_unweighted__M11__imp271709__seed1024,B|RandomForest_unweighted|M11|271709,1024,f1_val_threshold,7,7,0.0,0.0
D_leave_one_positive_out,B_donor__RandomForest_unweighted__M11__imp271709__seed1024,B|RandomForest_unweighted|M11|271709,1024,p_at_5pct,7,7,0.0,0.0
D_leave_one_positive_out,B_donor__RandomForest_unweighted__M11__imp271709__seed1024,B|RandomForest_unweighted|M11|271709,1024,r_at_10fpr,7,7,0.0,0.16666666666666666
D_leave_one_positive_out,B_donor__RandomForest_unweighted__M11__imp271709__seed1024,B|RandomForest_unweighted|M11|271709,1024,hits_at_budget,7,7,0.0,0.0
D_leave_one_positive_out,B0_dropFIN87__MLP__M5_no_FIN87__seed42,B0|MLP|M5_no_FIN87,42,roc_auc,7,7,0.38380867498514554,0.4761734997029114
D_leave_one_positive_out,B0_dropFIN87__MLP__M5_no_FIN87__seed42,B0|MLP|M5_no_FIN87,42,ap,7,7,0.0006122822659920206,0.0007167469188157751
D_leave_one_positive_out,B0_dropFIN87__MLP__M5_no_FIN87__seed42,B0|MLP|M5_no_FIN87,42,f1_val_threshold,7,7,0.0,0.0
D_leave_one_positive_out,B0_dropFIN87__MLP__M5_no_FIN87__seed42,B0|MLP|M5_no_FIN87,42,p_at_5pct,7,7,0.0,0.0
D_leave_one_positive_out,B0_dropFIN87__MLP__M5_no_FIN87__seed42,B0|MLP|M5_no_FIN87,42,r_at_10fpr,7,7,0.0,0.0
D_leave_one_positive_out,B0_dropFIN87__MLP__M5_no_FIN87__seed42,B0|MLP|M5_no_FIN87,42,hits_at_budget,7,7,0.0,0.0
D_leave_one_positive_out,B0_dropFIN87__MLP__M5_no_FIN87__seed123,B0|MLP|M5_no_FIN87,123,roc_auc,7,7,0.4644385026737967,0.5832244008714597
D_leave_one_positive_out,B0_dropFIN87__MLP__M5_no_FIN87__seed123,B0|MLP|M5_no_FIN87,123,ap,7,7,0.0008682353518880304,0.0013243963498167314
D_leave_one_positive_out,B0_dropFIN87__MLP__M5_no_FIN87__seed123,B0|MLP|M5_no_FIN87,123,f1_val_threshold,7,7,0.002028397565922921,0.0030410542321338066
D_leave_one_positive_out,B0_dropFIN87__MLP__M5_no_FIN87__seed123,B0|MLP|M5_no_FIN87,123,p_at_5pct,7,7,0.0,0.0
D_leave_one_positive_out,B0_dropFIN87__MLP__M5_no_FIN87__seed123,B0|MLP|M5_no_FIN87,123,r_at_10fpr,7,7,0.0,0.16666666666666666
D_leave_one_positive_out,B0_dropFIN87__MLP__M5_no_FIN87__seed123,B0|MLP|M5_no_FIN87,123,hits_at_budget,7,7,0.0,0.0
D_leave_one_positive_out,B0_dropFIN87__MLP__M5_no_FIN87__seed456,B0|MLP|M5_no_FIN87,456,roc_auc,7,7,0.34863339275103983,0.4510992275698158
D_leave_one_positive_out,B0_dropFIN87__MLP__M5_no_FIN87__seed456,B0|MLP|M5_no_FIN87,456,ap,7,7,0.0005801640742217017,0.0007118453817801265
D_leave_one_positive_out,B0_dropFIN87__MLP__M5_no_FIN87__seed456,B0|MLP|M5_no_FIN87,456,f1_val_threshold,7,7,0.0,0.0
D_leave_one_positive_out,B0_dropFIN87__MLP__M5_no_FIN87__seed456,B0|MLP|M5_no_FIN87,456,p_at_5pct,7,7,0.0,0.0
D_leave_one_positive_out,B0_dropFIN87__MLP__M5_no_FIN87__seed456,B0|MLP|M5_no_FIN87,456,r_at_10fpr,7,7,0.0,0.0
D_leave_one_positive_out,B0_dropFIN87__MLP__M5_no_FIN87__seed456,B0|MLP|M5_no_FIN87,456,hits_at_budget,7,7,0.0,0.0
D_leave_one_positive_out,B0_dropFIN87__MLP__M5_no_FIN87__seed789,B0|MLP|M5_no_FIN87,789,roc_auc,7,7,0.5283719548425431,0.6583778966131908
D_leave_one_positive_out,B0_dropFIN87__MLP__M5_no_FIN87__seed789,B0|MLP|M5_no_FIN87,789,ap,7,7,0.0008754949509743788,0.0028158834099860125
D_leave_one_positive_out,B0_dropFIN87__MLP__M5_no_FIN87__seed789,B0|MLP|M5_no_FIN87,789,f1_val_threshold,7,7,0.0,0.0
D_leave_one_positive_out,B0_dropFIN87__MLP__M5_no_FIN87__seed789,B0|MLP|M5_no_FIN87,789,p_at_5pct,7,7,0.0,0.002369668246445498
D_leave_one_positive_out,B0_dropFIN87__MLP__M5_no_FIN87__seed789,B0|MLP|M5_no_FIN87,789,r_at_10fpr,7,7,0.0,0.16666666666666666
D_leave_one_positive_out,B0_dropFIN87__MLP__M5_no_FIN87__seed789,B0|MLP|M5_no_FIN87,789,hits_at_budget,7,7,0.0,1.0
D_leave_one_positive_out,B0_dropFIN87__MLP__M5_no_FIN87__seed1024,B0|MLP|M5_no_FIN87,1024,roc_auc,7,7,0.364161220043573,0.5042483660130719
D_leave_one_positive_out,B0_dropFIN87__MLP__M5_no_FIN87__seed1024,B0|MLP|M5_no_FIN87,1024,ap,7,7,0.000600651756781329,0.0008072941868390569
D_leave_one_positive_out,B0_dropFIN87__MLP__M5_no_FIN87__seed1024,B0|MLP|M5_no_FIN87,1024,f1_val_threshold,7,7,0.0007283321194464676,0.0014561339643247178
D_leave_one_positive_out,B0_dropFIN87__MLP__M5_no_FIN87__seed1024,B0|MLP|M5_no_FIN87,1024,p_at_5pct,7,7,0.0,0.0
D_leave_one_positive_out,B0_dropFIN87__MLP__M5_no_FIN87__seed1024,B0|MLP|M5_no_FIN87,1024,r_at_10fpr,7,7,0.0,0.0
D_leave_one_positive_out,B0_dropFIN87__MLP__M5_no_FIN87__seed1024,B0|MLP|M5_no_FIN87,1024,hits_at_budget,7,7,0.0,0.0
D_leave_one_positive_out,B0_dropFIN87__MLP__M11_no_FIN87__seed42,B0|MLP|M11_no_FIN87,42,roc_auc,7,7,0.5143790849673202,0.6278470984353337
D_leave_one_positive_out,B0_dropFIN87__MLP__M11_no_FIN87__seed42,B0|MLP|M11_no_FIN87,42,ap,7,7,0.000843712620203941,0.0011116061234353975
D_leave_one_positive_out,B0_dropFIN87__MLP__M11_no_FIN87__seed42,B0|MLP|M11_no_FIN87,42,f1_val_threshold,7,7,0.0,0.0
D_leave_one_positive_out,B0_dropFIN87__MLP__M11_no_FIN87__seed42,B0|MLP|M11_no_FIN87,42,p_at_5pct,7,7,0.0,0.0
D_leave_one_positive_out,B0_dropFIN87__MLP__M11_no_FIN87__seed42,B0|MLP|M11_no_FIN87,42,r_at_10fpr,7,7,0.0,0.0
D_leave_one_positive_out,B0_dropFIN87__MLP__M11_no_FIN87__seed42,B0|MLP|M11_no_FIN87,42,hits_at_budget,7,7,0.0,0.0
D_leave_one_positive_out,B0_dropFIN87__MLP__M11_no_FIN87__seed123,B0|MLP|M11_no_FIN87,123,roc_auc,7,7,0.4785700138641315,0.5943553178847296
D_leave_one_positive_out,B0_dropFIN87__MLP__M11_no_FIN87__seed123,B0|MLP|M11_no_FIN87,123,ap,7,7,0.0007529140616395341,0.0011947742742434598
D_leave_one_positive_out,B0_dropFIN87__MLP__M11_no_FIN87__seed123,B0|MLP|M11_no_FIN87,123,f1_val_threshold,7,7,0.0,0.0
D_leave_one_positive_out,B0_dropFIN87__MLP__M11_no_FIN87__seed123,B0|MLP|M11_no_FIN87,123,p_at_5pct,7,7,0.0,0.0
D_leave_one_positive_out,B0_dropFIN87__MLP__M11_no_FIN87__seed123,B0|MLP|M11_no_FIN87,123,r_at_10fpr,7,7,0.0,0.16666666666666666
D_leave_one_positive_out,B0_dropFIN87__MLP__M11_no_FIN87__seed123,B0|MLP|M11_no_FIN87,123,hits_at_budget,7,7,0.0,0.0
D_leave_one_positive_out,B0_dropFIN87__MLP__M11_no_FIN87__seed456,B0|MLP|M11_no_FIN87,456,roc_auc,7,7,0.5003466032877797,0.6152901564666271
D_leave_one_positive_out,B0_dropFIN87__MLP__M11_no_FIN87__seed456,B0|MLP|M11_no_FIN87,456,ap,7,7,0.00088726904011515,0.0012892030866263548
D_leave_one_positive_out,B0_dropFIN87__MLP__M11_no_FIN87__seed456,B0|MLP|M11_no_FIN87,456,f1_val_threshold,7,7,0.0,0.0
D_leave_one_positive_out,B0_dropFIN87__MLP__M11_no_FIN87__seed456,B0|MLP|M11_no_FIN87,456,p_at_5pct,7,7,0.0,0.0
D_leave_one_positive_out,B0_dropFIN87__MLP__M11_no_FIN87__seed456,B0|MLP|M11_no_FIN87,456,r_at_10fpr,7,7,0.0,0.0
D_leave_one_positive_out,B0_dropFIN87__MLP__M11_no_FIN87__seed456,B0|MLP|M11_no_FIN87,456,hits_at_budget,7,7,0.0,0.0
D_leave_one_positive_out,B0_dropFIN87__MLP__M11_no_FIN87__seed789,B0|MLP|M11_no_FIN87,789,roc_auc,7,7,0.5307387601505249,0.6754406813230343
D_leave_one_positive_out,B0_dropFIN87__MLP__M11_no_FIN87__seed789,B0|MLP|M11_no_FIN87,789,ap,7,7,0.0009355601847527966,0.0013693751154054763
D_leave_one_positive_out,B0_dropFIN87__MLP__M11_no_FIN87__seed789,B0|MLP|M11_no_FIN87,789,f1_val_threshold,7,7,0.0,0.0
D_leave_one_positive_out,B0_dropFIN87__MLP__M11_no_FIN87__seed789,B0|MLP|M11_no_FIN87,789,p_at_5pct,7,7,0.0,0.0
D_leave_one_positive_out,B0_dropFIN87__MLP__M11_no_FIN87__seed789,B0|MLP|M11_no_FIN87,789,r_at_10fpr,7,7,0.0,0.16666666666666666
D_leave_one_positive_out,B0_dropFIN87__MLP__M11_no_FIN87__seed789,B0|MLP|M11_no_FIN87,789,hits_at_budget,7,7,0.0,0.0
D_leave_one_positive_out,B0_dropFIN87__MLP__M11_no_FIN87__seed1024,B0|MLP|M11_no_FIN87,1024,roc_auc,7,7,0.4820162408397703,0.5836799366211132
D_leave_one_positive_out,B0_dropFIN87__MLP__M11_no_FIN87__seed1024,B0|MLP|M11_no_FIN87,1024,ap,7,7,0.0007576415201978505,0.0009434876207487691
D_leave_one_positive_out,B0_dropFIN87__MLP__M11_no_FIN87__seed1024,B0|MLP|M11_no_FIN87,1024,f1_val_threshold,7,7,0.0,0.0
D_leave_one_positive_out,B0_dropFIN87__MLP__M11_no_FIN87__seed1024,B0|MLP|M11_no_FIN87,1024,p_at_5pct,7,7,0.0,0.0
D_leave_one_positive_out,B0_dropFIN87__MLP__M11_no_FIN87__seed1024,B0|MLP|M11_no_FIN87,1024,r_at_10fpr,7,7,0.0,0.0
D_leave_one_positive_out,B0_dropFIN87__MLP__M11_no_FIN87__seed1024,B0|MLP|M11_no_FIN87,1024,hits_at_budget,7,7,0.0,0.0
D_leave_one_positive_out,B0_dropFIN87__RandomForest_unweighted__M5_no_FIN87__seed42,B0|RandomForest_unweighted|M5_no_FIN87,42,roc_auc,7,7,0.4650722915428797,0.6059417706476531
D_leave_one_positive_out,B0_dropFIN87__RandomForest_unweighted__M5_no_FIN87__seed42,B0|RandomForest_unweighted|M5_no_FIN87,42,ap,7,7,0.0007179390166969332,0.0013044673451831014
D_leave_one_positive_out,B0_dropFIN87__RandomForest_unweighted__M5_no_FIN87__seed42,B0|RandomForest_unweighted|M5_no_FIN87,42,f1_val_threshold,7,7,0.0,0.0016286644951140066
D_leave_one_positive_out,B0_dropFIN87__RandomForest_unweighted__M5_no_FIN87__seed42,B0|RandomForest_unweighted|M5_no_FIN87,42,p_at_5pct,7,7,0.0,0.002369668246445498
D_leave_one_positive_out,B0_dropFIN87__RandomForest_unweighted__M5_no_FIN87__seed42,B0|RandomForest_unweighted|M5_no_FIN87,42,r_at_10fpr,7,7,0.0,0.16666666666666666
D_leave_one_positive_out,B0_dropFIN87__RandomForest_unweighted__M5_no_FIN87__seed42,B0|RandomForest_unweighted|M5_no_FIN87,42,hits_at_budget,7,7,0.0,1.0
D_leave_one_positive_out,B0_dropFIN87__RandomForest_unweighted__M5_no_FIN87__seed123,B0|RandomForest_unweighted|M5_no_FIN87,123,roc_auc,7,7,0.46527035056446814,0.6073776985541691
D_leave_one_positive_out,B0_dropFIN87__RandomForest_unweighted__M5_no_FIN87__seed123,B0|RandomForest_unweighted|M5_no_FIN87,123,ap,7,7,0.0007159985599323676,0.0014176353356719006
D_leave_one_positive_out,B0_dropFIN87__RandomForest_unweighted__M5_no_FIN87__seed123,B0|RandomForest_unweighted|M5_no_FIN87,123,f1_val_threshold,7,7,0.001423994304022784,0.001423994304022784
D_leave_one_positive_out,B0_dropFIN87__RandomForest_unweighted__M5_no_FIN87__seed123,B0|RandomForest_unweighted|M5_no_FIN87,123,p_at_5pct,7,7,0.0,0.002369668246445498
D_leave_one_positive_out,B0_dropFIN87__RandomForest_unweighted__M5_no_FIN87__seed123,B0|RandomForest_unweighted|M5_no_FIN87,123,r_at_10fpr,7,7,0.0,0.16666666666666666
D_leave_one_positive_out,B0_dropFIN87__RandomForest_unweighted__M5_no_FIN87__seed123,B0|RandomForest_unweighted|M5_no_FIN87,123,hits_at_budget,7,7,0.0,1.0
D_leave_one_positive_out,B0_dropFIN87__RandomForest_unweighted__M5_no_FIN87__seed456,B0|RandomForest_unweighted|M5_no_FIN87,456,roc_auc,7,7,0.4687363834422658,0.6081699346405228
D_leave_one_positive_out,B0_dropFIN87__RandomForest_unweighted__M5_no_FIN87__seed456,B0|RandomForest_unweighted|M5_no_FIN87,456,ap,7,7,0.0007197401846643378,0.0012401276428226603
D_leave_one_positive_out,B0_dropFIN87__RandomForest_unweighted__M5_no_FIN87__seed456,B0|RandomForest_unweighted|M5_no_FIN87,456,f1_val_threshold,7,7,0.001423994304022784,0.001423994304022784
D_leave_one_positive_out,B0_dropFIN87__RandomForest_unweighted__M5_no_FIN87__seed456,B0|RandomForest_unweighted|M5_no_FIN87,456,p_at_5pct,7,7,0.0,0.002369668246445498
D_leave_one_positive_out,B0_dropFIN87__RandomForest_unweighted__M5_no_FIN87__seed456,B0|RandomForest_unweighted|M5_no_FIN87,456,r_at_10fpr,7,7,0.0,0.16666666666666666
D_leave_one_positive_out,B0_dropFIN87__RandomForest_unweighted__M5_no_FIN87__seed456,B0|RandomForest_unweighted|M5_no_FIN87,456,hits_at_budget,7,7,0.0,1.0
D_leave_one_positive_out,B0_dropFIN87__RandomForest_unweighted__M5_no_FIN87__seed789,B0|RandomForest_unweighted|M5_no_FIN87,789,roc_auc,7,7,0.4989998019409784,0.6359378094672213
D_leave_one_positive_out,B0_dropFIN87__RandomForest_unweighted__M5_no_FIN87__seed789,B0|RandomForest_unweighted|M5_no_FIN87,789,ap,7,7,0.000740538496332834,0.0011567373063311511
D_leave_one_positive_out,B0_dropFIN87__RandomForest_unweighted__M5_no_FIN87__seed789,B0|RandomForest_unweighted|M5_no_FIN87,789,f1_val_threshold,7,7,0.0015460729746444033,0.0018550007729169888
D_leave_one_positive_out,B0_dropFIN87__RandomForest_unweighted__M5_no_FIN87__seed789,B0|RandomForest_unweighted|M5_no_FIN87,789,p_at_5pct,7,7,0.0,0.0
D_leave_one_positive_out,B0_dropFIN87__RandomForest_unweighted__M5_no_FIN87__seed789,B0|RandomForest_unweighted|M5_no_FIN87,789,r_at_10fpr,7,7,0.0,0.16666666666666666
D_leave_one_positive_out,B0_dropFIN87__RandomForest_unweighted__M5_no_FIN87__seed789,B0|RandomForest_unweighted|M5_no_FIN87,789,hits_at_budget,7,7,0.0,0.0
D_leave_one_positive_out,B0_dropFIN87__RandomForest_unweighted__M5_no_FIN87__seed1024,B0|RandomForest_unweighted|M5_no_FIN87,1024,roc_auc,7,7,0.4637651020003961,0.6014062190532778
D_leave_one_positive_out,B0_dropFIN87__RandomForest_unweighted__M5_no_FIN87__seed1024,B0|RandomForest_unweighted|M5_no_FIN87,1024,ap,7,7,0.0007160638741861024,0.0011137219470887382
D_leave_one_positive_out,B0_dropFIN87__RandomForest_unweighted__M5_no_FIN87__seed1024,B0|RandomForest_unweighted|M5_no_FIN87,1024,f1_val_threshold,7,7,0.0012372409526755336,0.0015463120457708365
D_leave_one_positive_out,B0_dropFIN87__RandomForest_unweighted__M5_no_FIN87__seed1024,B0|RandomForest_unweighted|M5_no_FIN87,1024,p_at_5pct,7,7,0.0,0.0
D_leave_one_positive_out,B0_dropFIN87__RandomForest_unweighted__M5_no_FIN87__seed1024,B0|RandomForest_unweighted|M5_no_FIN87,1024,r_at_10fpr,7,7,0.0,0.16666666666666666
D_leave_one_positive_out,B0_dropFIN87__RandomForest_unweighted__M5_no_FIN87__seed1024,B0|RandomForest_unweighted|M5_no_FIN87,1024,hits_at_budget,7,7,0.0,0.0
D_leave_one_positive_out,B0_dropFIN87__RandomForest_unweighted__M11_no_FIN87__seed42,B0|RandomForest_unweighted|M11_no_FIN87,42,roc_auc,7,7,0.40714993067934246,0.531095266389384
D_leave_one_positive_out,B0_dropFIN87__RandomForest_unweighted__M11_no_FIN87__seed42,B0|RandomForest_unweighted|M11_no_FIN87,42,ap,7,7,0.00068092102847642,0.0009918338347846278
D_leave_one_positive_out,B0_dropFIN87__RandomForest_unweighted__M11_no_FIN87__seed42,B0|RandomForest_unweighted|M11_no_FIN87,42,f1_val_threshold,7,7,0.0,0.0
D_leave_one_positive_out,B0_dropFIN87__RandomForest_unweighted__M11_no_FIN87__seed42,B0|RandomForest_unweighted|M11_no_FIN87,42,p_at_5pct,7,7,0.0,0.0
D_leave_one_positive_out,B0_dropFIN87__RandomForest_unweighted__M11_no_FIN87__seed42,B0|RandomForest_unweighted|M11_no_FIN87,42,r_at_10fpr,7,7,0.0,0.16666666666666666
D_leave_one_positive_out,B0_dropFIN87__RandomForest_unweighted__M11_no_FIN87__seed42,B0|RandomForest_unweighted|M11_no_FIN87,42,hits_at_budget,7,7,0.0,0.0
D_leave_one_positive_out,B0_dropFIN87__RandomForest_unweighted__M11_no_FIN87__seed123,B0|RandomForest_unweighted|M11_no_FIN87,123,roc_auc,7,7,0.4706179441473559,0.5926916221033869
D_leave_one_positive_out,B0_dropFIN87__RandomForest_unweighted__M11_no_FIN87__seed123,B0|RandomForest_unweighted|M11_no_FIN87,123,ap,7,7,0.0008180484872567157,0.001220727925702013
D_leave_one_positive_out,B0_dropFIN87__RandomForest_unweighted__M11_no_FIN87__seed123,B0|RandomForest_unweighted|M11_no_FIN87,123,f1_val_threshold,7,7,0.0,0.0
D_leave_one_positive_out,B0_dropFIN87__RandomForest_unweighted__M11_no_FIN87__seed123,B0|RandomForest_unweighted|M11_no_FIN87,123,p_at_5pct,7,7,0.0,0.0
D_leave_one_positive_out,B0_dropFIN87__RandomForest_unweighted__M11_no_FIN87__seed123,B0|RandomForest_unweighted|M11_no_FIN87,123,r_at_10fpr,7,7,0.0,0.16666666666666666
D_leave_one_positive_out,B0_dropFIN87__RandomForest_unweighted__M11_no_FIN87__seed123,B0|RandomForest_unweighted|M11_no_FIN87,123,hits_at_budget,7,7,0.0,0.0
D_leave_one_positive_out,B0_dropFIN87__RandomForest_unweighted__M11_no_FIN87__seed456,B0|RandomForest_unweighted|M11_no_FIN87,456,roc_auc,7,7,0.47410378292731226,0.6006932065755595
D_leave_one_positive_out,B0_dropFIN87__RandomForest_unweighted__M11_no_FIN87__seed456,B0|RandomForest_unweighted|M11_no_FIN87,456,ap,7,7,0.0007014579001315942,0.0010877944701206213
D_leave_one_positive_out,B0_dropFIN87__RandomForest_unweighted__M11_no_FIN87__seed456,B0|RandomForest_unweighted|M11_no_FIN87,456,f1_val_threshold,7,7,0.0,0.0
D_leave_one_positive_out,B0_dropFIN87__RandomForest_unweighted__M11_no_FIN87__seed456,B0|RandomForest_unweighted|M11_no_FIN87,456,p_at_5pct,7,7,0.0,0.0
D_leave_one_positive_out,B0_dropFIN87__RandomForest_unweighted__M11_no_FIN87__seed456,B0|RandomForest_unweighted|M11_no_FIN87,456,r_at_10fpr,7,7,0.0,0.16666666666666666
D_leave_one_positive_out,B0_dropFIN87__RandomForest_unweighted__M11_no_FIN87__seed456,B0|RandomForest_unweighted|M11_no_FIN87,456,hits_at_budget,7,7,0.0,0.0
D_leave_one_positive_out,B0_dropFIN87__RandomForest_unweighted__M11_no_FIN87__seed789,B0|RandomForest_unweighted|M11_no_FIN87,789,roc_auc,7,7,0.40512972865914043,0.5241037829273123
D_leave_one_positive_out,B0_dropFIN87__RandomForest_unweighted__M11_no_FIN87__seed789,B0|RandomForest_unweighted|M11_no_FIN87,789,ap,7,7,0.0006683994489217985,0.0009104512608236766
D_leave_one_positive_out,B0_dropFIN87__RandomForest_unweighted__M11_no_FIN87__seed789,B0|RandomForest_unweighted|M11_no_FIN87,789,f1_val_threshold,7,7,0.0,0.0
D_leave_one_positive_out,B0_dropFIN87__RandomForest_unweighted__M11_no_FIN87__seed789,B0|RandomForest_unweighted|M11_no_FIN87,789,p_at_5pct,7,7,0.0,0.0
D_leave_one_positive_out,B0_dropFIN87__RandomForest_unweighted__M11_no_FIN87__seed789,B0|RandomForest_unweighted|M11_no_FIN87,789,r_at_10fpr,7,7,0.0,0.0
D_leave_one_positive_out,B0_dropFIN87__RandomForest_unweighted__M11_no_FIN87__seed789,B0|RandomForest_unweighted|M11_no_FIN87,789,hits_at_budget,7,7,0.0,0.0
D_leave_one_positive_out,B0_dropFIN87__RandomForest_unweighted__M11_no_FIN87__seed1024,B0|RandomForest_unweighted|M11_no_FIN87,1024,roc_auc,7,7,0.42829273123390765,0.5550703109526638
D_leave_one_positive_out,B0_dropFIN87__RandomForest_unweighted__M11_no_FIN87__seed1024,B0|RandomForest_unweighted|M11_no_FIN87,1024,ap,7,7,0.0007719965305192229,0.0011830287054762241
D_leave_one_positive_out,B0_dropFIN87__RandomForest_unweighted__M11_no_FIN87__seed1024,B0|RandomForest_unweighted|M11_no_FIN87,1024,f1_val_threshold,7,7,0.0,0.0
D_leave_one_positive_out,B0_dropFIN87__RandomForest_unweighted__M11_no_FIN87__seed1024,B0|RandomForest_unweighted|M11_no_FIN87,1024,p_at_5pct,7,7,0.0,0.0
D_leave_one_positive_out,B0_dropFIN87__RandomForest_unweighted__M11_no_FIN87__seed1024,B0|RandomForest_unweighted|M11_no_FIN87,1024,r_at_10fpr,7,7,0.0,0.16666666666666666
D_leave_one_positive_out,B0_dropFIN87__RandomForest_unweighted__M11_no_FIN87__seed1024,B0|RandomForest_unweighted|M11_no_FIN87,1024,hits_at_budget,7,7,0.0,0.0
D_leave_one_positive_out,C_flags__RandomForest_unweighted__flags3__seed42,C|RandomForest_unweighted|flags3,42,roc_auc,7,7,0.7516141810259457,0.8514161220043575
D_leave_one_positive_out,C_flags__RandomForest_unweighted__flags3__seed42,C|RandomForest_unweighted|flags3,42,ap,7,7,0.003532305779733224,0.006712575874901795
D_leave_one_positive_out,C_flags__RandomForest_unweighted__flags3__seed42,C|RandomForest_unweighted|flags3,42,f1_val_threshold,7,7,0.014652014652014652,0.021897810218978103
D_leave_one_positive_out,C_flags__RandomForest_unweighted__flags3__seed42,C|RandomForest_unweighted|flags3,42,p_at_5pct,7,7,0.0071090047393364926,0.009478672985781991
D_leave_one_positive_out,C_flags__RandomForest_unweighted__flags3__seed42,C|RandomForest_unweighted|flags3,42,r_at_10fpr,7,7,0.3333333333333333,0.5
D_leave_one_positive_out,C_flags__RandomForest_unweighted__flags3__seed42,C|RandomForest_unweighted|flags3,42,hits_at_budget,7,7,3.0,4.0
D_leave_one_positive_out,C_flags__RandomForest_unweighted__flags3__seed123,C|RandomForest_unweighted|flags3,123,roc_auc,7,7,0.7516141810259457,0.8514161220043575
D_leave_one_positive_out,C_flags__RandomForest_unweighted__flags3__seed123,C|RandomForest_unweighted|flags3,123,ap,7,7,0.003532305779733224,0.006712575874901795
D_leave_one_positive_out,C_flags__RandomForest_unweighted__flags3__seed123,C|RandomForest_unweighted|flags3,123,f1_val_threshold,7,7,0.014652014652014652,0.021897810218978103
D_leave_one_positive_out,C_flags__RandomForest_unweighted__flags3__seed123,C|RandomForest_unweighted|flags3,123,p_at_5pct,7,7,0.0071090047393364926,0.009478672985781991
D_leave_one_positive_out,C_flags__RandomForest_unweighted__flags3__seed123,C|RandomForest_unweighted|flags3,123,r_at_10fpr,7,7,0.3333333333333333,0.5
D_leave_one_positive_out,C_flags__RandomForest_unweighted__flags3__seed123,C|RandomForest_unweighted|flags3,123,hits_at_budget,7,7,3.0,4.0
D_leave_one_positive_out,C_flags__RandomForest_unweighted__flags3__seed456,C|RandomForest_unweighted|flags3,456,roc_auc,7,7,0.7516141810259457,0.8514161220043575
D_leave_one_positive_out,C_flags__RandomForest_unweighted__flags3__seed456,C|RandomForest_unweighted|flags3,456,ap,7,7,0.003532305779733224,0.006712575874901795
D_leave_one_positive_out,C_flags__RandomForest_unweighted__flags3__seed456,C|RandomForest_unweighted|flags3,456,f1_val_threshold,7,7,0.014652014652014652,0.021897810218978103
D_leave_one_positive_out,C_flags__RandomForest_unweighted__flags3__seed456,C|RandomForest_unweighted|flags3,456,p_at_5pct,7,7,0.0071090047393364926,0.009478672985781991
D_leave_one_positive_out,C_flags__RandomForest_unweighted__flags3__seed456,C|RandomForest_unweighted|flags3,456,r_at_10fpr,7,7,0.3333333333333333,0.5
D_leave_one_positive_out,C_flags__RandomForest_unweighted__flags3__seed456,C|RandomForest_unweighted|flags3,456,hits_at_budget,7,7,3.0,4.0
D_leave_one_positive_out,C_flags__RandomForest_unweighted__flags3__seed789,C|RandomForest_unweighted|flags3,789,roc_auc,7,7,0.7516537928302633,0.8514557338086751
D_leave_one_positive_out,C_flags__RandomForest_unweighted__flags3__seed789,C|RandomForest_unweighted|flags3,789,ap,7,7,0.003532783579370335,0.0067131724100348514
D_leave_one_positive_out,C_flags__RandomForest_unweighted__flags3__seed789,C|RandomForest_unweighted|flags3,789,f1_val_threshold,7,7,0.014652014652014652,0.021897810218978103
D_leave_one_positive_out,C_flags__RandomForest_unweighted__flags3__seed789,C|RandomForest_unweighted|flags3,789,p_at_5pct,7,7,0.0071090047393364926,0.009478672985781991
D_leave_one_positive_out,C_flags__RandomForest_unweighted__flags3__seed789,C|RandomForest_unweighted|flags3,789,r_at_10fpr,7,7,0.3333333333333333,0.5
D_leave_one_positive_out,C_flags__RandomForest_unweighted__flags3__seed789,C|RandomForest_unweighted|flags3,789,hits_at_budget,7,7,3.0,4.0
D_leave_one_positive_out,C_flags__RandomForest_unweighted__flags3__seed1024,C|RandomForest_unweighted|flags3,1024,roc_auc,7,7,0.7516141810259457,0.8514161220043575
D_leave_one_positive_out,C_flags__RandomForest_unweighted__flags3__seed1024,C|RandomForest_unweighted|flags3,1024,ap,7,7,0.003532305779733224,0.006712575874901795
D_leave_one_positive_out,C_flags__RandomForest_unweighted__flags3__seed1024,C|RandomForest_unweighted|flags3,1024,f1_val_threshold,7,7,0.014652014652014652,0.021897810218978103
D_leave_one_positive_out,C_flags__RandomForest_unweighted__flags3__seed1024,C|RandomForest_unweighted|flags3,1024,p_at_5pct,7,7,0.0071090047393364926,0.009478672985781991
D_leave_one_positive_out,C_flags__RandomForest_unweighted__flags3__seed1024,C|RandomForest_unweighted|flags3,1024,r_at_10fpr,7,7,0.3333333333333333,0.5
D_leave_one_positive_out,C_flags__RandomForest_unweighted__flags3__seed1024,C|RandomForest_unweighted|flags3,1024,hits_at_budget,7,7,3.0,4.0
D_leave_one_positive_out,REF__V26_original_MLP_M11__42,V26|MLP|M11,42,roc_auc,7,7,0.6446623093681918,0.7191126955832838
D_leave_one_positive_out,REF__V26_original_MLP_M11__42,V26|MLP|M11,42,ap,7,7,0.0011299488726209345,0.0015135383715777285
D_leave_one_positive_out,REF__V26_original_MLP_M11__42,V26|MLP|M11,42,f1_val_threshold,7,7,0.0,0.0
D_leave_one_positive_out,REF__V26_original_MLP_M11__42,V26|MLP|M11,42,p_at_5pct,7,7,0.0,0.0
D_leave_one_positive_out,REF__V26_original_MLP_M11__42,V26|MLP|M11,42,r_at_10fpr,7,7,0.0,0.16666666666666666
D_leave_one_positive_out,REF__V26_original_MLP_M11__42,V26|MLP|M11,42,hits_at_budget,7,7,0.0,0.0
D_leave_one_positive_out,REF__V26_primary_unweighted_RF_M11__42,V26|RandomForest_unweighted|M11,42,roc_auc,7,7,0.6745395127748068,0.7413448207565855
D_leave_one_positive_out,REF__V26_primary_unweighted_RF_M11__42,V26|RandomForest_unweighted|M11,42,ap,7,7,0.0011341167807650864,0.00145120408882597
D_leave_one_positive_out,REF__V26_primary_unweighted_RF_M11__42,V26|RandomForest_unweighted|M11,42,f1_val_threshold,7,7,0.0,0.0
D_leave_one_positive_out,REF__V26_primary_unweighted_RF_M11__42,V26|RandomForest_unweighted|M11,42,p_at_5pct,7,7,0.0,0.0
D_leave_one_positive_out,REF__V26_primary_unweighted_RF_M11__42,V26|RandomForest_unweighted|M11,42,r_at_10fpr,7,7,0.0,0.0
D_leave_one_positive_out,REF__V26_primary_unweighted_RF_M11__42,V26|RandomForest_unweighted|M11,42,hits_at_budget,7,7,0.0,0.0
D_leave_one_positive_out,REF__V26_reverse_GCN_M11__42,V26|GCN_reverse|M11,42,roc_auc,7,7,0.6268568033273916,0.7370964547435135
D_leave_one_positive_out,REF__V26_reverse_GCN_M11__42,V26|GCN_reverse|M11,42,ap,7,7,0.0010878247517436567,0.0031997491137665834
D_leave_one_positive_out,REF__V26_reverse_GCN_M11__42,V26|GCN_reverse|M11,42,f1_val_threshold,7,7,0.0,0.0111731843575419
D_leave_one_positive_out,REF__V26_reverse_GCN_M11__42,V26|GCN_reverse|M11,42,p_at_5pct,7,7,0.0,0.002369668246445498
D_leave_one_positive_out,REF__V26_reverse_GCN_M11__42,V26|GCN_reverse|M11,42,r_at_10fpr,7,7,0.0,0.16666666666666666
D_leave_one_positive_out,REF__V26_reverse_GCN_M11__42,V26|GCN_reverse|M11,42,hits_at_budget,7,7,0.0,1.0
D_leave_one_positive_out,REF__V26_reverse_SAGE_M11__42,V26|GraphSAGE_reverse|M11,42,roc_auc,7,7,0.6491978609625668,0.751574569221628
D_leave_one_positive_out,REF__V26_reverse_SAGE_M11__42,V26|GraphSAGE_reverse|M11,42,ap,7,7,0.0013280600332430657,0.001961996929325164
D_leave_one_positive_out,REF__V26_reverse_SAGE_M11__42,V26|GraphSAGE_reverse|M11,42,f1_val_threshold,7,7,0.0,0.0
D_leave_one_positive_out,REF__V26_reverse_SAGE_M11__42,V26|GraphSAGE_reverse|M11,42,p_at_5pct,7,7,0.0,0.0
D_leave_one_positive_out,REF__V26_reverse_SAGE_M11__42,V26|GraphSAGE_reverse|M11,42,r_at_10fpr,7,7,0.0,0.16666666666666666
D_leave_one_positive_out,REF__V26_reverse_SAGE_M11__42,V26|GraphSAGE_reverse|M11,42,hits_at_budget,7,7,0.0,0.0
D_leave_one_positive_out,REF__V26_existing_asof__MLP__M5__seed42__42,ASOF|MLP|M5,42,roc_auc,7,7,0.6781144781144781,0.7621707268766093
D_leave_one_positive_out,REF__V26_existing_asof__MLP__M5__seed42__42,ASOF|MLP|M5,42,ap,7,7,0.0012462825146595143,0.001651489805261284
D_leave_one_positive_out,REF__V26_existing_asof__MLP__M5__seed42__42,ASOF|MLP|M5,42,f1_val_threshold,7,7,0.0,0.0
D_leave_one_positive_out,REF__V26_existing_asof__MLP__M5__seed42__42,ASOF|MLP|M5,42,p_at_5pct,7,7,0.0,0.0
D_leave_one_positive_out,REF__V26_existing_asof__MLP__M5__seed42__42,ASOF|MLP|M5,42,r_at_10fpr,7,7,0.0,0.0
D_leave_one_positive_out,REF__V26_existing_asof__MLP__M5__seed42__42,ASOF|MLP|M5,42,hits_at_budget,7,7,0.0,0.0
D_leave_one_positive_out,REF__V26_existing_asof__MLP__M11__seed42__42,ASOF|MLP|M11,42,roc_auc,7,7,0.6377698554169142,0.7098435333729451
D_leave_one_positive_out,REF__V26_existing_asof__MLP__M11__seed42__42,ASOF|MLP|M11,42,ap,7,7,0.0011161924916506787,0.0014939357213195684
D_leave_one_positive_out,REF__V26_existing_asof__MLP__M11__seed42__42,ASOF|MLP|M11,42,f1_val_threshold,7,7,0.0,0.0
D_leave_one_positive_out,REF__V26_existing_asof__MLP__M11__seed42__42,ASOF|MLP|M11,42,p_at_5pct,7,7,0.0,0.0
D_leave_one_positive_out,REF__V26_existing_asof__MLP__M11__seed42__42,ASOF|MLP|M11,42,r_at_10fpr,7,7,0.0,0.16666666666666666
D_leave_one_positive_out,REF__V26_existing_asof__MLP__M11__seed42__42,ASOF|MLP|M11,42,hits_at_budget,7,7,0.0,0.0
D_leave_one_positive_out,REF__V26_existing_asof__RandomForest__M5__seed42__42,ASOF|RandomForest_unweighted|M5,42,roc_auc,7,7,0.7398494751435929,0.8747870865517924
D_leave_one_positive_out,REF__V26_existing_asof__RandomForest__M5__seed42__42,ASOF|RandomForest_unweighted|M5,42,ap,7,7,0.0029242849812566177,0.004459778247102595
D_leave_one_positive_out,REF__V26_existing_asof__RandomForest__M5__seed42__42,ASOF|RandomForest_unweighted|M5,42,f1_val_threshold,7,7,0.0,0.0
D_leave_one_positive_out,REF__V26_existing_asof__RandomForest__M5__seed42__42,ASOF|RandomForest_unweighted|M5,42,p_at_5pct,7,7,0.0,0.002369668246445498
D_leave_one_positive_out,REF__V26_existing_asof__RandomForest__M5__seed42__42,ASOF|RandomForest_unweighted|M5,42,r_at_10fpr,7,7,0.6666666666666666,0.8333333333333334
D_leave_one_positive_out,REF__V26_existing_asof__RandomForest__M5__seed42__42,ASOF|RandomForest_unweighted|M5,42,hits_at_budget,7,7,0.0,1.0
D_leave_one_positive_out,REF__V26_existing_asof__RandomForest__M11__seed42__42,ASOF|RandomForest_unweighted|M11,42,roc_auc,7,7,0.7764012675777381,0.849881164587047
D_leave_one_positive_out,REF__V26_existing_asof__RandomForest__M11__seed42__42,ASOF|RandomForest_unweighted|M11,42,ap,7,7,0.0020011450998671915,0.0032471876277966223
D_leave_one_positive_out,REF__V26_existing_asof__RandomForest__M11__seed42__42,ASOF|RandomForest_unweighted|M11,42,f1_val_threshold,7,7,0.0,0.0
D_leave_one_positive_out,REF__V26_existing_asof__RandomForest__M11__seed42__42,ASOF|RandomForest_unweighted|M11,42,p_at_5pct,7,7,0.0,0.002369668246445498
D_leave_one_positive_out,REF__V26_existing_asof__RandomForest__M11__seed42__42,ASOF|RandomForest_unweighted|M11,42,r_at_10fpr,7,7,0.3333333333333333,0.5
D_leave_one_positive_out,REF__V26_existing_asof__RandomForest__M11__seed42__42,ASOF|RandomForest_unweighted|M11,42,hits_at_budget,7,7,0.0,1.0
D_leave_one_positive_out,REF__V26_original_MLP_M11__123,V26|MLP|M11,123,roc_auc,7,7,0.6262032085561497,0.7089522677757971
D_leave_one_positive_out,REF__V26_original_MLP_M11__123,V26|MLP|M11,123,ap,7,7,0.0010636606940676518,0.0014258119308896424
D_leave_one_positive_out,REF__V26_original_MLP_M11__123,V26|MLP|M11,123,f1_val_threshold,7,7,0.0,0.0
D_leave_one_positive_out,REF__V26_original_MLP_M11__123,V26|MLP|M11,123,p_at_5pct,7,7,0.0,0.0
D_leave_one_positive_out,REF__V26_original_MLP_M11__123,V26|MLP|M11,123,r_at_10fpr,7,7,0.0,0.16666666666666666
D_leave_one_positive_out,REF__V26_original_MLP_M11__123,V26|MLP|M11,123,hits_at_budget,7,7,0.0,0.0
D_leave_one_positive_out,REF__V26_primary_unweighted_RF_M11__123,V26|RandomForest_unweighted|M11,123,roc_auc,7,7,0.7344622697563874,0.7882551000198059
D_leave_one_positive_out,REF__V26_primary_unweighted_RF_M11__123,V26|RandomForest_unweighted|M11,123,ap,7,7,0.0014767998486945456,0.0019263778914042737
D_leave_one_positive_out,REF__V26_primary_unweighted_RF_M11__123,V26|RandomForest_unweighted|M11,123,f1_val_threshold,7,7,0.0,0.0
D_leave_one_positive_out,REF__V26_primary_unweighted_RF_M11__123,V26|RandomForest_unweighted|M11,123,p_at_5pct,7,7,0.0,0.0
D_leave_one_positive_out,REF__V26_primary_unweighted_RF_M11__123,V26|RandomForest_unweighted|M11,123,r_at_10fpr,7,7,0.0,0.16666666666666666
D_leave_one_positive_out,REF__V26_primary_unweighted_RF_M11__123,V26|RandomForest_unweighted|M11,123,hits_at_budget,7,7,0.0,0.0
D_leave_one_positive_out,REF__V26_reverse_GCN_M11__123,V26|GCN_reverse|M11,123,roc_auc,7,7,0.733749257278669,0.8141810259457318
D_leave_one_positive_out,REF__V26_reverse_GCN_M11__123,V26|GCN_reverse|M11,123,ap,7,7,0.0019523826050379576,0.00445479514523307
D_leave_one_positive_out,REF__V26_reverse_GCN_M11__123,V26|GCN_reverse|M11,123,f1_val_threshold,7,7,0.0,0.007722007722007722
D_leave_one_positive_out,REF__V26_reverse_GCN_M11__123,V26|GCN_reverse|M11,123,p_at_5pct,7,7,0.0,0.002369668246445498
D_leave_one_positive_out,REF__V26_reverse_GCN_M11__123,V26|GCN_reverse|M11,123,r_at_10fpr,7,7,0.3333333333333333,0.5
D_leave_one_positive_out,REF__V26_reverse_GCN_M11__123,V26|GCN_reverse|M11,123,hits_at_budget,7,7,0.0,1.0
D_leave_one_positive_out,REF__V26_reverse_SAGE_M11__123,V26|GraphSAGE_reverse|M11,123,roc_auc,7,7,0.6714795008912655,0.7673598732422261
D_leave_one_positive_out,REF__V26_reverse_SAGE_M11__123,V26|GraphSAGE_reverse|M11,123,ap,7,7,0.0012416609757298163,0.0017934483743734877
D_leave_one_positive_out,REF__V26_reverse_SAGE_M11__123,V26|GraphSAGE_reverse|M11,123,f1_val_threshold,7,7,0.0,0.0
D_leave_one_positive_out,REF__V26_reverse_SAGE_M11__123,V26|GraphSAGE_reverse|M11,123,p_at_5pct,7,7,0.0,0.0
D_leave_one_positive_out,REF__V26_reverse_SAGE_M11__123,V26|GraphSAGE_reverse|M11,123,r_at_10fpr,7,7,0.0,0.16666666666666666
D_leave_one_positive_out,REF__V26_reverse_SAGE_M11__123,V26|GraphSAGE_reverse|M11,123,hits_at_budget,7,7,0.0,0.0
D_leave_one_positive_out,REF__V26_existing_asof__MLP__M5__seed123__123,ASOF|MLP|M5,123,roc_auc,7,7,0.5977421271538919,0.6996038819568231
D_leave_one_positive_out,REF__V26_existing_asof__MLP__M5__seed123__123,ASOF|MLP|M5,123,ap,7,7,0.0009925423221653666,0.0014202570877731124
D_leave_one_positive_out,REF__V26_existing_asof__MLP__M5__seed123__123,ASOF|MLP|M5,123,f1_val_threshold,7,7,0.0,0.0
D_leave_one_positive_out,REF__V26_existing_asof__MLP__M5__seed123__123,ASOF|MLP|M5,123,p_at_5pct,7,7,0.0,0.0
D_leave_one_positive_out,REF__V26_existing_asof__MLP__M5__seed123__123,ASOF|MLP|M5,123,r_at_10fpr,7,7,0.0,0.16666666666666666
D_leave_one_positive_out,REF__V26_existing_asof__MLP__M5__seed123__123,ASOF|MLP|M5,123,hits_at_budget,7,7,0.0,0.0
D_leave_one_positive_out,REF__V26_existing_asof__MLP__M11__seed123__123,ASOF|MLP|M11,123,roc_auc,7,7,0.5990691225985343,0.6960586254703901
D_leave_one_positive_out,REF__V26_existing_asof__MLP__M11__seed123__123,ASOF|MLP|M11,123,ap,7,7,0.0010098894185502382,0.0013642317802013229
D_leave_one_positive_out,REF__V26_existing_asof__MLP__M11__seed123__123,ASOF|MLP|M11,123,f1_val_threshold,7,7,0.0,0.0
D_leave_one_positive_out,REF__V26_existing_asof__MLP__M11__seed123__123,ASOF|MLP|M11,123,p_at_5pct,7,7,0.0,0.0
D_leave_one_positive_out,REF__V26_existing_asof__MLP__M11__seed123__123,ASOF|MLP|M11,123,r_at_10fpr,7,7,0.0,0.0
D_leave_one_positive_out,REF__V26_existing_asof__MLP__M11__seed123__123,ASOF|MLP|M11,123,hits_at_budget,7,7,0.0,0.0
D_leave_one_positive_out,REF__V26_existing_asof__RandomForest__M5__seed123__123,ASOF|RandomForest_unweighted|M5,123,roc_auc,7,7,0.7734204793028323,0.8723311546840958
D_leave_one_positive_out,REF__V26_existing_asof__RandomForest__M5__seed123__123,ASOF|RandomForest_unweighted|M5,123,ap,7,7,0.0024153945428954503,0.003907534625693407
D_leave_one_positive_out,REF__V26_existing_asof__RandomForest__M5__seed123__123,ASOF|RandomForest_unweighted|M5,123,f1_val_threshold,7,7,0.0,0.0
D_leave_one_positive_out,REF__V26_existing_asof__RandomForest__M5__seed123__123,ASOF|RandomForest_unweighted|M5,123,p_at_5pct,7,7,0.002369668246445498,0.004739336492890996
D_leave_one_positive_out,REF__V26_existing_asof__RandomForest__M5__seed123__123,ASOF|RandomForest_unweighted|M5,123,r_at_10fpr,7,7,0.3333333333333333,0.5
D_leave_one_positive_out,REF__V26_existing_asof__RandomForest__M5__seed123__123,ASOF|RandomForest_unweighted|M5,123,hits_at_budget,7,7,1.0,2.0
D_leave_one_positive_out,REF__V26_existing_asof__RandomForest__M11__seed123__123,ASOF|RandomForest_unweighted|M11,123,roc_auc,7,7,0.7587244999009706,0.8283620518914637
D_leave_one_positive_out,REF__V26_existing_asof__RandomForest__M11__seed123__123,ASOF|RandomForest_unweighted|M11,123,ap,7,7,0.0018075555082349654,0.002737140408777567
D_leave_one_positive_out,REF__V26_existing_asof__RandomForest__M11__seed123__123,ASOF|RandomForest_unweighted|M11,123,f1_val_threshold,7,7,0.0,0.0
D_leave_one_positive_out,REF__V26_existing_asof__RandomForest__M11__seed123__123,ASOF|RandomForest_unweighted|M11,123,p_at_5pct,7,7,0.0,0.002369668246445498
D_leave_one_positive_out,REF__V26_existing_asof__RandomForest__M11__seed123__123,ASOF|RandomForest_unweighted|M11,123,r_at_10fpr,7,7,0.3333333333333333,0.5
D_leave_one_positive_out,REF__V26_existing_asof__RandomForest__M11__seed123__123,ASOF|RandomForest_unweighted|M11,123,hits_at_budget,7,7,0.0,1.0
D_leave_one_positive_out,REF__V26_original_MLP_M11__456,V26|MLP|M11,456,roc_auc,7,7,0.6536739948504655,0.7207565854624679
D_leave_one_positive_out,REF__V26_original_MLP_M11__456,V26|MLP|M11,456,ap,7,7,0.001129408769668183,0.0014866044332427562
D_leave_one_positive_out,REF__V26_original_MLP_M11__456,V26|MLP|M11,456,f1_val_threshold,7,7,0.0,0.0
D_leave_one_positive_out,REF__V26_original_MLP_M11__456,V26|MLP|M11,456,p_at_5pct,7,7,0.0,0.0
D_leave_one_positive_out,REF__V26_original_MLP_M11__456,V26|MLP|M11,456,r_at_10fpr,7,7,0.0,0.16666666666666666
D_leave_one_positive_out,REF__V26_original_MLP_M11__456,V26|MLP|M11,456,hits_at_budget,7,7,0.0,0.0
D_leave_one_positive_out,REF__V26_primary_unweighted_RF_M11__456,V26|RandomForest_unweighted|M11,456,roc_auc,7,7,0.702208358090711,0.7419588037235096
D_leave_one_positive_out,REF__V26_primary_unweighted_RF_M11__456,V26|RandomForest_unweighted|M11,456,ap,7,7,0.0015084191981953599,0.001653377806914377
D_leave_one_positive_out,REF__V26_primary_unweighted_RF_M11__456,V26|RandomForest_unweighted|M11,456,f1_val_threshold,7,7,0.0,0.0
D_leave_one_positive_out,REF__V26_primary_unweighted_RF_M11__456,V26|RandomForest_unweighted|M11,456,p_at_5pct,7,7,0.0,0.0
D_leave_one_positive_out,REF__V26_primary_unweighted_RF_M11__456,V26|RandomForest_unweighted|M11,456,r_at_10fpr,7,7,0.0,0.0
D_leave_one_positive_out,REF__V26_primary_unweighted_RF_M11__456,V26|RandomForest_unweighted|M11,456,hits_at_budget,7,7,0.0,0.0
D_leave_one_positive_out,REF__V26_reverse_GCN_M11__456,V26|GCN_reverse|M11,456,roc_auc,7,7,0.6441473559120618,0.7616557734204792
D_leave_one_positive_out,REF__V26_reverse_GCN_M11__456,V26|GCN_reverse|M11,456,ap,7,7,0.0012923844197585785,0.002672420149189097
D_leave_one_positive_out,REF__V26_reverse_GCN_M11__456,V26|GCN_reverse|M11,456,f1_val_threshold,7,7,0.0,0.008620689655172414
D_leave_one_positive_out,REF__V26_reverse_GCN_M11__456,V26|GCN_reverse|M11,456,p_at_5pct,7,7,0.0,0.002369668246445498
D_leave_one_positive_out,REF__V26_reverse_GCN_M11__456,V26|GCN_reverse|M11,456,r_at_10fpr,7,7,0.16666666666666666,0.3333333333333333
D_leave_one_positive_out,REF__V26_reverse_GCN_M11__456,V26|GCN_reverse|M11,456,hits_at_budget,7,7,0.0,1.0
D_leave_one_positive_out,REF__V26_reverse_SAGE_M11__456,V26|GraphSAGE_reverse|M11,456,roc_auc,7,7,0.5370172311348782,0.659041394335512
D_leave_one_positive_out,REF__V26_reverse_SAGE_M11__456,V26|GraphSAGE_reverse|M11,456,ap,7,7,0.0008979755764480307,0.0013142765522576394
D_leave_one_positive_out,REF__V26_reverse_SAGE_M11__456,V26|GraphSAGE_reverse|M11,456,f1_val_threshold,7,7,0.0,0.0
D_leave_one_positive_out,REF__V26_reverse_SAGE_M11__456,V26|GraphSAGE_reverse|M11,456,p_at_5pct,7,7,0.0,0.0
D_leave_one_positive_out,REF__V26_reverse_SAGE_M11__456,V26|GraphSAGE_reverse|M11,456,r_at_10fpr,7,7,0.0,0.16666666666666666
D_leave_one_positive_out,REF__V26_reverse_SAGE_M11__456,V26|GraphSAGE_reverse|M11,456,hits_at_budget,7,7,0.0,0.0
D_leave_one_positive_out,REF__V26_existing_asof__MLP__M5__seed456__456,ASOF|MLP|M5,456,roc_auc,7,7,0.5793622499504852,0.6894434541493365
D_leave_one_positive_out,REF__V26_existing_asof__MLP__M5__seed456__456,ASOF|MLP|M5,456,ap,7,7,0.0009896158124596682,0.001455928947925753
D_leave_one_positive_out,REF__V26_existing_asof__MLP__M5__seed456__456,ASOF|MLP|M5,456,f1_val_threshold,7,7,0.0,0.0
D_leave_one_positive_out,REF__V26_existing_asof__MLP__M5__seed456__456,ASOF|MLP|M5,456,p_at_5pct,7,7,0.0,0.0
D_leave_one_positive_out,REF__V26_existing_asof__MLP__M5__seed456__456,ASOF|MLP|M5,456,r_at_10fpr,7,7,0.0,0.16666666666666666
D_leave_one_positive_out,REF__V26_existing_asof__MLP__M5__seed456__456,ASOF|MLP|M5,456,hits_at_budget,7,7,0.0,0.0
D_leave_one_positive_out,REF__V26_existing_asof__MLP__M11__seed456__456,ASOF|MLP|M11,456,roc_auc,7,7,0.6515151515151515,0.7121410180233709
D_leave_one_positive_out,REF__V26_existing_asof__MLP__M11__seed456__456,ASOF|MLP|M11,456,ap,7,7,0.0011203166832748667,0.0014417506479332356
D_leave_one_positive_out,REF__V26_existing_asof__MLP__M11__seed456__456,ASOF|MLP|M11,456,f1_val_threshold,7,7,0.0,0.0
D_leave_one_positive_out,REF__V26_existing_asof__MLP__M11__seed456__456,ASOF|MLP|M11,456,p_at_5pct,7,7,0.0,0.0
D_leave_one_positive_out,REF__V26_existing_asof__MLP__M11__seed456__456,ASOF|MLP|M11,456,r_at_10fpr,7,7,0.0,0.16666666666666666
D_leave_one_positive_out,REF__V26_existing_asof__MLP__M11__seed456__456,ASOF|MLP|M11,456,hits_at_budget,7,7,0.0,0.0
D_leave_one_positive_out,REF__V26_existing_asof__RandomForest__M5__seed456__456,ASOF|RandomForest_unweighted|M5,456,roc_auc,7,7,0.7713012477718361,0.8676965735789265
D_leave_one_positive_out,REF__V26_existing_asof__RandomForest__M5__seed456__456,ASOF|RandomForest_unweighted|M5,456,ap,7,7,0.0023544119063326945,0.0036223961181082436
D_leave_one_positive_out,REF__V26_existing_asof__RandomForest__M5__seed456__456,ASOF|RandomForest_unweighted|M5,456,f1_val_threshold,7,7,0.0,0.0
D_leave_one_positive_out,REF__V26_existing_asof__RandomForest__M5__seed456__456,ASOF|RandomForest_unweighted|M5,456,p_at_5pct,7,7,0.0,0.002369668246445498
D_leave_one_positive_out,REF__V26_existing_asof__RandomForest__M5__seed456__456,ASOF|RandomForest_unweighted|M5,456,r_at_10fpr,7,7,0.3333333333333333,0.5
D_leave_one_positive_out,REF__V26_existing_asof__RandomForest__M5__seed456__456,ASOF|RandomForest_unweighted|M5,456,hits_at_budget,7,7,0.0,1.0
D_leave_one_positive_out,REF__V26_existing_asof__RandomForest__M11__seed456__456,ASOF|RandomForest_unweighted|M11,456,roc_auc,7,7,0.812210338680927,0.872756981580511
D_leave_one_positive_out,REF__V26_existing_asof__RandomForest__M11__seed456__456,ASOF|RandomForest_unweighted|M11,456,ap,7,7,0.002285890958548233,0.0033990943466166708
D_leave_one_positive_out,REF__V26_existing_asof__RandomForest__M11__seed456__456,ASOF|RandomForest_unweighted|M11,456,f1_val_threshold,7,7,0.0,0.0
D_leave_one_positive_out,REF__V26_existing_asof__RandomForest__M11__seed456__456,ASOF|RandomForest_unweighted|M11,456,p_at_5pct,7,7,0.0,0.002369668246445498
D_leave_one_positive_out,REF__V26_existing_asof__RandomForest__M11__seed456__456,ASOF|RandomForest_unweighted|M11,456,r_at_10fpr,7,7,0.3333333333333333,0.5
D_leave_one_positive_out,REF__V26_existing_asof__RandomForest__M11__seed456__456,ASOF|RandomForest_unweighted|M11,456,hits_at_budget,7,7,0.0,1.0
D_leave_one_positive_out,REF__V26_original_MLP_M11__789,V26|MLP|M11,789,roc_auc,7,7,0.6122796593384828,0.6832838185779363
D_leave_one_positive_out,REF__V26_original_MLP_M11__789,V26|MLP|M11,789,ap,7,7,0.0010045569299568006,0.0012532620510739942
D_leave_one_positive_out,REF__V26_original_MLP_M11__789,V26|MLP|M11,789,f1_val_threshold,7,7,0.0,0.0
D_leave_one_positive_out,REF__V26_original_MLP_M11__789,V26|MLP|M11,789,p_at_5pct,7,7,0.0,0.0
D_leave_one_positive_out,REF__V26_original_MLP_M11__789,V26|MLP|M11,789,r_at_10fpr,7,7,0.0,0.0
D_leave_one_positive_out,REF__V26_original_MLP_M11__789,V26|MLP|M11,789,hits_at_budget,7,7,0.0,0.0
D_leave_one_positive_out,REF__V26_primary_unweighted_RF_M11__789,V26|RandomForest_unweighted|M11,789,roc_auc,7,7,0.7082986730045553,0.7579025549613785
D_leave_one_positive_out,REF__V26_primary_unweighted_RF_M11__789,V26|RandomForest_unweighted|M11,789,ap,7,7,0.001392696781621927,0.0016537249548758508
D_leave_one_positive_out,REF__V26_primary_unweighted_RF_M11__789,V26|RandomForest_unweighted|M11,789,f1_val_threshold,7,7,0.0,0.0
D_leave_one_positive_out,REF__V26_primary_unweighted_RF_M11__789,V26|RandomForest_unweighted|M11,789,p_at_5pct,7,7,0.0,0.0
D_leave_one_positive_out,REF__V26_primary_unweighted_RF_M11__789,V26|RandomForest_unweighted|M11,789,r_at_10fpr,7,7,0.0,0.16666666666666666
D_leave_one_positive_out,REF__V26_primary_unweighted_RF_M11__789,V26|RandomForest_unweighted|M11,789,hits_at_budget,7,7,0.0,0.0
D_leave_one_positive_out,REF__V26_reverse_GCN_M11__789,V26|GCN_reverse|M11,789,roc_auc,7,7,0.7134284016636958,0.813784907902555
D_leave_one_positive_out,REF__V26_reverse_GCN_M11__789,V26|GCN_reverse|M11,789,ap,7,7,0.0020528887833571874,0.004343417243485858
D_leave_one_positive_out,REF__V26_reverse_GCN_M11__789,V26|GCN_reverse|M11,789,f1_val_threshold,7,7,0.0,0.011904761904761904
D_leave_one_positive_out,REF__V26_reverse_GCN_M11__789,V26|GCN_reverse|M11,789,p_at_5pct,7,7,0.002369668246445498,0.004739336492890996
D_leave_one_positive_out,REF__V26_reverse_GCN_M11__789,V26|GCN_reverse|M11,789,r_at_10fpr,7,7,0.3333333333333333,0.5
D_leave_one_positive_out,REF__V26_reverse_GCN_M11__789,V26|GCN_reverse|M11,789,hits_at_budget,7,7,1.0,2.0
D_leave_one_positive_out,REF__V26_reverse_SAGE_M11__789,V26|GraphSAGE_reverse|M11,789,roc_auc,7,7,0.5856209150326798,0.6598336304218657
D_leave_one_positive_out,REF__V26_reverse_SAGE_M11__789,V26|GraphSAGE_reverse|M11,789,ap,7,7,0.0009557002926580036,0.0012811155306748855
D_leave_one_positive_out,REF__V26_reverse_SAGE_M11__789,V26|GraphSAGE_reverse|M11,789,f1_val_threshold,7,7,0.0,0.0
D_leave_one_positive_out,REF__V26_reverse_SAGE_M11__789,V26|GraphSAGE_reverse|M11,789,p_at_5pct,7,7,0.0,0.0
D_leave_one_positive_out,REF__V26_reverse_SAGE_M11__789,V26|GraphSAGE_reverse|M11,789,r_at_10fpr,7,7,0.0,0.16666666666666666
D_leave_one_positive_out,REF__V26_reverse_SAGE_M11__789,V26|GraphSAGE_reverse|M11,789,hits_at_budget,7,7,0.0,0.0
D_leave_one_positive_out,REF__V26_existing_asof__MLP__M5__seed789__789,ASOF|MLP|M5,789,roc_auc,7,7,0.6242424242424243,0.7293721529015647
D_leave_one_positive_out,REF__V26_existing_asof__MLP__M5__seed789__789,ASOF|MLP|M5,789,ap,7,7,0.0010988696237292286,0.0016939845282369853
D_leave_one_positive_out,REF__V26_existing_asof__MLP__M5__seed789__789,ASOF|MLP|M5,789,f1_val_threshold,7,7,0.0,0.0033500837520938024
D_leave_one_positive_out,REF__V26_existing_asof__MLP__M5__seed789__789,ASOF|MLP|M5,789,p_at_5pct,7,7,0.0,0.0
D_leave_one_positive_out,REF__V26_existing_asof__MLP__M5__seed789__789,ASOF|MLP|M5,789,r_at_10fpr,7,7,0.0,0.16666666666666666
D_leave_one_positive_out,REF__V26_existing_asof__MLP__M5__seed789__789,ASOF|MLP|M5,789,hits_at_budget,7,7,0.0,0.0
D_leave_one_positive_out,REF__V26_existing_asof__MLP__M11__seed789__789,ASOF|MLP|M11,789,roc_auc,7,7,0.6251733016438898,0.7020003961180432
D_leave_one_positive_out,REF__V26_existing_asof__MLP__M11__seed789__789,ASOF|MLP|M11,789,ap,7,7,0.0010469067374479458,0.0013301783555582875
D_leave_one_positive_out,REF__V26_existing_asof__MLP__M11__seed789__789,ASOF|MLP|M11,789,f1_val_threshold,7,7,0.0,0.0
D_leave_one_positive_out,REF__V26_existing_asof__MLP__M11__seed789__789,ASOF|MLP|M11,789,p_at_5pct,7,7,0.0,0.0
D_leave_one_positive_out,REF__V26_existing_asof__MLP__M11__seed789__789,ASOF|MLP|M11,789,r_at_10fpr,7,7,0.0,0.0
D_leave_one_positive_out,REF__V26_existing_asof__MLP__M11__seed789__789,ASOF|MLP|M11,789,hits_at_budget,7,7,0.0,0.0
D_leave_one_positive_out,REF__V26_existing_asof__RandomForest__M5__seed789__789,ASOF|RandomForest_unweighted|M5,789,roc_auc,7,7,0.7927708457120222,0.8589918795801148
D_leave_one_positive_out,REF__V26_existing_asof__RandomForest__M5__seed789__789,ASOF|RandomForest_unweighted|M5,789,ap,7,7,0.002532755807341862,0.003961654949863519
D_leave_one_positive_out,REF__V26_existing_asof__RandomForest__M5__seed789__789,ASOF|RandomForest_unweighted|M5,789,f1_val_threshold,7,7,0.0,0.0
D_leave_one_positive_out,REF__V26_existing_asof__RandomForest__M5__seed789__789,ASOF|RandomForest_unweighted|M5,789,p_at_5pct,7,7,0.002369668246445498,0.004739336492890996
D_leave_one_positive_out,REF__V26_existing_asof__RandomForest__M5__seed789__789,ASOF|RandomForest_unweighted|M5,789,r_at_10fpr,7,7,0.3333333333333333,0.5
D_leave_one_positive_out,REF__V26_existing_asof__RandomForest__M5__seed789__789,ASOF|RandomForest_unweighted|M5,789,hits_at_budget,7,7,1.0,2.0
D_leave_one_positive_out,REF__V26_existing_asof__RandomForest__M11__seed789__789,ASOF|RandomForest_unweighted|M11,789,roc_auc,7,7,0.8175975440681323,0.8753119429590018
D_leave_one_positive_out,REF__V26_existing_asof__RandomForest__M11__seed789__789,ASOF|RandomForest_unweighted|M11,789,ap,7,7,0.0022296506166124977,0.0032092386979492085
D_leave_one_positive_out,REF__V26_existing_asof__RandomForest__M11__seed789__789,ASOF|RandomForest_unweighted|M11,789,f1_val_threshold,7,7,0.0,0.0
D_leave_one_positive_out,REF__V26_existing_asof__RandomForest__M11__seed789__789,ASOF|RandomForest_unweighted|M11,789,p_at_5pct,7,7,0.0,0.002369668246445498
D_leave_one_positive_out,REF__V26_existing_asof__RandomForest__M11__seed789__789,ASOF|RandomForest_unweighted|M11,789,r_at_10fpr,7,7,0.16666666666666666,0.3333333333333333
D_leave_one_positive_out,REF__V26_existing_asof__RandomForest__M11__seed789__789,ASOF|RandomForest_unweighted|M11,789,hits_at_budget,7,7,0.0,1.0
D_leave_one_positive_out,REF__V26_original_MLP_M11__1024,V26|MLP|M11,1024,roc_auc,7,7,0.653475935828877,0.7324618736383441
D_leave_one_positive_out,REF__V26_original_MLP_M11__1024,V26|MLP|M11,1024,ap,7,7,0.001160194266961065,0.0014995342739098656
D_leave_one_positive_out,REF__V26_original_MLP_M11__1024,V26|MLP|M11,1024,f1_val_threshold,7,7,0.0,0.0
D_leave_one_positive_out,REF__V26_original_MLP_M11__1024,V26|MLP|M11,1024,p_at_5pct,7,7,0.0,0.0
D_leave_one_positive_out,REF__V26_original_MLP_M11__1024,V26|MLP|M11,1024,r_at_10fpr,7,7,0.0,0.0
D_leave_one_positive_out,REF__V26_original_MLP_M11__1024,V26|MLP|M11,1024,hits_at_budget,7,7,0.0,0.0
D_leave_one_positive_out,REF__V26_primary_unweighted_RF_M11__1024,V26|RandomForest_unweighted|M11,1024,roc_auc,7,7,0.6916022974846505,0.7743711626064567
D_leave_one_positive_out,REF__V26_primary_unweighted_RF_M11__1024,V26|RandomForest_unweighted|M11,1024,ap,7,7,0.0012697165908402987,0.0016564424137698618
D_leave_one_positive_out,REF__V26_primary_unweighted_RF_M11__1024,V26|RandomForest_unweighted|M11,1024,f1_val_threshold,7,7,0.0,0.0
D_leave_one_positive_out,REF__V26_primary_unweighted_RF_M11__1024,V26|RandomForest_unweighted|M11,1024,p_at_5pct,7,7,0.0,0.0
D_leave_one_positive_out,REF__V26_primary_unweighted_RF_M11__1024,V26|RandomForest_unweighted|M11,1024,r_at_10fpr,7,7,0.0,0.0
D_leave_one_positive_out,REF__V26_primary_unweighted_RF_M11__1024,V26|RandomForest_unweighted|M11,1024,hits_at_budget,7,7,0.0,0.0
D_leave_one_positive_out,REF__V26_reverse_GCN_M11__1024,V26|GCN_reverse|M11,1024,roc_auc,7,7,0.6938601703307586,0.8054664289958408
D_leave_one_positive_out,REF__V26_reverse_GCN_M11__1024,V26|GCN_reverse|M11,1024,ap,7,7,0.0014195137409070348,0.0036346825469983114
D_leave_one_positive_out,REF__V26_reverse_GCN_M11__1024,V26|GCN_reverse|M11,1024,f1_val_threshold,7,7,0.0,0.006329113924050633
D_leave_one_positive_out,REF__V26_reverse_GCN_M11__1024,V26|GCN_reverse|M11,1024,p_at_5pct,7,7,0.0,0.002369668246445498
D_leave_one_positive_out,REF__V26_reverse_GCN_M11__1024,V26|GCN_reverse|M11,1024,r_at_10fpr,7,7,0.16666666666666666,0.3333333333333333
D_leave_one_positive_out,REF__V26_reverse_GCN_M11__1024,V26|GCN_reverse|M11,1024,hits_at_budget,7,7,0.0,1.0
D_leave_one_positive_out,REF__V26_reverse_SAGE_M11__1024,V26|GraphSAGE_reverse|M11,1024,roc_auc,7,7,0.6831253713606655,0.7510200039611804
D_leave_one_positive_out,REF__V26_reverse_SAGE_M11__1024,V26|GraphSAGE_reverse|M11,1024,ap,7,7,0.0012775781256014291,0.0019798150750736008
D_leave_one_positive_out,REF__V26_reverse_SAGE_M11__1024,V26|GraphSAGE_reverse|M11,1024,f1_val_threshold,7,7,0.0,0.0
D_leave_one_positive_out,REF__V26_reverse_SAGE_M11__1024,V26|GraphSAGE_reverse|M11,1024,p_at_5pct,7,7,0.0,0.002369668246445498
D_leave_one_positive_out,REF__V26_reverse_SAGE_M11__1024,V26|GraphSAGE_reverse|M11,1024,r_at_10fpr,7,7,0.0,0.16666666666666666
D_leave_one_positive_out,REF__V26_reverse_SAGE_M11__1024,V26|GraphSAGE_reverse|M11,1024,hits_at_budget,7,7,0.0,1.0
D_leave_one_positive_out,REF__V26_existing_asof__MLP__M5__seed1024__1024,ASOF|MLP|M5,1024,roc_auc,7,7,0.6007328183798771,0.6819766290354525
D_leave_one_positive_out,REF__V26_existing_asof__MLP__M5__seed1024__1024,ASOF|MLP|M5,1024,ap,7,7,0.0009811668045678667,0.0013435530196573807
D_leave_one_positive_out,REF__V26_existing_asof__MLP__M5__seed1024__1024,ASOF|MLP|M5,1024,f1_val_threshold,7,7,0.0,0.0
D_leave_one_positive_out,REF__V26_existing_asof__MLP__M5__seed1024__1024,ASOF|MLP|M5,1024,p_at_5pct,7,7,0.0,0.0
D_leave_one_positive_out,REF__V26_existing_asof__MLP__M5__seed1024__1024,ASOF|MLP|M5,1024,r_at_10fpr,7,7,0.0,0.16666666666666666
D_leave_one_positive_out,REF__V26_existing_asof__MLP__M5__seed1024__1024,ASOF|MLP|M5,1024,hits_at_budget,7,7,0.0,0.0
D_leave_one_positive_out,REF__V26_existing_asof__MLP__M11__seed1024__1024,ASOF|MLP|M11,1024,roc_auc,7,7,0.6538720538720538,0.7510001980590216
D_leave_one_positive_out,REF__V26_existing_asof__MLP__M11__seed1024__1024,ASOF|MLP|M11,1024,ap,7,7,0.0012071305237984647,0.0016047478086601164
D_leave_one_positive_out,REF__V26_existing_asof__MLP__M11__seed1024__1024,ASOF|MLP|M11,1024,f1_val_threshold,7,7,0.0,0.0
D_leave_one_positive_out,REF__V26_existing_asof__MLP__M11__seed1024__1024,ASOF|MLP|M11,1024,p_at_5pct,7,7,0.0,0.0
D_leave_one_positive_out,REF__V26_existing_asof__MLP__M11__seed1024__1024,ASOF|MLP|M11,1024,r_at_10fpr,7,7,0.0,0.0
D_leave_one_positive_out,REF__V26_existing_asof__MLP__M11__seed1024__1024,ASOF|MLP|M11,1024,hits_at_budget,7,7,0.0,0.0
D_leave_one_positive_out,REF__V26_existing_asof__RandomForest__M5__seed1024__1024,ASOF|RandomForest_unweighted|M5,1024,roc_auc,7,7,0.7449990097048921,0.8435036640918994
D_leave_one_positive_out,REF__V26_existing_asof__RandomForest__M5__seed1024__1024,ASOF|RandomForest_unweighted|M5,1024,ap,7,7,0.002282069357438396,0.003576924622488201
D_leave_one_positive_out,REF__V26_existing_asof__RandomForest__M5__seed1024__1024,ASOF|RandomForest_unweighted|M5,1024,f1_val_threshold,7,7,0.0,0.0
D_leave_one_positive_out,REF__V26_existing_asof__RandomForest__M5__seed1024__1024,ASOF|RandomForest_unweighted|M5,1024,p_at_5pct,7,7,0.0,0.002369668246445498
D_leave_one_positive_out,REF__V26_existing_asof__RandomForest__M5__seed1024__1024,ASOF|RandomForest_unweighted|M5,1024,r_at_10fpr,7,7,0.5,0.6666666666666666
D_leave_one_positive_out,REF__V26_existing_asof__RandomForest__M5__seed1024__1024,ASOF|RandomForest_unweighted|M5,1024,hits_at_budget,7,7,0.0,1.0
D_leave_one_positive_out,REF__V26_existing_asof__RandomForest__M11__seed1024__1024,ASOF|RandomForest_unweighted|M11,1024,roc_auc,7,7,0.822449990097049,0.8727965933848287
D_leave_one_positive_out,REF__V26_existing_asof__RandomForest__M11__seed1024__1024,ASOF|RandomForest_unweighted|M11,1024,ap,7,7,0.0023547228177220585,0.0033206877455486633
D_leave_one_positive_out,REF__V26_existing_asof__RandomForest__M11__seed1024__1024,ASOF|RandomForest_unweighted|M11,1024,f1_val_threshold,7,7,0.0,0.0
D_leave_one_positive_out,REF__V26_existing_asof__RandomForest__M11__seed1024__1024,ASOF|RandomForest_unweighted|M11,1024,p_at_5pct,7,7,0.0,0.002369668246445498
D_leave_one_positive_out,REF__V26_existing_asof__RandomForest__M11__seed1024__1024,ASOF|RandomForest_unweighted|M11,1024,r_at_10fpr,7,7,0.16666666666666666,0.3333333333333333
D_leave_one_positive_out,REF__V26_existing_asof__RandomForest__M11__seed1024__1024,ASOF|RandomForest_unweighted|M11,1024,hits_at_budget,7,7,0.0,1.0
full_leave_one_positive_component_out,A_docpurged__MLP__M11__seed42,A|MLP|M11,42,roc_auc,16,16,0.824988446557074,0.8562654407855645
full_leave_one_positive_component_out,A_docpurged__MLP__M11__seed42,A|MLP|M11,42,ap,16,16,0.009629957616587368,0.012204415563489479
full_leave_one_positive_component_out,A_docpurged__MLP__M11__seed42,A|MLP|M11,42,f1_val_threshold,16,16,0.0,0.01639344262295082
full_leave_one_positive_component_out,A_docpurged__MLP__M11__seed42,A|MLP|M11,42,p_at_5pct,16,16,0.011848341232227487,0.014218009478672985
full_leave_one_positive_component_out,A_docpurged__MLP__M11__seed42,A|MLP|M11,42,r_at_10fpr,16,16,0.4444444444444444,0.5555555555555556
full_leave_one_positive_component_out,A_docpurged__MLP__M11__seed42,A|MLP|M11,42,hits_at_budget,16,16,5.0,6.0
full_leave_one_positive_component_out,A_docpurged__MLP__M11__seed123,A|MLP|M11,123,roc_auc,16,16,0.740562487621311,0.7876567532914281
full_leave_one_positive_component_out,A_docpurged__MLP__M11__seed123,A|MLP|M11,123,ap,16,16,0.0063315922032277285,0.009871509683261519
full_leave_one_positive_component_out,A_docpurged__MLP__M11__seed123,A|MLP|M11,123,f1_val_threshold,16,16,0.0,0.0
full_leave_one_positive_component_out,A_docpurged__MLP__M11__seed123,A|MLP|M11,123,p_at_5pct,16,16,0.002369668246445498,0.004739336492890996
full_leave_one_positive_component_out,A_docpurged__MLP__M11__seed123,A|MLP|M11,123,r_at_10fpr,16,16,0.3333333333333333,0.4444444444444444
full_leave_one_positive_component_out,A_docpurged__MLP__M11__seed123,A|MLP|M11,123,hits_at_budget,16,16,1.0,2.0
full_leave_one_positive_component_out,A_docpurged__MLP__M11__seed456,A|MLP|M11,456,roc_auc,16,16,0.8127351950881363,0.8575229418366674
full_leave_one_positive_component_out,A_docpurged__MLP__M11__seed456,A|MLP|M11,456,ap,16,16,0.00889680396750527,0.011812565885000478
full_leave_one_positive_component_out,A_docpurged__MLP__M11__seed456,A|MLP|M11,456,f1_val_threshold,16,16,0.0,0.014814814814814815
full_leave_one_positive_component_out,A_docpurged__MLP__M11__seed456,A|MLP|M11,456,p_at_5pct,16,16,0.014218009478672985,0.018957345971563982
full_leave_one_positive_component_out,A_docpurged__MLP__M11__seed456,A|MLP|M11,456,r_at_10fpr,16,16,0.5,0.6111111111111112
full_leave_one_positive_component_out,A_docpurged__MLP__M11__seed456,A|MLP|M11,456,hits_at_budget,16,16,6.0,8.0
full_leave_one_positive_component_out,A_docpurged__MLP__M11__seed789,A|MLP|M11,789,roc_auc,16,16,0.8132303426421074,0.8495105857334959
full_leave_one_positive_component_out,A_docpurged__MLP__M11__seed789,A|MLP|M11,789,ap,16,16,0.008766192297142025,0.011502057076513918
full_leave_one_positive_component_out,A_docpurged__MLP__M11__seed789,A|MLP|M11,789,f1_val_threshold,16,16,0.00966183574879227,0.01932367149758454
full_leave_one_positive_component_out,A_docpurged__MLP__M11__seed789,A|MLP|M11,789,p_at_5pct,16,16,0.009478672985781991,0.014218009478672985
full_leave_one_positive_component_out,A_docpurged__MLP__M11__seed789,A|MLP|M11,789,r_at_10fpr,16,16,0.3888888888888889,0.5
full_leave_one_positive_component_out,A_docpurged__MLP__M11__seed789,A|MLP|M11,789,hits_at_budget,16,16,4.0,6.0
full_leave_one_positive_component_out,A_docpurged__MLP__M11__seed1024,A|MLP|M11,1024,roc_auc,16,16,0.8360797517660263,0.8653094411608344
full_leave_one_positive_component_out,A_docpurged__MLP__M11__seed1024,A|MLP|M11,1024,ap,16,16,0.009006523134044667,0.011369790887871474
full_leave_one_positive_component_out,A_docpurged__MLP__M11__seed1024,A|MLP|M11,1024,f1_val_threshold,16,16,0.0,0.010810810810810811
full_leave_one_positive_component_out,A_docpurged__MLP__M11__seed1024,A|MLP|M11,1024,p_at_5pct,16,16,0.011848341232227487,0.014218009478672985
full_leave_one_positive_component_out,A_docpurged__MLP__M11__seed1024,A|MLP|M11,1024,r_at_10fpr,16,16,0.3888888888888889,0.5
full_leave_one_positive_component_out,A_docpurged__MLP__M11__seed1024,A|MLP|M11,1024,hits_at_budget,16,16,5.0,6.0
full_leave_one_positive_component_out,A_docpurged__RandomForest_unweighted__M11__seed42,A|RandomForest_unweighted|M11,42,roc_auc,16,16,0.8319040073942034,0.8798078827490592
full_leave_one_positive_component_out,A_docpurged__RandomForest_unweighted__M11__seed42,A|RandomForest_unweighted|M11,42,ap,16,16,0.011318207984838666,0.015711206967050168
full_leave_one_positive_component_out,A_docpurged__RandomForest_unweighted__M11__seed42,A|RandomForest_unweighted|M11,42,f1_val_threshold,16,16,0.0,0.0
full_leave_one_positive_component_out,A_docpurged__RandomForest_unweighted__M11__seed42,A|RandomForest_unweighted|M11,42,p_at_5pct,16,16,0.014218009478672985,0.016587677725118485
full_leave_one_positive_component_out,A_docpurged__RandomForest_unweighted__M11__seed42,A|RandomForest_unweighted|M11,42,r_at_10fpr,16,16,0.4444444444444444,0.5555555555555556
full_leave_one_positive_component_out,A_docpurged__RandomForest_unweighted__M11__seed42,A|RandomForest_unweighted|M11,42,hits_at_budget,16,16,6.0,7.0
full_leave_one_positive_component_out,A_docpurged__RandomForest_unweighted__M11__seed123,A|RandomForest_unweighted|M11,123,roc_auc,16,16,0.8515182787628607,0.8935498778636034
full_leave_one_positive_component_out,A_docpurged__RandomForest_unweighted__M11__seed123,A|RandomForest_unweighted|M11,123,ap,16,16,0.010853687333269664,0.01448608779566313
full_leave_one_positive_component_out,A_docpurged__RandomForest_unweighted__M11__seed123,A|RandomForest_unweighted|M11,123,f1_val_threshold,16,16,0.0,0.0
full_leave_one_positive_component_out,A_docpurged__RandomForest_unweighted__M11__seed123,A|RandomForest_unweighted|M11,123,p_at_5pct,16,16,0.014218009478672985,0.016587677725118485
full_leave_one_positive_component_out,A_docpurged__RandomForest_unweighted__M11__seed123,A|RandomForest_unweighted|M11,123,r_at_10fpr,16,16,0.42105263157894735,0.5
full_leave_one_positive_component_out,A_docpurged__RandomForest_unweighted__M11__seed123,A|RandomForest_unweighted|M11,123,hits_at_budget,16,16,6.0,7.0
full_leave_one_positive_component_out,A_docpurged__RandomForest_unweighted__M11__seed456,A|RandomForest_unweighted|M11,456,roc_auc,16,16,0.8607612068396382,0.8917244338812966
full_leave_one_positive_component_out,A_docpurged__RandomForest_unweighted__M11__seed456,A|RandomForest_unweighted|M11,456,ap,16,16,0.011623898890337155,0.015021152163678952
full_leave_one_positive_component_out,A_docpurged__RandomForest_unweighted__M11__seed456,A|RandomForest_unweighted|M11,456,f1_val_threshold,16,16,0.0,0.0
full_leave_one_positive_component_out,A_docpurged__RandomForest_unweighted__M11__seed456,A|RandomForest_unweighted|M11,456,p_at_5pct,16,16,0.014218009478672985,0.016587677725118485
full_leave_one_positive_component_out,A_docpurged__RandomForest_unweighted__M11__seed456,A|RandomForest_unweighted|M11,456,r_at_10fpr,16,16,0.4444444444444444,0.5555555555555556
full_leave_one_positive_component_out,A_docpurged__RandomForest_unweighted__M11__seed456,A|RandomForest_unweighted|M11,456,hits_at_budget,16,16,6.0,7.0
full_leave_one_positive_component_out,A_docpurged__RandomForest_unweighted__M11__seed789,A|RandomForest_unweighted|M11,789,roc_auc,16,16,0.8298144847164455,0.8809269162210338
full_leave_one_positive_component_out,A_docpurged__RandomForest_unweighted__M11__seed789,A|RandomForest_unweighted|M11,789,ap,16,16,0.010319371448852546,0.01418288503523387
full_leave_one_positive_component_out,A_docpurged__RandomForest_unweighted__M11__seed789,A|RandomForest_unweighted|M11,789,f1_val_threshold,16,16,0.0,0.0
full_leave_one_positive_component_out,A_docpurged__RandomForest_unweighted__M11__seed789,A|RandomForest_unweighted|M11,789,p_at_5pct,16,16,0.014218009478672985,0.016587677725118485
full_leave_one_positive_component_out,A_docpurged__RandomForest_unweighted__M11__seed789,A|RandomForest_unweighted|M11,789,r_at_10fpr,16,16,0.42105263157894735,0.5
full_leave_one_positive_component_out,A_docpurged__RandomForest_unweighted__M11__seed789,A|RandomForest_unweighted|M11,789,hits_at_budget,16,16,6.0,7.0
full_leave_one_positive_component_out,A_docpurged__RandomForest_unweighted__M11__seed1024,A|RandomForest_unweighted|M11,1024,roc_auc,16,16,0.8372648049118637,0.8790024427279329
full_leave_one_positive_component_out,A_docpurged__RandomForest_unweighted__M11__seed1024,A|RandomForest_unweighted|M11,1024,ap,16,16,0.010586714809826894,0.013951244738219362
full_leave_one_positive_component_out,A_docpurged__RandomForest_unweighted__M11__seed1024,A|RandomForest_unweighted|M11,1024,f1_val_threshold,16,16,0.0,0.0
full_leave_one_positive_component_out,A_docpurged__RandomForest_unweighted__M11__seed1024,A|RandomForest_unweighted|M11,1024,p_at_5pct,16,16,0.014218009478672985,0.016587677725118485
full_leave_one_positive_component_out,A_docpurged__RandomForest_unweighted__M11__seed1024,A|RandomForest_unweighted|M11,1024,r_at_10fpr,16,16,0.5,0.6111111111111112
full_leave_one_positive_component_out,A_docpurged__RandomForest_unweighted__M11__seed1024,A|RandomForest_unweighted|M11,1024,hits_at_budget,16,16,6.0,7.0
full_leave_one_positive_component_out,A_docpurged__GCN_reverse__M11__seed42,A|GCN_reverse|M11,42,roc_auc,16,16,0.7984089258599063,0.8371704662726334
full_leave_one_positive_component_out,A_docpurged__GCN_reverse__M11__seed42,A|GCN_reverse|M11,42,ap,16,16,0.006963751026741146,0.008910964993953245
full_leave_one_positive_component_out,A_docpurged__GCN_reverse__M11__seed42,A|GCN_reverse|M11,42,f1_val_threshold,16,16,0.0,0.009950248756218905
full_leave_one_positive_component_out,A_docpurged__GCN_reverse__M11__seed42,A|GCN_reverse|M11,42,p_at_5pct,16,16,0.004739336492890996,0.009478672985781991
full_leave_one_positive_component_out,A_docpurged__GCN_reverse__M11__seed42,A|GCN_reverse|M11,42,r_at_10fpr,16,16,0.4444444444444444,0.5555555555555556
full_leave_one_positive_component_out,A_docpurged__GCN_reverse__M11__seed42,A|GCN_reverse|M11,42,hits_at_budget,16,16,2.0,4.0
full_leave_one_positive_component_out,A_docpurged__GCN_reverse__M11__seed123,A|GCN_reverse|M11,123,roc_auc,16,16,0.8245527167095794,0.8505801044500736
full_leave_one_positive_component_out,A_docpurged__GCN_reverse__M11__seed123,A|GCN_reverse|M11,123,ap,16,16,0.007275393993227741,0.008930197884612044
full_leave_one_positive_component_out,A_docpurged__GCN_reverse__M11__seed123,A|GCN_reverse|M11,123,f1_val_threshold,16,16,0.0,0.006993006993006993
full_leave_one_positive_component_out,A_docpurged__GCN_reverse__M11__seed123,A|GCN_reverse|M11,123,p_at_5pct,16,16,0.004739336492890996,0.0071090047393364926
full_leave_one_positive_component_out,A_docpurged__GCN_reverse__M11__seed123,A|GCN_reverse|M11,123,r_at_10fpr,16,16,0.2777777777777778,0.3888888888888889
full_leave_one_positive_component_out,A_docpurged__GCN_reverse__M11__seed123,A|GCN_reverse|M11,123,hits_at_budget,16,16,2.0,3.0
full_leave_one_positive_component_out,A_docpurged__GCN_reverse__M11__seed456,A|GCN_reverse|M11,456,roc_auc,16,16,0.8035980722255232,0.8456953435281609
full_leave_one_positive_component_out,A_docpurged__GCN_reverse__M11__seed456,A|GCN_reverse|M11,456,ap,16,16,0.007080720751989433,0.008756435221133077
full_leave_one_positive_component_out,A_docpurged__GCN_reverse__M11__seed456,A|GCN_reverse|M11,456,f1_val_threshold,16,16,0.006825938566552901,0.013651877133105802
full_leave_one_positive_component_out,A_docpurged__GCN_reverse__M11__seed456,A|GCN_reverse|M11,456,p_at_5pct,16,16,0.002369668246445498,0.004739336492890996
full_leave_one_positive_component_out,A_docpurged__GCN_reverse__M11__seed456,A|GCN_reverse|M11,456,r_at_10fpr,16,16,0.4444444444444444,0.5263157894736842
full_leave_one_positive_component_out,A_docpurged__GCN_reverse__M11__seed456,A|GCN_reverse|M11,456,hits_at_budget,16,16,1.0,2.0
full_leave_one_positive_component_out,A_docpurged__GCN_reverse__M11__seed789,A|GCN_reverse|M11,789,roc_auc,16,16,0.7944675513302965,0.833136316727648
full_leave_one_positive_component_out,A_docpurged__GCN_reverse__M11__seed789,A|GCN_reverse|M11,789,ap,16,16,0.006431234246936083,0.008118350763550925
full_leave_one_positive_component_out,A_docpurged__GCN_reverse__M11__seed789,A|GCN_reverse|M11,789,f1_val_threshold,16,16,0.0,0.013986013986013986
full_leave_one_positive_component_out,A_docpurged__GCN_reverse__M11__seed789,A|GCN_reverse|M11,789,p_at_5pct,16,16,0.0,0.002369668246445498
full_leave_one_positive_component_out,A_docpurged__GCN_reverse__M11__seed789,A|GCN_reverse|M11,789,r_at_10fpr,16,16,0.3333333333333333,0.4444444444444444
full_leave_one_positive_component_out,A_docpurged__GCN_reverse__M11__seed789,A|GCN_reverse|M11,789,hits_at_budget,16,16,0.0,1.0
full_leave_one_positive_component_out,A_docpurged__GCN_reverse__M11__seed1024,A|GCN_reverse|M11,1024,roc_auc,16,16,0.7533101917002846,0.7918378834787503
full_leave_one_positive_component_out,A_docpurged__GCN_reverse__M11__seed1024,A|GCN_reverse|M11,1024,ap,16,16,0.00485314357865348,0.0059712631598692004
full_leave_one_positive_component_out,A_docpurged__GCN_reverse__M11__seed1024,A|GCN_reverse|M11,1024,f1_val_threshold,16,16,0.0,0.0
full_leave_one_positive_component_out,A_docpurged__GCN_reverse__M11__seed1024,A|GCN_reverse|M11,1024,p_at_5pct,16,16,0.0,0.002369668246445498
full_leave_one_positive_component_out,A_docpurged__GCN_reverse__M11__seed1024,A|GCN_reverse|M11,1024,r_at_10fpr,16,16,0.2631578947368421,0.3333333333333333
full_leave_one_positive_component_out,A_docpurged__GCN_reverse__M11__seed1024,A|GCN_reverse|M11,1024,hits_at_budget,16,16,0.0,1.0
full_leave_one_positive_component_out,A_docpurged__GraphSAGE_reverse__M11__seed42,A|GraphSAGE_reverse|M11,42,roc_auc,16,16,0.7904007394203472,0.8276160295768139
full_leave_one_positive_component_out,A_docpurged__GraphSAGE_reverse__M11__seed42,A|GraphSAGE_reverse|M11,42,ap,16,16,0.007170000926915218,0.008913612729367469
full_leave_one_positive_component_out,A_docpurged__GraphSAGE_reverse__M11__seed42,A|GraphSAGE_reverse|M11,42,f1_val_threshold,16,16,0.0,0.00966183574879227
full_leave_one_positive_component_out,A_docpurged__GraphSAGE_reverse__M11__seed42,A|GraphSAGE_reverse|M11,42,p_at_5pct,16,16,0.002369668246445498,0.004739336492890996
full_leave_one_positive_component_out,A_docpurged__GraphSAGE_reverse__M11__seed42,A|GraphSAGE_reverse|M11,42,r_at_10fpr,16,16,0.4444444444444444,0.5555555555555556
full_leave_one_positive_component_out,A_docpurged__GraphSAGE_reverse__M11__seed42,A|GraphSAGE_reverse|M11,42,hits_at_budget,16,16,1.0,2.0
full_leave_one_positive_component_out,A_docpurged__GraphSAGE_reverse__M11__seed123,A|GraphSAGE_reverse|M11,123,roc_auc,16,16,0.8241830065359477,0.8620571035431717
full_leave_one_positive_component_out,A_docpurged__GraphSAGE_reverse__M11__seed123,A|GraphSAGE_reverse|M11,123,ap,16,16,0.008685866871889372,0.011427056383493152
full_leave_one_positive_component_out,A_docpurged__GraphSAGE_reverse__M11__seed123,A|GraphSAGE_reverse|M11,123,f1_val_threshold,16,16,0.0,0.0
full_leave_one_positive_component_out,A_docpurged__GraphSAGE_reverse__M11__seed123,A|GraphSAGE_reverse|M11,123,p_at_5pct,16,16,0.009478672985781991,0.014218009478672985
full_leave_one_positive_component_out,A_docpurged__GraphSAGE_reverse__M11__seed123,A|GraphSAGE_reverse|M11,123,r_at_10fpr,16,16,0.5,0.6111111111111112
full_leave_one_positive_component_out,A_docpurged__GraphSAGE_reverse__M11__seed123,A|GraphSAGE_reverse|M11,123,hits_at_budget,16,16,4.0,6.0
full_leave_one_positive_component_out,A_docpurged__GraphSAGE_reverse__M11__seed456,A|GraphSAGE_reverse|M11,456,roc_auc,16,16,0.7115798507955371,0.7752634706195077
full_leave_one_positive_component_out,A_docpurged__GraphSAGE_reverse__M11__seed456,A|GraphSAGE_reverse|M11,456,ap,16,16,0.006827717853399797,0.01008957870262359
full_leave_one_positive_component_out,A_docpurged__GraphSAGE_reverse__M11__seed456,A|GraphSAGE_reverse|M11,456,f1_val_threshold,16,16,0.0,0.01680672268907563
full_leave_one_positive_component_out,A_docpurged__GraphSAGE_reverse__M11__seed456,A|GraphSAGE_reverse|M11,456,p_at_5pct,16,16,0.0071090047393364926,0.011848341232227487
full_leave_one_positive_component_out,A_docpurged__GraphSAGE_reverse__M11__seed456,A|GraphSAGE_reverse|M11,456,r_at_10fpr,16,16,0.3888888888888889,0.5
full_leave_one_positive_component_out,A_docpurged__GraphSAGE_reverse__M11__seed456,A|GraphSAGE_reverse|M11,456,hits_at_budget,16,16,3.0,5.0
full_leave_one_positive_component_out,A_docpurged__GraphSAGE_reverse__M11__seed789,A|GraphSAGE_reverse|M11,789,roc_auc,16,16,0.8017495213573645,0.8378952927972536
full_leave_one_positive_component_out,A_docpurged__GraphSAGE_reverse__M11__seed789,A|GraphSAGE_reverse|M11,789,ap,16,16,0.0068193970700199695,0.008693257581736728
full_leave_one_positive_component_out,A_docpurged__GraphSAGE_reverse__M11__seed789,A|GraphSAGE_reverse|M11,789,f1_val_threshold,16,16,0.006369426751592357,0.012738853503184714
full_leave_one_positive_component_out,A_docpurged__GraphSAGE_reverse__M11__seed789,A|GraphSAGE_reverse|M11,789,p_at_5pct,16,16,0.0071090047393364926,0.009478672985781991
full_leave_one_positive_component_out,A_docpurged__GraphSAGE_reverse__M11__seed789,A|GraphSAGE_reverse|M11,789,r_at_10fpr,16,16,0.3333333333333333,0.4444444444444444
full_leave_one_positive_component_out,A_docpurged__GraphSAGE_reverse__M11__seed789,A|GraphSAGE_reverse|M11,789,hits_at_budget,16,16,3.0,4.0
full_leave_one_positive_component_out,A_docpurged__GraphSAGE_reverse__M11__seed1024,A|GraphSAGE_reverse|M11,1024,roc_auc,16,16,0.790631808278867,0.8346207169736581
full_leave_one_positive_component_out,A_docpurged__GraphSAGE_reverse__M11__seed1024,A|GraphSAGE_reverse|M11,1024,ap,16,16,0.006928392607637344,0.009005815253248919
full_leave_one_positive_component_out,A_docpurged__GraphSAGE_reverse__M11__seed1024,A|GraphSAGE_reverse|M11,1024,f1_val_threshold,16,16,0.0,0.0
full_leave_one_positive_component_out,A_docpurged__GraphSAGE_reverse__M11__seed1024,A|GraphSAGE_reverse|M11,1024,p_at_5pct,16,16,0.004739336492890996,0.0071090047393364926
full_leave_one_positive_component_out,A_docpurged__GraphSAGE_reverse__M11__seed1024,A|GraphSAGE_reverse|M11,1024,r_at_10fpr,16,16,0.3888888888888889,0.5
full_leave_one_positive_component_out,A_docpurged__GraphSAGE_reverse__M11__seed1024,A|GraphSAGE_reverse|M11,1024,hits_at_budget,16,16,2.0,3.0
full_leave_one_positive_component_out,B_donor__MLP__M5__imp271707__seed42,B|MLP|M5|271707,42,roc_auc,16,16,0.7952663893840365,0.8252789331220703
full_leave_one_positive_component_out,B_donor__MLP__M5__imp271707__seed42,B|MLP|M5|271707,42,ap,16,16,0.005841939363813081,0.0076069523523923654
full_leave_one_positive_component_out,B_donor__MLP__M5__imp271707__seed42,B|MLP|M5|271707,42,f1_val_threshold,16,16,0.011594202898550725,0.017391304347826087
full_leave_one_positive_component_out,B_donor__MLP__M5__imp271707__seed42,B|MLP|M5|271707,42,p_at_5pct,16,16,0.0071090047393364926,0.011848341232227487
full_leave_one_positive_component_out,B_donor__MLP__M5__imp271707__seed42,B|MLP|M5|271707,42,r_at_10fpr,16,16,0.2222222222222222,0.3333333333333333
full_leave_one_positive_component_out,B_donor__MLP__M5__imp271707__seed42,B|MLP|M5|271707,42,hits_at_budget,16,16,3.0,5.0
full_leave_one_positive_component_out,B_donor__MLP__M5__imp271707__seed123,B|MLP|M5|271707,123,roc_auc,16,16,0.7530975388560528,0.7870271340859576
full_leave_one_positive_component_out,B_donor__MLP__M5__imp271707__seed123,B|MLP|M5|271707,123,ap,16,16,0.0051492260238800444,0.006401381598633648
full_leave_one_positive_component_out,B_donor__MLP__M5__imp271707__seed123,B|MLP|M5|271707,123,f1_val_threshold,16,16,0.0,0.0
full_leave_one_positive_component_out,B_donor__MLP__M5__imp271707__seed123,B|MLP|M5|271707,123,p_at_5pct,16,16,0.002369668246445498,0.004739336492890996
full_leave_one_positive_component_out,B_donor__MLP__M5__imp271707__seed123,B|MLP|M5|271707,123,r_at_10fpr,16,16,0.15789473684210525,0.2222222222222222
full_leave_one_positive_component_out,B_donor__MLP__M5__imp271707__seed123,B|MLP|M5|271707,123,hits_at_budget,16,16,1.0,2.0
full_leave_one_positive_component_out,B_donor__MLP__M5__imp271707__seed456,B|MLP|M5|271707,456,roc_auc,16,16,0.7574569221628045,0.7986552834850048
full_leave_one_positive_component_out,B_donor__MLP__M5__imp271707__seed456,B|MLP|M5|271707,456,ap,16,16,0.005847910638670803,0.008193110375495959
full_leave_one_positive_component_out,B_donor__MLP__M5__imp271707__seed456,B|MLP|M5|271707,456,f1_val_threshold,16,16,0.008298755186721992,0.016597510373443983
full_leave_one_positive_component_out,B_donor__MLP__M5__imp271707__seed456,B|MLP|M5|271707,456,p_at_5pct,16,16,0.002369668246445498,0.0071090047393364926
full_leave_one_positive_component_out,B_donor__MLP__M5__imp271707__seed456,B|MLP|M5|271707,456,r_at_10fpr,16,16,0.2777777777777778,0.3888888888888889
full_leave_one_positive_component_out,B_donor__MLP__M5__imp271707__seed456,B|MLP|M5|271707,456,hits_at_budget,16,16,1.0,3.0
full_leave_one_positive_component_out,B_donor__MLP__M5__imp271707__seed789,B|MLP|M5|271707,789,roc_auc,16,16,0.7640126757773816,0.7926384588923288
full_leave_one_positive_component_out,B_donor__MLP__M5__imp271707__seed789,B|MLP|M5|271707,789,ap,16,16,0.005474422953893704,0.007094466465391616
full_leave_one_positive_component_out,B_donor__MLP__M5__imp271707__seed789,B|MLP|M5|271707,789,f1_val_threshold,16,16,0.0,0.0
full_leave_one_positive_component_out,B_donor__MLP__M5__imp271707__seed789,B|MLP|M5|271707,789,p_at_5pct,16,16,0.0071090047393364926,0.009478672985781991
full_leave_one_positive_component_out,B_donor__MLP__M5__imp271707__seed789,B|MLP|M5|271707,789,r_at_10fpr,16,16,0.3157894736842105,0.3888888888888889
full_leave_one_positive_component_out,B_donor__MLP__M5__imp271707__seed789,B|MLP|M5|271707,789,hits_at_budget,16,16,3.0,4.0
full_leave_one_positive_component_out,B_donor__MLP__M5__imp271707__seed1024,B|MLP|M5|271707,1024,roc_auc,16,16,0.7600052815739091,0.8016042780748663
full_leave_one_positive_component_out,B_donor__MLP__M5__imp271707__seed1024,B|MLP|M5|271707,1024,ap,16,16,0.0059420683261844935,0.008171658964310073
full_leave_one_positive_component_out,B_donor__MLP__M5__imp271707__seed1024,B|MLP|M5|271707,1024,f1_val_threshold,16,16,0.0,0.0
full_leave_one_positive_component_out,B_donor__MLP__M5__imp271707__seed1024,B|MLP|M5|271707,1024,p_at_5pct,16,16,0.0071090047393364926,0.009478672985781991
full_leave_one_positive_component_out,B_donor__MLP__M5__imp271707__seed1024,B|MLP|M5|271707,1024,r_at_10fpr,16,16,0.2222222222222222,0.3333333333333333
full_leave_one_positive_component_out,B_donor__MLP__M5__imp271707__seed1024,B|MLP|M5|271707,1024,hits_at_budget,16,16,3.0,4.0
full_leave_one_positive_component_out,B_donor__MLP__M11__imp271707__seed42,B|MLP|M11|271707,42,roc_auc,16,16,0.8268568033273915,0.8595302873940645
full_leave_one_positive_component_out,B_donor__MLP__M11__imp271707__seed42,B|MLP|M11|271707,42,ap,16,16,0.009478767916524985,0.01245700717907294
full_leave_one_positive_component_out,B_donor__MLP__M11__imp271707__seed42,B|MLP|M11|271707,42,f1_val_threshold,16,16,0.0,0.012422360248447204
full_leave_one_positive_component_out,B_donor__MLP__M11__imp271707__seed42,B|MLP|M11|271707,42,p_at_5pct,16,16,0.011848341232227487,0.016587677725118485
full_leave_one_positive_component_out,B_donor__MLP__M11__imp271707__seed42,B|MLP|M11|271707,42,r_at_10fpr,16,16,0.3888888888888889,0.5
full_leave_one_positive_component_out,B_donor__MLP__M11__imp271707__seed42,B|MLP|M11|271707,42,hits_at_budget,16,16,5.0,7.0
full_leave_one_positive_component_out,B_donor__MLP__M11__imp271707__seed123,B|MLP|M11|271707,123,roc_auc,16,16,0.7946788142866574,0.8373205741626794
full_leave_one_positive_component_out,B_donor__MLP__M11__imp271707__seed123,B|MLP|M11|271707,123,ap,16,16,0.00795900357928544,0.011489373444773686
full_leave_one_positive_component_out,B_donor__MLP__M11__imp271707__seed123,B|MLP|M11|271707,123,f1_val_threshold,16,16,0.0,0.014184397163120567
full_leave_one_positive_component_out,B_donor__MLP__M11__imp271707__seed123,B|MLP|M11|271707,123,p_at_5pct,16,16,0.0071090047393364926,0.011848341232227487
full_leave_one_positive_component_out,B_donor__MLP__M11__imp271707__seed123,B|MLP|M11|271707,123,r_at_10fpr,16,16,0.3888888888888889,0.5
full_leave_one_positive_component_out,B_donor__MLP__M11__imp271707__seed123,B|MLP|M11|271707,123,hits_at_budget,16,16,3.0,5.0
full_leave_one_positive_component_out,B_donor__MLP__M11__imp271707__seed456,B|MLP|M11|271707,456,roc_auc,16,16,0.8192909487027134,0.8579388657820031
full_leave_one_positive_component_out,B_donor__MLP__M11__imp271707__seed456,B|MLP|M11|271707,456,ap,16,16,0.008214036112717791,0.01082992649946341
full_leave_one_positive_component_out,B_donor__MLP__M11__imp271707__seed456,B|MLP|M11|271707,456,f1_val_threshold,16,16,0.0,0.0
full_leave_one_positive_component_out,B_donor__MLP__M11__imp271707__seed456,B|MLP|M11|271707,456,p_at_5pct,16,16,0.011848341232227487,0.016587677725118485
full_leave_one_positive_component_out,B_donor__MLP__M11__imp271707__seed456,B|MLP|M11|271707,456,r_at_10fpr,16,16,0.3333333333333333,0.4444444444444444
full_leave_one_positive_component_out,B_donor__MLP__M11__imp271707__seed456,B|MLP|M11|271707,456,hits_at_budget,16,16,5.0,7.0
full_leave_one_positive_component_out,B_donor__MLP__M11__imp271707__seed789,B|MLP|M11|271707,789,roc_auc,16,16,0.8270680662837525,0.8650404978578353
full_leave_one_positive_component_out,B_donor__MLP__M11__imp271707__seed789,B|MLP|M11|271707,789,ap,16,16,0.009560569141771228,0.012922407573190554
full_leave_one_positive_component_out,B_donor__MLP__M11__imp271707__seed789,B|MLP|M11|271707,789,f1_val_threshold,16,16,0.02127659574468085,0.031914893617021274
full_leave_one_positive_component_out,B_donor__MLP__M11__imp271707__seed789,B|MLP|M11|271707,789,p_at_5pct,16,16,0.011848341232227487,0.016587677725118485
full_leave_one_positive_component_out,B_donor__MLP__M11__imp271707__seed789,B|MLP|M11|271707,789,r_at_10fpr,16,16,0.4444444444444444,0.5555555555555556
full_leave_one_positive_component_out,B_donor__MLP__M11__imp271707__seed789,B|MLP|M11|271707,789,hits_at_budget,16,16,5.0,7.0
full_leave_one_positive_component_out,B_donor__MLP__M11__imp271707__seed1024,B|MLP|M11|271707,1024,roc_auc,16,16,0.8054268171915231,0.8542264752791068
full_leave_one_positive_component_out,B_donor__MLP__M11__imp271707__seed1024,B|MLP|M11|271707,1024,ap,16,16,0.008455830990475864,0.01128679236322506
full_leave_one_positive_component_out,B_donor__MLP__M11__imp271707__seed1024,B|MLP|M11|271707,1024,f1_val_threshold,16,16,0.0,0.0
full_leave_one_positive_component_out,B_donor__MLP__M11__imp271707__seed1024,B|MLP|M11|271707,1024,p_at_5pct,16,16,0.011848341232227487,0.011848341232227487
full_leave_one_positive_component_out,B_donor__MLP__M11__imp271707__seed1024,B|MLP|M11|271707,1024,r_at_10fpr,16,16,0.3888888888888889,0.5
full_leave_one_positive_component_out,B_donor__MLP__M11__imp271707__seed1024,B|MLP|M11|271707,1024,hits_at_budget,16,16,5.0,5.0
full_leave_one_positive_component_out,B_donor__RandomForest_unweighted__M5__imp271707__seed42,B|RandomForest_unweighted|M5|271707,42,roc_auc,16,16,0.7656598666402588,0.8116887832574107
full_leave_one_positive_component_out,B_donor__RandomForest_unweighted__M5__imp271707__seed42,B|RandomForest_unweighted|M5|271707,42,ap,16,16,0.006948249978113193,0.010155103683173655
full_leave_one_positive_component_out,B_donor__RandomForest_unweighted__M5__imp271707__seed42,B|RandomForest_unweighted|M5|271707,42,f1_val_threshold,16,16,0.01764705882352941,0.023529411764705882
full_leave_one_positive_component_out,B_donor__RandomForest_unweighted__M5__imp271707__seed42,B|RandomForest_unweighted|M5|271707,42,p_at_5pct,16,16,0.009478672985781991,0.011848341232227487
full_leave_one_positive_component_out,B_donor__RandomForest_unweighted__M5__imp271707__seed42,B|RandomForest_unweighted|M5|271707,42,r_at_10fpr,16,16,0.3684210526315789,0.4444444444444444
full_leave_one_positive_component_out,B_donor__RandomForest_unweighted__M5__imp271707__seed42,B|RandomForest_unweighted|M5|271707,42,hits_at_budget,16,16,4.0,5.0
full_leave_one_positive_component_out,B_donor__RandomForest_unweighted__M5__imp271707__seed123,B|RandomForest_unweighted|M5|271707,123,roc_auc,16,16,0.7651383112167426,0.8140726146918098
full_leave_one_positive_component_out,B_donor__RandomForest_unweighted__M5__imp271707__seed123,B|RandomForest_unweighted|M5|271707,123,ap,16,16,0.007021281748391564,0.010972705586234288
full_leave_one_positive_component_out,B_donor__RandomForest_unweighted__M5__imp271707__seed123,B|RandomForest_unweighted|M5|271707,123,f1_val_threshold,16,16,0.01937046004842615,0.024213075060532687
full_leave_one_positive_component_out,B_donor__RandomForest_unweighted__M5__imp271707__seed123,B|RandomForest_unweighted|M5|271707,123,p_at_5pct,16,16,0.009478672985781991,0.011848341232227487
full_leave_one_positive_component_out,B_donor__RandomForest_unweighted__M5__imp271707__seed123,B|RandomForest_unweighted|M5|271707,123,r_at_10fpr,16,16,0.21052631578947367,0.2777777777777778
full_leave_one_positive_component_out,B_donor__RandomForest_unweighted__M5__imp271707__seed123,B|RandomForest_unweighted|M5|271707,123,hits_at_budget,16,16,4.0,5.0
full_leave_one_positive_component_out,B_donor__RandomForest_unweighted__M5__imp271707__seed456,B|RandomForest_unweighted|M5|271707,456,roc_auc,16,16,0.7574569221628045,0.8080933170716453
full_leave_one_positive_component_out,B_donor__RandomForest_unweighted__M5__imp271707__seed456,B|RandomForest_unweighted|M5|271707,456,ap,16,16,0.007202665884923065,0.011260770667840472
full_leave_one_positive_component_out,B_donor__RandomForest_unweighted__M5__imp271707__seed456,B|RandomForest_unweighted|M5|271707,456,f1_val_threshold,16,16,0.015665796344647518,0.020887728459530026
full_leave_one_positive_component_out,B_donor__RandomForest_unweighted__M5__imp271707__seed456,B|RandomForest_unweighted|M5|271707,456,p_at_5pct,16,16,0.011848341232227487,0.014218009478672985
full_leave_one_positive_component_out,B_donor__RandomForest_unweighted__M5__imp271707__seed456,B|RandomForest_unweighted|M5|271707,456,r_at_10fpr,16,16,0.3888888888888889,0.5
full_leave_one_positive_component_out,B_donor__RandomForest_unweighted__M5__imp271707__seed456,B|RandomForest_unweighted|M5|271707,456,hits_at_budget,16,16,5.0,6.0
full_leave_one_positive_component_out,B_donor__RandomForest_unweighted__M5__imp271707__seed789,B|RandomForest_unweighted|M5|271707,789,roc_auc,16,16,0.7475737769855417,0.7941935696837656
full_leave_one_positive_component_out,B_donor__RandomForest_unweighted__M5__imp271707__seed789,B|RandomForest_unweighted|M5|271707,789,ap,16,16,0.006836740562055923,0.010246558089359358
full_leave_one_positive_component_out,B_donor__RandomForest_unweighted__M5__imp271707__seed789,B|RandomForest_unweighted|M5|271707,789,f1_val_threshold,16,16,0.022598870056497175,0.02824858757062147
full_leave_one_positive_component_out,B_donor__RandomForest_unweighted__M5__imp271707__seed789,B|RandomForest_unweighted|M5|271707,789,p_at_5pct,16,16,0.009478672985781991,0.011848341232227487
full_leave_one_positive_component_out,B_donor__RandomForest_unweighted__M5__imp271707__seed789,B|RandomForest_unweighted|M5|271707,789,r_at_10fpr,16,16,0.3157894736842105,0.3888888888888889
full_leave_one_positive_component_out,B_donor__RandomForest_unweighted__M5__imp271707__seed789,B|RandomForest_unweighted|M5|271707,789,hits_at_budget,16,16,4.0,5.0
full_leave_one_positive_component_out,B_donor__RandomForest_unweighted__M5__imp271707__seed1024,B|RandomForest_unweighted|M5|271707,1024,roc_auc,16,16,0.7510365088796462,0.8024799074334679
full_leave_one_positive_component_out,B_donor__RandomForest_unweighted__M5__imp271707__seed1024,B|RandomForest_unweighted|M5|271707,1024,ap,16,16,0.007296848852382564,0.012116923979907527
full_leave_one_positive_component_out,B_donor__RandomForest_unweighted__M5__imp271707__seed1024,B|RandomForest_unweighted|M5|271707,1024,f1_val_threshold,16,16,0.0,0.014084507042253521
full_leave_one_positive_component_out,B_donor__RandomForest_unweighted__M5__imp271707__seed1024,B|RandomForest_unweighted|M5|271707,1024,p_at_5pct,16,16,0.009478672985781991,0.011848341232227487
full_leave_one_positive_component_out,B_donor__RandomForest_unweighted__M5__imp271707__seed1024,B|RandomForest_unweighted|M5|271707,1024,r_at_10fpr,16,16,0.3333333333333333,0.4444444444444444
full_leave_one_positive_component_out,B_donor__RandomForest_unweighted__M5__imp271707__seed1024,B|RandomForest_unweighted|M5|271707,1024,hits_at_budget,16,16,4.0,5.0
full_leave_one_positive_component_out,B_donor__RandomForest_unweighted__M11__imp271707__seed42,B|RandomForest_unweighted|M11|271707,42,roc_auc,16,16,0.8375387865583944,0.8795504060209942
full_leave_one_positive_component_out,B_donor__RandomForest_unweighted__M11__imp271707__seed42,B|RandomForest_unweighted|M11|271707,42,ap,16,16,0.010157540813698462,0.014096406573077798
full_leave_one_positive_component_out,B_donor__RandomForest_unweighted__M11__imp271707__seed42,B|RandomForest_unweighted|M11|271707,42,f1_val_threshold,16,16,0.019230769230769232,0.038461538461538464
full_leave_one_positive_component_out,B_donor__RandomForest_unweighted__M11__imp271707__seed42,B|RandomForest_unweighted|M11|271707,42,p_at_5pct,16,16,0.011848341232227487,0.014218009478672985
full_leave_one_positive_component_out,B_donor__RandomForest_unweighted__M11__imp271707__seed42,B|RandomForest_unweighted|M11|271707,42,r_at_10fpr,16,16,0.5,0.6111111111111112
full_leave_one_positive_component_out,B_donor__RandomForest_unweighted__M11__imp271707__seed42,B|RandomForest_unweighted|M11|271707,42,hits_at_budget,16,16,5.0,6.0
full_leave_one_positive_component_out,B_donor__RandomForest_unweighted__M11__imp271707__seed123,B|RandomForest_unweighted|M11|271707,123,roc_auc,16,16,0.8466329966329966,0.8737109658678286
full_leave_one_positive_component_out,B_donor__RandomForest_unweighted__M11__imp271707__seed123,B|RandomForest_unweighted|M11|271707,123,ap,16,16,0.010300102377407852,0.014195929205685315
full_leave_one_positive_component_out,B_donor__RandomForest_unweighted__M11__imp271707__seed123,B|RandomForest_unweighted|M11|271707,123,f1_val_threshold,16,16,0.0,0.0392156862745098
full_leave_one_positive_component_out,B_donor__RandomForest_unweighted__M11__imp271707__seed123,B|RandomForest_unweighted|M11|271707,123,p_at_5pct,16,16,0.016587677725118485,0.018957345971563982
full_leave_one_positive_component_out,B_donor__RandomForest_unweighted__M11__imp271707__seed123,B|RandomForest_unweighted|M11|271707,123,r_at_10fpr,16,16,0.5,0.6111111111111112
full_leave_one_positive_component_out,B_donor__RandomForest_unweighted__M11__imp271707__seed123,B|RandomForest_unweighted|M11|271707,123,hits_at_budget,16,16,7.0,8.0
full_leave_one_positive_component_out,B_donor__RandomForest_unweighted__M11__imp271707__seed456,B|RandomForest_unweighted|M11|271707,456,roc_auc,16,16,0.8360170330758565,0.8646596685812372
full_leave_one_positive_component_out,B_donor__RandomForest_unweighted__M11__imp271707__seed456,B|RandomForest_unweighted|M11|271707,456,ap,16,16,0.009370693455037733,0.01274862079125292
full_leave_one_positive_component_out,B_donor__RandomForest_unweighted__M11__imp271707__seed456,B|RandomForest_unweighted|M11|271707,456,f1_val_threshold,16,16,0.0,0.028169014084507043
full_leave_one_positive_component_out,B_donor__RandomForest_unweighted__M11__imp271707__seed456,B|RandomForest_unweighted|M11|271707,456,p_at_5pct,16,16,0.014218009478672985,0.016587677725118485
full_leave_one_positive_component_out,B_donor__RandomForest_unweighted__M11__imp271707__seed456,B|RandomForest_unweighted|M11|271707,456,r_at_10fpr,16,16,0.42105263157894735,0.5
full_leave_one_positive_component_out,B_donor__RandomForest_unweighted__M11__imp271707__seed456,B|RandomForest_unweighted|M11|271707,456,hits_at_budget,16,16,6.0,7.0
full_leave_one_positive_component_out,B_donor__RandomForest_unweighted__M11__imp271707__seed789,B|RandomForest_unweighted|M11|271707,789,roc_auc,16,16,0.8308641975308643,0.8600481943619199
full_leave_one_positive_component_out,B_donor__RandomForest_unweighted__M11__imp271707__seed789,B|RandomForest_unweighted|M11|271707,789,ap,16,16,0.009654687228058113,0.013824823839352221
full_leave_one_positive_component_out,B_donor__RandomForest_unweighted__M11__imp271707__seed789,B|RandomForest_unweighted|M11|271707,789,f1_val_threshold,16,16,0.0,0.04
full_leave_one_positive_component_out,B_donor__RandomForest_unweighted__M11__imp271707__seed789,B|RandomForest_unweighted|M11|271707,789,p_at_5pct,16,16,0.011848341232227487,0.014218009478672985
full_leave_one_positive_component_out,B_donor__RandomForest_unweighted__M11__imp271707__seed789,B|RandomForest_unweighted|M11|271707,789,r_at_10fpr,16,16,0.42105263157894735,0.5
full_leave_one_positive_component_out,B_donor__RandomForest_unweighted__M11__imp271707__seed789,B|RandomForest_unweighted|M11|271707,789,hits_at_budget,16,16,5.0,6.0
full_leave_one_positive_component_out,B_donor__RandomForest_unweighted__M11__imp271707__seed1024,B|RandomForest_unweighted|M11|271707,1024,roc_auc,16,16,0.8602839540920035,0.8890110252855351
full_leave_one_positive_component_out,B_donor__RandomForest_unweighted__M11__imp271707__seed1024,B|RandomForest_unweighted|M11|271707,1024,ap,16,16,0.010796717287438057,0.015176156977132774
full_leave_one_positive_component_out,B_donor__RandomForest_unweighted__M11__imp271707__seed1024,B|RandomForest_unweighted|M11|271707,1024,f1_val_threshold,16,16,0.0,0.019417475728155338
full_leave_one_positive_component_out,B_donor__RandomForest_unweighted__M11__imp271707__seed1024,B|RandomForest_unweighted|M11|271707,1024,p_at_5pct,16,16,0.011848341232227487,0.014218009478672985
full_leave_one_positive_component_out,B_donor__RandomForest_unweighted__M11__imp271707__seed1024,B|RandomForest_unweighted|M11|271707,1024,r_at_10fpr,16,16,0.47368421052631576,0.5555555555555556
full_leave_one_positive_component_out,B_donor__RandomForest_unweighted__M11__imp271707__seed1024,B|RandomForest_unweighted|M11|271707,1024,hits_at_budget,16,16,5.0,6.0
full_leave_one_positive_component_out,B_donor__MLP__M5__imp271708__seed42,B|MLP|M5|271708,42,roc_auc,16,16,0.7817917739486366,0.8222347312130593
full_leave_one_positive_component_out,B_donor__MLP__M5__imp271708__seed42,B|MLP|M5|271708,42,ap,16,16,0.005785910409086337,0.007580207456464228
full_leave_one_positive_component_out,B_donor__MLP__M5__imp271708__seed42,B|MLP|M5|271708,42,f1_val_threshold,16,16,0.0,0.0
full_leave_one_positive_component_out,B_donor__MLP__M5__imp271708__seed42,B|MLP|M5|271708,42,p_at_5pct,16,16,0.004739336492890996,0.0071090047393364926
full_leave_one_positive_component_out,B_donor__MLP__M5__imp271708__seed42,B|MLP|M5|271708,42,r_at_10fpr,16,16,0.2222222222222222,0.3333333333333333
full_leave_one_positive_component_out,B_donor__MLP__M5__imp271708__seed42,B|MLP|M5|271708,42,hits_at_budget,16,16,2.0,3.0
full_leave_one_positive_component_out,B_donor__MLP__M5__imp271708__seed123,B|MLP|M5|271708,123,roc_auc,16,16,0.7410576351752822,0.7859576153693801
full_leave_one_positive_component_out,B_donor__MLP__M5__imp271708__seed123,B|MLP|M5|271708,123,ap,16,16,0.005338842201349841,0.007790968899580697
full_leave_one_positive_component_out,B_donor__MLP__M5__imp271708__seed123,B|MLP|M5|271708,123,f1_val_threshold,16,16,0.005108556832694764,0.007662835249042145
full_leave_one_positive_component_out,B_donor__MLP__M5__imp271708__seed123,B|MLP|M5|271708,123,p_at_5pct,16,16,0.004739336492890996,0.0071090047393364926
full_leave_one_positive_component_out,B_donor__MLP__M5__imp271708__seed123,B|MLP|M5|271708,123,r_at_10fpr,16,16,0.10526315789473684,0.16666666666666666
full_leave_one_positive_component_out,B_donor__MLP__M5__imp271708__seed123,B|MLP|M5|271708,123,hits_at_budget,16,16,2.0,3.0
full_leave_one_positive_component_out,B_donor__MLP__M5__imp271708__seed456,B|MLP|M5|271708,456,roc_auc,16,16,0.7256948570674061,0.7738186821778152
full_leave_one_positive_component_out,B_donor__MLP__M5__imp271708__seed456,B|MLP|M5|271708,456,ap,16,16,0.005550164553329556,0.007269905409375399
full_leave_one_positive_component_out,B_donor__MLP__M5__imp271708__seed456,B|MLP|M5|271708,456,f1_val_threshold,16,16,0.008,0.012
full_leave_one_positive_component_out,B_donor__MLP__M5__imp271708__seed456,B|MLP|M5|271708,456,p_at_5pct,16,16,0.004739336492890996,0.0071090047393364926
full_leave_one_positive_component_out,B_donor__MLP__M5__imp271708__seed456,B|MLP|M5|271708,456,r_at_10fpr,16,16,0.2777777777777778,0.3888888888888889
full_leave_one_positive_component_out,B_donor__MLP__M5__imp271708__seed456,B|MLP|M5|271708,456,hits_at_budget,16,16,2.0,3.0
full_leave_one_positive_component_out,B_donor__MLP__M5__imp271708__seed789,B|MLP|M5|271708,789,roc_auc,16,16,0.7582227503796131,0.7994933858710949
full_leave_one_positive_component_out,B_donor__MLP__M5__imp271708__seed789,B|MLP|M5|271708,789,ap,16,16,0.005226030554351473,0.006757043571298454
full_leave_one_positive_component_out,B_donor__MLP__M5__imp271708__seed789,B|MLP|M5|271708,789,f1_val_threshold,16,16,0.0,0.0
full_leave_one_positive_component_out,B_donor__MLP__M5__imp271708__seed789,B|MLP|M5|271708,789,p_at_5pct,16,16,0.002369668246445498,0.004739336492890996
full_leave_one_positive_component_out,B_donor__MLP__M5__imp271708__seed789,B|MLP|M5|271708,789,r_at_10fpr,16,16,0.3333333333333333,0.4444444444444444
full_leave_one_positive_component_out,B_donor__MLP__M5__imp271708__seed789,B|MLP|M5|271708,789,hits_at_budget,16,16,1.0,2.0
full_leave_one_positive_component_out,B_donor__MLP__M5__imp271708__seed1024,B|MLP|M5|271708,1024,roc_auc,16,16,0.7398956889152968,0.7827375926447133
full_leave_one_positive_component_out,B_donor__MLP__M5__imp271708__seed1024,B|MLP|M5|271708,1024,ap,16,16,0.005794272363234106,0.007693427464545279
full_leave_one_positive_component_out,B_donor__MLP__M5__imp271708__seed1024,B|MLP|M5|271708,1024,f1_val_threshold,16,16,0.0,0.0
full_leave_one_positive_component_out,B_donor__MLP__M5__imp271708__seed1024,B|MLP|M5|271708,1024,p_at_5pct,16,16,0.0071090047393364926,0.009478672985781991
full_leave_one_positive_component_out,B_donor__MLP__M5__imp271708__seed1024,B|MLP|M5|271708,1024,r_at_10fpr,16,16,0.2777777777777778,0.3888888888888889
full_leave_one_positive_component_out,B_donor__MLP__M5__imp271708__seed1024,B|MLP|M5|271708,1024,hits_at_budget,16,16,3.0,4.0
full_leave_one_positive_component_out,B_donor__MLP__M11__imp271708__seed42,B|MLP|M11|271708,42,roc_auc,16,16,0.8178187099755727,0.852787941332833
full_leave_one_positive_component_out,B_donor__MLP__M11__imp271708__seed42,B|MLP|M11|271708,42,ap,16,16,0.009269883312802481,0.013722469281165972
full_leave_one_positive_component_out,B_donor__MLP__M11__imp271708__seed42,B|MLP|M11|271708,42,f1_val_threshold,16,16,0.0,0.01282051282051282
full_leave_one_positive_component_out,B_donor__MLP__M11__imp271708__seed42,B|MLP|M11|271708,42,p_at_5pct,16,16,0.009478672985781991,0.014218009478672985
full_leave_one_positive_component_out,B_donor__MLP__M11__imp271708__seed42,B|MLP|M11|271708,42,r_at_10fpr,16,16,0.4444444444444444,0.5555555555555556
full_leave_one_positive_component_out,B_donor__MLP__M11__imp271708__seed42,B|MLP|M11|271708,42,hits_at_budget,16,16,4.0,6.0
full_leave_one_positive_component_out,B_donor__MLP__M11__imp271708__seed123,B|MLP|M11|271708,123,roc_auc,16,16,0.7946986201888163,0.8381399130625138
full_leave_one_positive_component_out,B_donor__MLP__M11__imp271708__seed123,B|MLP|M11|271708,123,ap,16,16,0.007795891696555015,0.01206536308969823
full_leave_one_positive_component_out,B_donor__MLP__M11__imp271708__seed123,B|MLP|M11|271708,123,f1_val_threshold,16,16,0.015544041450777202,0.02072538860103627
full_leave_one_positive_component_out,B_donor__MLP__M11__imp271708__seed123,B|MLP|M11|271708,123,p_at_5pct,16,16,0.0071090047393364926,0.011848341232227487
full_leave_one_positive_component_out,B_donor__MLP__M11__imp271708__seed123,B|MLP|M11|271708,123,r_at_10fpr,16,16,0.3333333333333333,0.4444444444444444
full_leave_one_positive_component_out,B_donor__MLP__M11__imp271708__seed123,B|MLP|M11|271708,123,hits_at_budget,16,16,3.0,5.0
full_leave_one_positive_component_out,B_donor__MLP__M11__imp271708__seed456,B|MLP|M11|271708,456,roc_auc,16,16,0.8172443388129662,0.8547171056974978
full_leave_one_positive_component_out,B_donor__MLP__M11__imp271708__seed456,B|MLP|M11|271708,456,ap,16,16,0.008407848712544387,0.010851635245536805
full_leave_one_positive_component_out,B_donor__MLP__M11__imp271708__seed456,B|MLP|M11|271708,456,f1_val_threshold,16,16,0.0,0.013888888888888888
full_leave_one_positive_component_out,B_donor__MLP__M11__imp271708__seed456,B|MLP|M11|271708,456,p_at_5pct,16,16,0.011848341232227487,0.016587677725118485
full_leave_one_positive_component_out,B_donor__MLP__M11__imp271708__seed456,B|MLP|M11|271708,456,r_at_10fpr,16,16,0.3888888888888889,0.5
full_leave_one_positive_component_out,B_donor__MLP__M11__imp271708__seed456,B|MLP|M11|271708,456,hits_at_budget,16,16,5.0,7.0
full_leave_one_positive_component_out,B_donor__MLP__M11__imp271708__seed789,B|MLP|M11|271708,789,roc_auc,16,16,0.8218261041790454,0.8536760796822715
full_leave_one_positive_component_out,B_donor__MLP__M11__imp271708__seed789,B|MLP|M11|271708,789,ap,16,16,0.009171397893998451,0.012431754609015851
full_leave_one_positive_component_out,B_donor__MLP__M11__imp271708__seed789,B|MLP|M11|271708,789,f1_val_threshold,16,16,0.008968609865470852,0.017937219730941704
full_leave_one_positive_component_out,B_donor__MLP__M11__imp271708__seed789,B|MLP|M11|271708,789,p_at_5pct,16,16,0.0071090047393364926,0.011848341232227487
full_leave_one_positive_component_out,B_donor__MLP__M11__imp271708__seed789,B|MLP|M11|271708,789,r_at_10fpr,16,16,0.4444444444444444,0.5555555555555556
full_leave_one_positive_component_out,B_donor__MLP__M11__imp271708__seed789,B|MLP|M11|271708,789,hits_at_budget,16,16,3.0,5.0
full_leave_one_positive_component_out,B_donor__MLP__M11__imp271708__seed1024,B|MLP|M11|271708,1024,roc_auc,16,16,0.8250082524592328,0.8622259749194734
full_leave_one_positive_component_out,B_donor__MLP__M11__imp271708__seed1024,B|MLP|M11|271708,1024,ap,16,16,0.009075220931407819,0.011858666430283967
full_leave_one_positive_component_out,B_donor__MLP__M11__imp271708__seed1024,B|MLP|M11|271708,1024,f1_val_threshold,16,16,0.0,0.0136986301369863
full_leave_one_positive_component_out,B_donor__MLP__M11__imp271708__seed1024,B|MLP|M11|271708,1024,p_at_5pct,16,16,0.011848341232227487,0.014218009478672985
full_leave_one_positive_component_out,B_donor__MLP__M11__imp271708__seed1024,B|MLP|M11|271708,1024,r_at_10fpr,16,16,0.3888888888888889,0.5
full_leave_one_positive_component_out,B_donor__MLP__M11__imp271708__seed1024,B|MLP|M11|271708,1024,hits_at_budget,16,16,5.0,6.0
full_leave_one_positive_component_out,B_donor__RandomForest_unweighted__M5__imp271708__seed42,B|RandomForest_unweighted|M5|271708,42,roc_auc,16,16,0.7352016901036509,0.7836337228494091
full_leave_one_positive_component_out,B_donor__RandomForest_unweighted__M5__imp271708__seed42,B|RandomForest_unweighted|M5|271708,42,ap,16,16,0.0064095999778073075,0.010111378413947155
full_leave_one_positive_component_out,B_donor__RandomForest_unweighted__M5__imp271708__seed42,B|RandomForest_unweighted|M5|271708,42,f1_val_threshold,16,16,0.01593625498007968,0.02390438247011952
full_leave_one_positive_component_out,B_donor__RandomForest_unweighted__M5__imp271708__seed42,B|RandomForest_unweighted|M5|271708,42,p_at_5pct,16,16,0.0071090047393364926,0.009478672985781991
full_leave_one_positive_component_out,B_donor__RandomForest_unweighted__M5__imp271708__seed42,B|RandomForest_unweighted|M5|271708,42,r_at_10fpr,16,16,0.21052631578947367,0.2777777777777778
full_leave_one_positive_component_out,B_donor__RandomForest_unweighted__M5__imp271708__seed42,B|RandomForest_unweighted|M5|271708,42,hits_at_budget,16,16,3.0,4.0
full_leave_one_positive_component_out,B_donor__RandomForest_unweighted__M5__imp271708__seed123,B|RandomForest_unweighted|M5|271708,123,roc_auc,16,16,0.7603485838779956,0.8115138311216743
full_leave_one_positive_component_out,B_donor__RandomForest_unweighted__M5__imp271708__seed123,B|RandomForest_unweighted|M5|271708,123,ap,16,16,0.0077164826500909275,0.01170669407464034
full_leave_one_positive_component_out,B_donor__RandomForest_unweighted__M5__imp271708__seed123,B|RandomForest_unweighted|M5|271708,123,f1_val_threshold,16,16,0.013015184381778741,0.01735357917570499
full_leave_one_positive_component_out,B_donor__RandomForest_unweighted__M5__imp271708__seed123,B|RandomForest_unweighted|M5|271708,123,p_at_5pct,16,16,0.0071090047393364926,0.009478672985781991
full_leave_one_positive_component_out,B_donor__RandomForest_unweighted__M5__imp271708__seed123,B|RandomForest_unweighted|M5|271708,123,r_at_10fpr,16,16,0.2777777777777778,0.3888888888888889
full_leave_one_positive_component_out,B_donor__RandomForest_unweighted__M5__imp271708__seed123,B|RandomForest_unweighted|M5|271708,123,hits_at_budget,16,16,3.0,4.0
full_leave_one_positive_component_out,B_donor__RandomForest_unweighted__M5__imp271708__seed456,B|RandomForest_unweighted|M5|271708,456,roc_auc,16,16,0.729543804053608,0.7805641554867561
full_leave_one_positive_component_out,B_donor__RandomForest_unweighted__M5__imp271708__seed456,B|RandomForest_unweighted|M5|271708,456,ap,16,16,0.006730762993190722,0.011601858164516718
full_leave_one_positive_component_out,B_donor__RandomForest_unweighted__M5__imp271708__seed456,B|RandomForest_unweighted|M5|271708,456,f1_val_threshold,16,16,0.01932367149758454,0.028985507246376812
full_leave_one_positive_component_out,B_donor__RandomForest_unweighted__M5__imp271708__seed456,B|RandomForest_unweighted|M5|271708,456,p_at_5pct,16,16,0.0071090047393364926,0.009478672985781991
full_leave_one_positive_component_out,B_donor__RandomForest_unweighted__M5__imp271708__seed456,B|RandomForest_unweighted|M5|271708,456,r_at_10fpr,16,16,0.3157894736842105,0.3888888888888889
full_leave_one_positive_component_out,B_donor__RandomForest_unweighted__M5__imp271708__seed456,B|RandomForest_unweighted|M5|271708,456,hits_at_budget,16,16,3.0,4.0
full_leave_one_positive_component_out,B_donor__RandomForest_unweighted__M5__imp271708__seed789,B|RandomForest_unweighted|M5|271708,789,roc_auc,16,16,0.7111144120948042,0.7672806496335909
full_leave_one_positive_component_out,B_donor__RandomForest_unweighted__M5__imp271708__seed789,B|RandomForest_unweighted|M5|271708,789,ap,16,16,0.007090187656908189,0.01335206489526748
full_leave_one_positive_component_out,B_donor__RandomForest_unweighted__M5__imp271708__seed789,B|RandomForest_unweighted|M5|271708,789,f1_val_threshold,16,16,0.017094017094017096,0.022792022792022793
full_leave_one_positive_component_out,B_donor__RandomForest_unweighted__M5__imp271708__seed789,B|RandomForest_unweighted|M5|271708,789,p_at_5pct,16,16,0.009478672985781991,0.011848341232227487
full_leave_one_positive_component_out,B_donor__RandomForest_unweighted__M5__imp271708__seed789,B|RandomForest_unweighted|M5|271708,789,r_at_10fpr,16,16,0.2631578947368421,0.3333333333333333
full_leave_one_positive_component_out,B_donor__RandomForest_unweighted__M5__imp271708__seed789,B|RandomForest_unweighted|M5|271708,789,hits_at_budget,16,16,4.0,5.0
full_leave_one_positive_component_out,B_donor__RandomForest_unweighted__M5__imp271708__seed1024,B|RandomForest_unweighted|M5|271708,1024,roc_auc,16,16,0.7643823859510134,0.8020499108734402
full_leave_one_positive_component_out,B_donor__RandomForest_unweighted__M5__imp271708__seed1024,B|RandomForest_unweighted|M5|271708,1024,ap,16,16,0.008425100467170186,0.014562769410602918
full_leave_one_positive_component_out,B_donor__RandomForest_unweighted__M5__imp271708__seed1024,B|RandomForest_unweighted|M5|271708,1024,f1_val_threshold,16,16,0.013824884792626729,0.018433179723502304
full_leave_one_positive_component_out,B_donor__RandomForest_unweighted__M5__imp271708__seed1024,B|RandomForest_unweighted|M5|271708,1024,p_at_5pct,16,16,0.0071090047393364926,0.009478672985781991
full_leave_one_positive_component_out,B_donor__RandomForest_unweighted__M5__imp271708__seed1024,B|RandomForest_unweighted|M5|271708,1024,r_at_10fpr,16,16,0.2777777777777778,0.3888888888888889
full_leave_one_positive_component_out,B_donor__RandomForest_unweighted__M5__imp271708__seed1024,B|RandomForest_unweighted|M5|271708,1024,hits_at_budget,16,16,3.0,4.0
full_leave_one_positive_component_out,B_donor__RandomForest_unweighted__M11__imp271708__seed42,B|RandomForest_unweighted|M11|271708,42,roc_auc,16,16,0.8470291146761735,0.8830164388987918
full_leave_one_positive_component_out,B_donor__RandomForest_unweighted__M11__imp271708__seed42,B|RandomForest_unweighted|M11|271708,42,ap,16,16,0.011155258854896499,0.014373357862783046
full_leave_one_positive_component_out,B_donor__RandomForest_unweighted__M11__imp271708__seed42,B|RandomForest_unweighted|M11|271708,42,f1_val_threshold,16,16,0.0,0.0
full_leave_one_positive_component_out,B_donor__RandomForest_unweighted__M11__imp271708__seed42,B|RandomForest_unweighted|M11|271708,42,p_at_5pct,16,16,0.011848341232227487,0.014218009478672985
full_leave_one_positive_component_out,B_donor__RandomForest_unweighted__M11__imp271708__seed42,B|RandomForest_unweighted|M11|271708,42,r_at_10fpr,16,16,0.6111111111111112,0.7222222222222222
full_leave_one_positive_component_out,B_donor__RandomForest_unweighted__M11__imp271708__seed42,B|RandomForest_unweighted|M11|271708,42,hits_at_budget,16,16,5.0,6.0
full_leave_one_positive_component_out,B_donor__RandomForest_unweighted__M11__imp271708__seed123,B|RandomForest_unweighted|M11|271708,123,roc_auc,16,16,0.8264969961048392,0.8680992935894896
full_leave_one_positive_component_out,B_donor__RandomForest_unweighted__M11__imp271708__seed123,B|RandomForest_unweighted|M11|271708,123,ap,16,16,0.009352689222233805,0.01309089290110349
full_leave_one_positive_component_out,B_donor__RandomForest_unweighted__M11__imp271708__seed123,B|RandomForest_unweighted|M11|271708,123,f1_val_threshold,16,16,0.008849557522123894,0.017699115044247787
full_leave_one_positive_component_out,B_donor__RandomForest_unweighted__M11__imp271708__seed123,B|RandomForest_unweighted|M11|271708,123,p_at_5pct,16,16,0.011848341232227487,0.014218009478672985
full_leave_one_positive_component_out,B_donor__RandomForest_unweighted__M11__imp271708__seed123,B|RandomForest_unweighted|M11|271708,123,r_at_10fpr,16,16,0.4444444444444444,0.5555555555555556
full_leave_one_positive_component_out,B_donor__RandomForest_unweighted__M11__imp271708__seed123,B|RandomForest_unweighted|M11|271708,123,hits_at_budget,16,16,5.0,6.0
full_leave_one_positive_component_out,B_donor__RandomForest_unweighted__M11__imp271708__seed456,B|RandomForest_unweighted|M11|271708,456,roc_auc,16,16,0.8228329042054532,0.8732950419224929
full_leave_one_positive_component_out,B_donor__RandomForest_unweighted__M11__imp271708__seed456,B|RandomForest_unweighted|M11|271708,456,ap,16,16,0.009521346620801046,0.01307119620462288
full_leave_one_positive_component_out,B_donor__RandomForest_unweighted__M11__imp271708__seed456,B|RandomForest_unweighted|M11|271708,456,f1_val_threshold,16,16,0.0,0.0273972602739726
full_leave_one_positive_component_out,B_donor__RandomForest_unweighted__M11__imp271708__seed456,B|RandomForest_unweighted|M11|271708,456,p_at_5pct,16,16,0.011848341232227487,0.014218009478672985
full_leave_one_positive_component_out,B_donor__RandomForest_unweighted__M11__imp271708__seed456,B|RandomForest_unweighted|M11|271708,456,r_at_10fpr,16,16,0.47368421052631576,0.5555555555555556
full_leave_one_positive_component_out,B_donor__RandomForest_unweighted__M11__imp271708__seed456,B|RandomForest_unweighted|M11|271708,456,hits_at_budget,16,16,5.0,6.0
full_leave_one_positive_component_out,B_donor__RandomForest_unweighted__M11__imp271708__seed789,B|RandomForest_unweighted|M11|271708,789,roc_auc,16,16,0.8477157192843466,0.886634317026474
full_leave_one_positive_component_out,B_donor__RandomForest_unweighted__M11__imp271708__seed789,B|RandomForest_unweighted|M11|271708,789,ap,16,16,0.010478425066990494,0.015124148312722583
full_leave_one_positive_component_out,B_donor__RandomForest_unweighted__M11__imp271708__seed789,B|RandomForest_unweighted|M11|271708,789,f1_val_threshold,16,16,0.0,0.0
full_leave_one_positive_component_out,B_donor__RandomForest_unweighted__M11__imp271708__seed789,B|RandomForest_unweighted|M11|271708,789,p_at_5pct,16,16,0.011848341232227487,0.014218009478672985
full_leave_one_positive_component_out,B_donor__RandomForest_unweighted__M11__imp271708__seed789,B|RandomForest_unweighted|M11|271708,789,r_at_10fpr,16,16,0.5555555555555556,0.6666666666666666
full_leave_one_positive_component_out,B_donor__RandomForest_unweighted__M11__imp271708__seed789,B|RandomForest_unweighted|M11|271708,789,hits_at_budget,16,16,5.0,6.0
full_leave_one_positive_component_out,B_donor__RandomForest_unweighted__M11__imp271708__seed1024,B|RandomForest_unweighted|M11|271708,1024,roc_auc,16,16,0.8413943355119825,0.8768898131643229
full_leave_one_positive_component_out,B_donor__RandomForest_unweighted__M11__imp271708__seed1024,B|RandomForest_unweighted|M11|271708,1024,ap,16,16,0.010111950153770553,0.014021061632428085
full_leave_one_positive_component_out,B_donor__RandomForest_unweighted__M11__imp271708__seed1024,B|RandomForest_unweighted|M11|271708,1024,f1_val_threshold,16,16,0.0,0.014814814814814815
full_leave_one_positive_component_out,B_donor__RandomForest_unweighted__M11__imp271708__seed1024,B|RandomForest_unweighted|M11|271708,1024,p_at_5pct,16,16,0.014218009478672985,0.016587677725118485
full_leave_one_positive_component_out,B_donor__RandomForest_unweighted__M11__imp271708__seed1024,B|RandomForest_unweighted|M11|271708,1024,r_at_10fpr,16,16,0.5,0.6111111111111112
full_leave_one_positive_component_out,B_donor__RandomForest_unweighted__M11__imp271708__seed1024,B|RandomForest_unweighted|M11|271708,1024,hits_at_budget,16,16,6.0,7.0
full_leave_one_positive_component_out,B_donor__MLP__M5__imp271709__seed42,B|MLP|M5|271709,42,roc_auc,16,16,0.7709975572720671,0.8120711761578635
full_leave_one_positive_component_out,B_donor__MLP__M5__imp271709__seed42,B|MLP|M5|271709,42,ap,16,16,0.0055664497884098515,0.007787977884273247
full_leave_one_positive_component_out,B_donor__MLP__M5__imp271709__seed42,B|MLP|M5|271709,42,f1_val_threshold,16,16,0.0,0.0
full_leave_one_positive_component_out,B_donor__MLP__M5__imp271709__seed42,B|MLP|M5|271709,42,p_at_5pct,16,16,0.0071090047393364926,0.011848341232227487
full_leave_one_positive_component_out,B_donor__MLP__M5__imp271709__seed42,B|MLP|M5|271709,42,r_at_10fpr,16,16,0.2222222222222222,0.3333333333333333
full_leave_one_positive_component_out,B_donor__MLP__M5__imp271709__seed42,B|MLP|M5|271709,42,hits_at_budget,16,16,3.0,5.0
full_leave_one_positive_component_out,B_donor__MLP__M5__imp271709__seed123,B|MLP|M5|271709,123,roc_auc,16,16,0.718274245725226,0.7585139318885449
full_leave_one_positive_component_out,B_donor__MLP__M5__imp271709__seed123,B|MLP|M5|271709,123,ap,16,16,0.004783126532547273,0.006090974797262005
full_leave_one_positive_component_out,B_donor__MLP__M5__imp271709__seed123,B|MLP|M5|271709,123,f1_val_threshold,16,16,0.005689900426742532,0.008534850640113799
full_leave_one_positive_component_out,B_donor__MLP__M5__imp271709__seed123,B|MLP|M5|271709,123,p_at_5pct,16,16,0.002369668246445498,0.004739336492890996
full_leave_one_positive_component_out,B_donor__MLP__M5__imp271709__seed123,B|MLP|M5|271709,123,r_at_10fpr,16,16,0.16666666666666666,0.2777777777777778
full_leave_one_positive_component_out,B_donor__MLP__M5__imp271709__seed123,B|MLP|M5|271709,123,hits_at_budget,16,16,1.0,2.0
full_leave_one_positive_component_out,B_donor__MLP__M5__imp271709__seed456,B|MLP|M5|271709,456,roc_auc,16,16,0.7166633656829735,0.761728742533696
full_leave_one_positive_component_out,B_donor__MLP__M5__imp271709__seed456,B|MLP|M5|271709,456,ap,16,16,0.005167258022433602,0.007204766169272181
full_leave_one_positive_component_out,B_donor__MLP__M5__imp271709__seed456,B|MLP|M5|271709,456,f1_val_threshold,16,16,0.0060790273556231,0.0121580547112462
full_leave_one_positive_component_out,B_donor__MLP__M5__imp271709__seed456,B|MLP|M5|271709,456,p_at_5pct,16,16,0.002369668246445498,0.0071090047393364926
full_leave_one_positive_component_out,B_donor__MLP__M5__imp271709__seed456,B|MLP|M5|271709,456,r_at_10fpr,16,16,0.2222222222222222,0.3333333333333333
full_leave_one_positive_component_out,B_donor__MLP__M5__imp271709__seed456,B|MLP|M5|271709,456,hits_at_budget,16,16,1.0,3.0
full_leave_one_positive_component_out,B_donor__MLP__M5__imp271709__seed789,B|MLP|M5|271709,789,roc_auc,16,16,0.7289034132171388,0.7725240016261687
full_leave_one_positive_component_out,B_donor__MLP__M5__imp271709__seed789,B|MLP|M5|271709,789,ap,16,16,0.00482169555902803,0.006000918818501127
full_leave_one_positive_component_out,B_donor__MLP__M5__imp271709__seed789,B|MLP|M5|271709,789,f1_val_threshold,16,16,0.00949367088607595,0.012658227848101266
full_leave_one_positive_component_out,B_donor__MLP__M5__imp271709__seed789,B|MLP|M5|271709,789,p_at_5pct,16,16,0.0,0.002369668246445498
full_leave_one_positive_component_out,B_donor__MLP__M5__imp271709__seed789,B|MLP|M5|271709,789,r_at_10fpr,16,16,0.2631578947368421,0.3157894736842105
full_leave_one_positive_component_out,B_donor__MLP__M5__imp271709__seed789,B|MLP|M5|271709,789,hits_at_budget,16,16,0.0,1.0
full_leave_one_positive_component_out,B_donor__MLP__M5__imp271709__seed1024,B|MLP|M5|271709,1024,roc_auc,16,16,0.7505380603419819,0.7909024889417047
full_leave_one_positive_component_out,B_donor__MLP__M5__imp271709__seed1024,B|MLP|M5|271709,1024,ap,16,16,0.005847322867476747,0.007935354517447087
full_leave_one_positive_component_out,B_donor__MLP__M5__imp271709__seed1024,B|MLP|M5|271709,1024,f1_val_threshold,16,16,0.011494252873563218,0.01532567049808429
full_leave_one_positive_component_out,B_donor__MLP__M5__imp271709__seed1024,B|MLP|M5|271709,1024,p_at_5pct,16,16,0.004739336492890996,0.0071090047393364926
full_leave_one_positive_component_out,B_donor__MLP__M5__imp271709__seed1024,B|MLP|M5|271709,1024,r_at_10fpr,16,16,0.2777777777777778,0.3888888888888889
full_leave_one_positive_component_out,B_donor__MLP__M5__imp271709__seed1024,B|MLP|M5|271709,1024,hits_at_budget,16,16,2.0,3.0
full_leave_one_positive_component_out,B_donor__MLP__M11__imp271709__seed42,B|MLP|M11|271709,42,roc_auc,16,16,0.8107017891331616,0.8456640710510679
full_leave_one_positive_component_out,B_donor__MLP__M11__imp271709__seed42,B|MLP|M11|271709,42,ap,16,16,0.008999608965576306,0.011989105912783451
full_leave_one_positive_component_out,B_donor__MLP__M11__imp271709__seed42,B|MLP|M11|271709,42,f1_val_threshold,16,16,0.009900990099009901,0.019801980198019802
full_leave_one_positive_component_out,B_donor__MLP__M11__imp271709__seed42,B|MLP|M11|271709,42,p_at_5pct,16,16,0.011848341232227487,0.016587677725118485
full_leave_one_positive_component_out,B_donor__MLP__M11__imp271709__seed42,B|MLP|M11|271709,42,r_at_10fpr,16,16,0.3333333333333333,0.4444444444444444
full_leave_one_positive_component_out,B_donor__MLP__M11__imp271709__seed42,B|MLP|M11|271709,42,hits_at_budget,16,16,5.0,7.0
full_leave_one_positive_component_out,B_donor__MLP__M11__imp271709__seed123,B|MLP|M11|271709,123,roc_auc,16,16,0.7826830395457847,0.8228664352503361
full_leave_one_positive_component_out,B_donor__MLP__M11__imp271709__seed123,B|MLP|M11|271709,123,ap,16,16,0.007301754446365374,0.010615883975635525
full_leave_one_positive_component_out,B_donor__MLP__M11__imp271709__seed123,B|MLP|M11|271709,123,f1_val_threshold,16,16,0.012232415902140673,0.01834862385321101
full_leave_one_positive_component_out,B_donor__MLP__M11__imp271709__seed123,B|MLP|M11|271709,123,p_at_5pct,16,16,0.0071090047393364926,0.011848341232227487
full_leave_one_positive_component_out,B_donor__MLP__M11__imp271709__seed123,B|MLP|M11|271709,123,r_at_10fpr,16,16,0.3333333333333333,0.4444444444444444
full_leave_one_positive_component_out,B_donor__MLP__M11__imp271709__seed123,B|MLP|M11|271709,123,hits_at_budget,16,16,3.0,5.0
full_leave_one_positive_component_out,B_donor__MLP__M11__imp271709__seed456,B|MLP|M11|271709,456,roc_auc,16,16,0.809321977949429,0.8483264012675777
full_leave_one_positive_component_out,B_donor__MLP__M11__imp271709__seed456,B|MLP|M11|271709,456,ap,16,16,0.007811938119652617,0.010285563715806665
full_leave_one_positive_component_out,B_donor__MLP__M11__imp271709__seed456,B|MLP|M11|271709,456,f1_val_threshold,16,16,0.0,0.0
full_leave_one_positive_component_out,B_donor__MLP__M11__imp271709__seed456,B|MLP|M11|271709,456,p_at_5pct,16,16,0.011848341232227487,0.014218009478672985
full_leave_one_positive_component_out,B_donor__MLP__M11__imp271709__seed456,B|MLP|M11|271709,456,r_at_10fpr,16,16,0.3888888888888889,0.5
full_leave_one_positive_component_out,B_donor__MLP__M11__imp271709__seed456,B|MLP|M11|271709,456,hits_at_budget,16,16,5.0,6.0
full_leave_one_positive_component_out,B_donor__MLP__M11__imp271709__seed789,B|MLP|M11|271709,789,roc_auc,16,16,0.8127880108272265,0.8493792413297058
full_leave_one_positive_component_out,B_donor__MLP__M11__imp271709__seed789,B|MLP|M11|271709,789,ap,16,16,0.009041421222754267,0.012104062909800655
full_leave_one_positive_component_out,B_donor__MLP__M11__imp271709__seed789,B|MLP|M11|271709,789,f1_val_threshold,16,16,0.022598870056497175,0.03389830508474576
full_leave_one_positive_component_out,B_donor__MLP__M11__imp271709__seed789,B|MLP|M11|271709,789,p_at_5pct,16,16,0.0071090047393364926,0.011848341232227487
full_leave_one_positive_component_out,B_donor__MLP__M11__imp271709__seed789,B|MLP|M11|271709,789,r_at_10fpr,16,16,0.3888888888888889,0.5
full_leave_one_positive_component_out,B_donor__MLP__M11__imp271709__seed789,B|MLP|M11|271709,789,hits_at_budget,16,16,3.0,5.0
full_leave_one_positive_component_out,B_donor__MLP__M11__imp271709__seed1024,B|MLP|M11|271709,1024,roc_auc,16,16,0.8286459364890737,0.8624386277637052
full_leave_one_positive_component_out,B_donor__MLP__M11__imp271709__seed1024,B|MLP|M11|271709,1024,ap,16,16,0.00887052452256167,0.011497847817209327
full_leave_one_positive_component_out,B_donor__MLP__M11__imp271709__seed1024,B|MLP|M11|271709,1024,f1_val_threshold,16,16,0.0,0.013986013986013986
full_leave_one_positive_component_out,B_donor__MLP__M11__imp271709__seed1024,B|MLP|M11|271709,1024,p_at_5pct,16,16,0.009478672985781991,0.014218009478672985
full_leave_one_positive_component_out,B_donor__MLP__M11__imp271709__seed1024,B|MLP|M11|271709,1024,r_at_10fpr,16,16,0.3333333333333333,0.4444444444444444
full_leave_one_positive_component_out,B_donor__MLP__M11__imp271709__seed1024,B|MLP|M11|271709,1024,hits_at_budget,16,16,4.0,6.0
full_leave_one_positive_component_out,B_donor__RandomForest_unweighted__M5__imp271709__seed42,B|RandomForest_unweighted|M5|271709,42,roc_auc,16,16,0.754086617812108,0.8059912854030501
full_leave_one_positive_component_out,B_donor__RandomForest_unweighted__M5__imp271709__seed42,B|RandomForest_unweighted|M5|271709,42,ap,16,16,0.006822975650201225,0.01278631269894452
full_leave_one_positive_component_out,B_donor__RandomForest_unweighted__M5__imp271709__seed42,B|RandomForest_unweighted|M5|271709,42,f1_val_threshold,16,16,0.0,0.03636363636363636
full_leave_one_positive_component_out,B_donor__RandomForest_unweighted__M5__imp271709__seed42,B|RandomForest_unweighted|M5|271709,42,p_at_5pct,16,16,0.0071090047393364926,0.009478672985781991
full_leave_one_positive_component_out,B_donor__RandomForest_unweighted__M5__imp271709__seed42,B|RandomForest_unweighted|M5|271709,42,r_at_10fpr,16,16,0.2777777777777778,0.3888888888888889
full_leave_one_positive_component_out,B_donor__RandomForest_unweighted__M5__imp271709__seed42,B|RandomForest_unweighted|M5|271709,42,hits_at_budget,16,16,3.0,4.0
full_leave_one_positive_component_out,B_donor__RandomForest_unweighted__M5__imp271709__seed123,B|RandomForest_unweighted|M5|271709,123,roc_auc,16,16,0.7539677823991549,0.8081765366079092
full_leave_one_positive_component_out,B_donor__RandomForest_unweighted__M5__imp271709__seed123,B|RandomForest_unweighted|M5|271709,123,ap,16,16,0.0068866142501157615,0.012687920288255584
full_leave_one_positive_component_out,B_donor__RandomForest_unweighted__M5__imp271709__seed123,B|RandomForest_unweighted|M5|271709,123,f1_val_threshold,16,16,0.022988505747126436,0.028735632183908046
full_leave_one_positive_component_out,B_donor__RandomForest_unweighted__M5__imp271709__seed123,B|RandomForest_unweighted|M5|271709,123,p_at_5pct,16,16,0.009478672985781991,0.011848341232227487
full_leave_one_positive_component_out,B_donor__RandomForest_unweighted__M5__imp271709__seed123,B|RandomForest_unweighted|M5|271709,123,r_at_10fpr,16,16,0.2777777777777778,0.3888888888888889
full_leave_one_positive_component_out,B_donor__RandomForest_unweighted__M5__imp271709__seed123,B|RandomForest_unweighted|M5|271709,123,hits_at_budget,16,16,4.0,5.0
full_leave_one_positive_component_out,B_donor__RandomForest_unweighted__M5__imp271709__seed456,B|RandomForest_unweighted|M5|271709,456,roc_auc,16,16,0.7721033868092692,0.8372582029444774
full_leave_one_positive_component_out,B_donor__RandomForest_unweighted__M5__imp271709__seed456,B|RandomForest_unweighted|M5|271709,456,ap,16,16,0.007109369972215535,0.012834845005155783
full_leave_one_positive_component_out,B_donor__RandomForest_unweighted__M5__imp271709__seed456,B|RandomForest_unweighted|M5|271709,456,f1_val_threshold,16,16,0.01932367149758454,0.024154589371980676
full_leave_one_positive_component_out,B_donor__RandomForest_unweighted__M5__imp271709__seed456,B|RandomForest_unweighted|M5|271709,456,p_at_5pct,16,16,0.009478672985781991,0.011848341232227487
full_leave_one_positive_component_out,B_donor__RandomForest_unweighted__M5__imp271709__seed456,B|RandomForest_unweighted|M5|271709,456,r_at_10fpr,16,16,0.2631578947368421,0.3333333333333333
full_leave_one_positive_component_out,B_donor__RandomForest_unweighted__M5__imp271709__seed456,B|RandomForest_unweighted|M5|271709,456,hits_at_budget,16,16,4.0,5.0
full_leave_one_positive_component_out,B_donor__RandomForest_unweighted__M5__imp271709__seed789,B|RandomForest_unweighted|M5|271709,789,roc_auc,16,16,0.7441572588631411,0.7950526941239016
full_leave_one_positive_component_out,B_donor__RandomForest_unweighted__M5__imp271709__seed789,B|RandomForest_unweighted|M5|271709,789,ap,16,16,0.006535743472439033,0.012463580574157643
full_leave_one_positive_component_out,B_donor__RandomForest_unweighted__M5__imp271709__seed789,B|RandomForest_unweighted|M5|271709,789,f1_val_threshold,16,16,0.0,0.031746031746031744
full_leave_one_positive_component_out,B_donor__RandomForest_unweighted__M5__imp271709__seed789,B|RandomForest_unweighted|M5|271709,789,p_at_5pct,16,16,0.009478672985781991,0.011848341232227487
full_leave_one_positive_component_out,B_donor__RandomForest_unweighted__M5__imp271709__seed789,B|RandomForest_unweighted|M5|271709,789,r_at_10fpr,16,16,0.3157894736842105,0.3888888888888889
full_leave_one_positive_component_out,B_donor__RandomForest_unweighted__M5__imp271709__seed789,B|RandomForest_unweighted|M5|271709,789,hits_at_budget,16,16,4.0,5.0
full_leave_one_positive_component_out,B_donor__RandomForest_unweighted__M5__imp271709__seed1024,B|RandomForest_unweighted|M5|271709,1024,roc_auc,16,16,0.7448966792104046,0.7944741532976827
full_leave_one_positive_component_out,B_donor__RandomForest_unweighted__M5__imp271709__seed1024,B|RandomForest_unweighted|M5|271709,1024,ap,16,16,0.006301955442390299,0.012235676971913825
full_leave_one_positive_component_out,B_donor__RandomForest_unweighted__M5__imp271709__seed1024,B|RandomForest_unweighted|M5|271709,1024,f1_val_threshold,16,16,0.01098901098901099,0.02197802197802198
full_leave_one_positive_component_out,B_donor__RandomForest_unweighted__M5__imp271709__seed1024,B|RandomForest_unweighted|M5|271709,1024,p_at_5pct,16,16,0.009478672985781991,0.011848341232227487
full_leave_one_positive_component_out,B_donor__RandomForest_unweighted__M5__imp271709__seed1024,B|RandomForest_unweighted|M5|271709,1024,r_at_10fpr,16,16,0.21052631578947367,0.2777777777777778
full_leave_one_positive_component_out,B_donor__RandomForest_unweighted__M5__imp271709__seed1024,B|RandomForest_unweighted|M5|271709,1024,hits_at_budget,16,16,4.0,5.0
full_leave_one_positive_component_out,B_donor__RandomForest_unweighted__M11__imp271709__seed42,B|RandomForest_unweighted|M11|271709,42,roc_auc,16,16,0.8466263946656104,0.8775830197398825
full_leave_one_positive_component_out,B_donor__RandomForest_unweighted__M11__imp271709__seed42,B|RandomForest_unweighted|M11|271709,42,ap,16,16,0.009277773552000355,0.012923089334349706
full_leave_one_positive_component_out,B_donor__RandomForest_unweighted__M11__imp271709__seed42,B|RandomForest_unweighted|M11|271709,42,f1_val_threshold,16,16,0.0,0.041666666666666664
full_leave_one_positive_component_out,B_donor__RandomForest_unweighted__M11__imp271709__seed42,B|RandomForest_unweighted|M11|271709,42,p_at_5pct,16,16,0.014218009478672985,0.016587677725118485
full_leave_one_positive_component_out,B_donor__RandomForest_unweighted__M11__imp271709__seed42,B|RandomForest_unweighted|M11|271709,42,r_at_10fpr,16,16,0.47368421052631576,0.5555555555555556
full_leave_one_positive_component_out,B_donor__RandomForest_unweighted__M11__imp271709__seed42,B|RandomForest_unweighted|M11|271709,42,hits_at_budget,16,16,6.0,7.0
full_leave_one_positive_component_out,B_donor__RandomForest_unweighted__M11__imp271709__seed123,B|RandomForest_unweighted|M11|271709,123,roc_auc,16,16,0.8272925331748859,0.870198719218327
full_leave_one_positive_component_out,B_donor__RandomForest_unweighted__M11__imp271709__seed123,B|RandomForest_unweighted|M11|271709,123,ap,16,16,0.009359486631322522,0.01357080139481383
full_leave_one_positive_component_out,B_donor__RandomForest_unweighted__M11__imp271709__seed123,B|RandomForest_unweighted|M11|271709,123,f1_val_threshold,16,16,0.0,0.03333333333333333
full_leave_one_positive_component_out,B_donor__RandomForest_unweighted__M11__imp271709__seed123,B|RandomForest_unweighted|M11|271709,123,p_at_5pct,16,16,0.011848341232227487,0.014218009478672985
full_leave_one_positive_component_out,B_donor__RandomForest_unweighted__M11__imp271709__seed123,B|RandomForest_unweighted|M11|271709,123,r_at_10fpr,16,16,0.4444444444444444,0.5555555555555556
full_leave_one_positive_component_out,B_donor__RandomForest_unweighted__M11__imp271709__seed123,B|RandomForest_unweighted|M11|271709,123,hits_at_budget,16,16,5.0,6.0
full_leave_one_positive_component_out,B_donor__RandomForest_unweighted__M11__imp271709__seed456,B|RandomForest_unweighted|M11|271709,456,roc_auc,16,16,0.851901366607249,0.8825812302592488
full_leave_one_positive_component_out,B_donor__RandomForest_unweighted__M11__imp271709__seed456,B|RandomForest_unweighted|M11|271709,456,ap,16,16,0.010088197665449099,0.01533359852873139
full_leave_one_positive_component_out,B_donor__RandomForest_unweighted__M11__imp271709__seed456,B|RandomForest_unweighted|M11|271709,456,f1_val_threshold,16,16,0.0,0.02857142857142857
full_leave_one_positive_component_out,B_donor__RandomForest_unweighted__M11__imp271709__seed456,B|RandomForest_unweighted|M11|271709,456,p_at_5pct,16,16,0.014218009478672985,0.016587677725118485
full_leave_one_positive_component_out,B_donor__RandomForest_unweighted__M11__imp271709__seed456,B|RandomForest_unweighted|M11|271709,456,r_at_10fpr,16,16,0.47368421052631576,0.5555555555555556
full_leave_one_positive_component_out,B_donor__RandomForest_unweighted__M11__imp271709__seed456,B|RandomForest_unweighted|M11|271709,456,hits_at_budget,16,16,6.0,7.0
full_leave_one_positive_component_out,B_donor__RandomForest_unweighted__M11__imp271709__seed789,B|RandomForest_unweighted|M11|271709,789,roc_auc,16,16,0.8654717105697498,0.8907968574635241
full_leave_one_positive_component_out,B_donor__RandomForest_unweighted__M11__imp271709__seed789,B|RandomForest_unweighted|M11|271709,789,ap,16,16,0.009961913350854973,0.016055778508814313
full_leave_one_positive_component_out,B_donor__RandomForest_unweighted__M11__imp271709__seed789,B|RandomForest_unweighted|M11|271709,789,f1_val_threshold,16,16,0.0,0.034482758620689655
full_leave_one_positive_component_out,B_donor__RandomForest_unweighted__M11__imp271709__seed789,B|RandomForest_unweighted|M11|271709,789,p_at_5pct,16,16,0.011848341232227487,0.014218009478672985
full_leave_one_positive_component_out,B_donor__RandomForest_unweighted__M11__imp271709__seed789,B|RandomForest_unweighted|M11|271709,789,r_at_10fpr,16,16,0.4444444444444444,0.5555555555555556
full_leave_one_positive_component_out,B_donor__RandomForest_unweighted__M11__imp271709__seed789,B|RandomForest_unweighted|M11|271709,789,hits_at_budget,16,16,5.0,6.0
full_leave_one_positive_component_out,B_donor__RandomForest_unweighted__M11__imp271709__seed1024,B|RandomForest_unweighted|M11|271709,1024,roc_auc,16,16,0.8507790321515811,0.8817356572258533
full_leave_one_positive_component_out,B_donor__RandomForest_unweighted__M11__imp271709__seed1024,B|RandomForest_unweighted|M11|271709,1024,ap,16,16,0.010431043119492977,0.01550888900592589
full_leave_one_positive_component_out,B_donor__RandomForest_unweighted__M11__imp271709__seed1024,B|RandomForest_unweighted|M11|271709,1024,f1_val_threshold,16,16,0.0,0.037037037037037035
full_leave_one_positive_component_out,B_donor__RandomForest_unweighted__M11__imp271709__seed1024,B|RandomForest_unweighted|M11|271709,1024,p_at_5pct,16,16,0.011848341232227487,0.014218009478672985
full_leave_one_positive_component_out,B_donor__RandomForest_unweighted__M11__imp271709__seed1024,B|RandomForest_unweighted|M11|271709,1024,r_at_10fpr,16,16,0.5,0.6111111111111112
full_leave_one_positive_component_out,B_donor__RandomForest_unweighted__M11__imp271709__seed1024,B|RandomForest_unweighted|M11|271709,1024,hits_at_budget,16,16,5.0,6.0
full_leave_one_positive_component_out,B0_dropFIN87__MLP__M5_no_FIN87__seed42,B0|MLP|M5_no_FIN87,42,roc_auc,16,16,0.5095299399220967,0.5802931273519509
full_leave_one_positive_component_out,B0_dropFIN87__MLP__M5_no_FIN87__seed42,B0|MLP|M5_no_FIN87,42,ap,16,16,0.0021282652330480655,0.0025852764064093333
full_leave_one_positive_component_out,B0_dropFIN87__MLP__M5_no_FIN87__seed42,B0|MLP|M5_no_FIN87,42,f1_val_threshold,16,16,0.0,0.0
full_leave_one_positive_component_out,B0_dropFIN87__MLP__M5_no_FIN87__seed42,B0|MLP|M5_no_FIN87,42,p_at_5pct,16,16,0.0,0.0
full_leave_one_positive_component_out,B0_dropFIN87__MLP__M5_no_FIN87__seed42,B0|MLP|M5_no_FIN87,42,r_at_10fpr,16,16,0.05263157894736842,0.1111111111111111
full_leave_one_positive_component_out,B0_dropFIN87__MLP__M5_no_FIN87__seed42,B0|MLP|M5_no_FIN87,42,hits_at_budget,16,16,0.0,0.0
full_leave_one_positive_component_out,B0_dropFIN87__MLP__M5_no_FIN87__seed123,B0|MLP|M5_no_FIN87,123,roc_auc,16,16,0.5527695253185448,0.6174357958671683
full_leave_one_positive_component_out,B0_dropFIN87__MLP__M5_no_FIN87__seed123,B0|MLP|M5_no_FIN87,123,ap,16,16,0.0027619016548784004,0.003293795776677636
full_leave_one_positive_component_out,B0_dropFIN87__MLP__M5_no_FIN87__seed123,B0|MLP|M5_no_FIN87,123,f1_val_threshold,16,16,0.006033182503770739,0.007038712921065862
full_leave_one_positive_component_out,B0_dropFIN87__MLP__M5_no_FIN87__seed123,B0|MLP|M5_no_FIN87,123,p_at_5pct,16,16,0.0,0.0
full_leave_one_positive_component_out,B0_dropFIN87__MLP__M5_no_FIN87__seed123,B0|MLP|M5_no_FIN87,123,r_at_10fpr,16,16,0.15789473684210525,0.2222222222222222
full_leave_one_positive_component_out,B0_dropFIN87__MLP__M5_no_FIN87__seed123,B0|MLP|M5_no_FIN87,123,hits_at_budget,16,16,0.0,0.0
full_leave_one_positive_component_out,B0_dropFIN87__MLP__M5_no_FIN87__seed456,B0|MLP|M5_no_FIN87,456,roc_auc,16,16,0.38813834943865905,0.44072753680596816
full_leave_one_positive_component_out,B0_dropFIN87__MLP__M5_no_FIN87__seed456,B0|MLP|M5_no_FIN87,456,ap,16,16,0.0019229733555590598,0.004172210048168748
full_leave_one_positive_component_out,B0_dropFIN87__MLP__M5_no_FIN87__seed456,B0|MLP|M5_no_FIN87,456,f1_val_threshold,16,16,0.0,0.007936507936507936
full_leave_one_positive_component_out,B0_dropFIN87__MLP__M5_no_FIN87__seed456,B0|MLP|M5_no_FIN87,456,p_at_5pct,16,16,0.002369668246445498,0.004739336492890996
full_leave_one_positive_component_out,B0_dropFIN87__MLP__M5_no_FIN87__seed456,B0|MLP|M5_no_FIN87,456,r_at_10fpr,16,16,0.05263157894736842,0.1111111111111111
full_leave_one_positive_component_out,B0_dropFIN87__MLP__M5_no_FIN87__seed456,B0|MLP|M5_no_FIN87,456,hits_at_budget,16,16,1.0,2.0
full_leave_one_positive_component_out,B0_dropFIN87__MLP__M5_no_FIN87__seed789,B0|MLP|M5_no_FIN87,789,roc_auc,16,16,0.56951871657754,0.6274443784247705
full_leave_one_positive_component_out,B0_dropFIN87__MLP__M5_no_FIN87__seed789,B0|MLP|M5_no_FIN87,789,ap,16,16,0.004780482247005028,0.012056193693213174
full_leave_one_positive_component_out,B0_dropFIN87__MLP__M5_no_FIN87__seed789,B0|MLP|M5_no_FIN87,789,f1_val_threshold,16,16,0.0,0.02857142857142857
full_leave_one_positive_component_out,B0_dropFIN87__MLP__M5_no_FIN87__seed789,B0|MLP|M5_no_FIN87,789,p_at_5pct,16,16,0.0071090047393364926,0.009478672985781991
full_leave_one_positive_component_out,B0_dropFIN87__MLP__M5_no_FIN87__seed789,B0|MLP|M5_no_FIN87,789,r_at_10fpr,16,16,0.15789473684210525,0.2222222222222222
full_leave_one_positive_component_out,B0_dropFIN87__MLP__M5_no_FIN87__seed789,B0|MLP|M5_no_FIN87,789,hits_at_budget,16,16,3.0,4.0
full_leave_one_positive_component_out,B0_dropFIN87__MLP__M5_no_FIN87__seed1024,B0|MLP|M5_no_FIN87,1024,roc_auc,16,16,0.4551957483330033,0.5504720406681191
full_leave_one_positive_component_out,B0_dropFIN87__MLP__M5_no_FIN87__seed1024,B0|MLP|M5_no_FIN87,1024,ap,16,16,0.0024963632647826144,0.003230337882236511
full_leave_one_positive_component_out,B0_dropFIN87__MLP__M5_no_FIN87__seed1024,B0|MLP|M5_no_FIN87,1024,f1_val_threshold,16,16,0.004343105320304018,0.005786618444846293
full_leave_one_positive_component_out,B0_dropFIN87__MLP__M5_no_FIN87__seed1024,B0|MLP|M5_no_FIN87,1024,p_at_5pct,16,16,0.002369668246445498,0.004739336492890996
full_leave_one_positive_component_out,B0_dropFIN87__MLP__M5_no_FIN87__seed1024,B0|MLP|M5_no_FIN87,1024,r_at_10fpr,16,16,0.10526315789473684,0.16666666666666666
full_leave_one_positive_component_out,B0_dropFIN87__MLP__M5_no_FIN87__seed1024,B0|MLP|M5_no_FIN87,1024,hits_at_budget,16,16,1.0,2.0
full_leave_one_positive_component_out,B0_dropFIN87__MLP__M11_no_FIN87__seed42,B0|MLP|M11_no_FIN87,42,roc_auc,16,16,0.7538456460025087,0.8373671354063511
full_leave_one_positive_component_out,B0_dropFIN87__MLP__M11_no_FIN87__seed42,B0|MLP|M11_no_FIN87,42,ap,16,16,0.014467777570424436,0.0756610533773085
full_leave_one_positive_component_out,B0_dropFIN87__MLP__M11_no_FIN87__seed42,B0|MLP|M11_no_FIN87,42,f1_val_threshold,16,16,0.0,0.058823529411764705
full_leave_one_positive_component_out,B0_dropFIN87__MLP__M11_no_FIN87__seed42,B0|MLP|M11_no_FIN87,42,p_at_5pct,16,16,0.009478672985781991,0.011848341232227487
full_leave_one_positive_component_out,B0_dropFIN87__MLP__M11_no_FIN87__seed42,B0|MLP|M11_no_FIN87,42,r_at_10fpr,16,16,0.4444444444444444,0.5555555555555556
full_leave_one_positive_component_out,B0_dropFIN87__MLP__M11_no_FIN87__seed42,B0|MLP|M11_no_FIN87,42,hits_at_budget,16,16,4.0,5.0
full_leave_one_positive_component_out,B0_dropFIN87__MLP__M11_no_FIN87__seed123,B0|MLP|M11_no_FIN87,123,roc_auc,16,16,0.703875354855747,0.7778107876147091
full_leave_one_positive_component_out,B0_dropFIN87__MLP__M11_no_FIN87__seed123,B0|MLP|M11_no_FIN87,123,ap,16,16,0.011461055792698616,0.01897769535786032
full_leave_one_positive_component_out,B0_dropFIN87__MLP__M11_no_FIN87__seed123,B0|MLP|M11_no_FIN87,123,f1_val_threshold,16,16,0.036585365853658534,0.04878048780487805
full_leave_one_positive_component_out,B0_dropFIN87__MLP__M11_no_FIN87__seed123,B0|MLP|M11_no_FIN87,123,p_at_5pct,16,16,0.009478672985781991,0.014218009478672985
full_leave_one_positive_component_out,B0_dropFIN87__MLP__M11_no_FIN87__seed123,B0|MLP|M11_no_FIN87,123,r_at_10fpr,16,16,0.4444444444444444,0.5555555555555556
full_leave_one_positive_component_out,B0_dropFIN87__MLP__M11_no_FIN87__seed123,B0|MLP|M11_no_FIN87,123,hits_at_budget,16,16,4.0,6.0
full_leave_one_positive_component_out,B0_dropFIN87__MLP__M11_no_FIN87__seed456,B0|MLP|M11_no_FIN87,456,roc_auc,16,16,0.7569452696903678,0.832996632996633
full_leave_one_positive_component_out,B0_dropFIN87__MLP__M11_no_FIN87__seed456,B0|MLP|M11_no_FIN87,456,ap,16,16,0.011869759641183357,0.01883365266906197
full_leave_one_positive_component_out,B0_dropFIN87__MLP__M11_no_FIN87__seed456,B0|MLP|M11_no_FIN87,456,f1_val_threshold,16,16,0.03225806451612903,0.04838709677419355
full_leave_one_positive_component_out,B0_dropFIN87__MLP__M11_no_FIN87__seed456,B0|MLP|M11_no_FIN87,456,p_at_5pct,16,16,0.011848341232227487,0.016587677725118485
full_leave_one_positive_component_out,B0_dropFIN87__MLP__M11_no_FIN87__seed456,B0|MLP|M11_no_FIN87,456,r_at_10fpr,16,16,0.4444444444444444,0.5555555555555556
full_leave_one_positive_component_out,B0_dropFIN87__MLP__M11_no_FIN87__seed456,B0|MLP|M11_no_FIN87,456,hits_at_budget,16,16,5.0,7.0
full_leave_one_positive_component_out,B0_dropFIN87__MLP__M11_no_FIN87__seed789,B0|MLP|M11_no_FIN87,789,roc_auc,16,16,0.6561761404898659,0.7575493497062125
full_leave_one_positive_component_out,B0_dropFIN87__MLP__M11_no_FIN87__seed789,B0|MLP|M11_no_FIN87,789,ap,16,16,0.007904123303828264,0.06651048391660254
full_leave_one_positive_component_out,B0_dropFIN87__MLP__M11_no_FIN87__seed789,B0|MLP|M11_no_FIN87,789,f1_val_threshold,16,16,0.03571428571428571,0.07142857142857142
full_leave_one_positive_component_out,B0_dropFIN87__MLP__M11_no_FIN87__seed789,B0|MLP|M11_no_FIN87,789,p_at_5pct,16,16,0.0071090047393364926,0.011848341232227487
full_leave_one_positive_component_out,B0_dropFIN87__MLP__M11_no_FIN87__seed789,B0|MLP|M11_no_FIN87,789,r_at_10fpr,16,16,0.3888888888888889,0.5
full_leave_one_positive_component_out,B0_dropFIN87__MLP__M11_no_FIN87__seed789,B0|MLP|M11_no_FIN87,789,hits_at_budget,16,16,3.0,5.0
full_leave_one_positive_component_out,B0_dropFIN87__MLP__M11_no_FIN87__seed1024,B0|MLP|M11_no_FIN87,1024,roc_auc,16,16,0.6967518320459497,0.7745362117911139
full_leave_one_positive_component_out,B0_dropFIN87__MLP__M11_no_FIN87__seed1024,B0|MLP|M11_no_FIN87,1024,ap,16,16,0.005774368222530311,0.014909854479911212
full_leave_one_positive_component_out,B0_dropFIN87__MLP__M11_no_FIN87__seed1024,B0|MLP|M11_no_FIN87,1024,f1_val_threshold,16,16,0.0,0.020833333333333332
full_leave_one_positive_component_out,B0_dropFIN87__MLP__M11_no_FIN87__seed1024,B0|MLP|M11_no_FIN87,1024,p_at_5pct,16,16,0.011848341232227487,0.011848341232227487
full_leave_one_positive_component_out,B0_dropFIN87__MLP__M11_no_FIN87__seed1024,B0|MLP|M11_no_FIN87,1024,r_at_10fpr,16,16,0.2777777777777778,0.3888888888888889
full_leave_one_positive_component_out,B0_dropFIN87__MLP__M11_no_FIN87__seed1024,B0|MLP|M11_no_FIN87,1024,hits_at_budget,16,16,5.0,5.0
full_leave_one_positive_component_out,B0_dropFIN87__RandomForest_unweighted__M5_no_FIN87__seed42,B0|RandomForest_unweighted|M5_no_FIN87,42,roc_auc,16,16,0.47900365887981977,0.5469663959860038
full_leave_one_positive_component_out,B0_dropFIN87__RandomForest_unweighted__M5_no_FIN87__seed42,B0|RandomForest_unweighted|M5_no_FIN87,42,ap,16,16,0.0027081021703652497,0.003475162275530318
full_leave_one_positive_component_out,B0_dropFIN87__RandomForest_unweighted__M5_no_FIN87__seed42,B0|RandomForest_unweighted|M5_no_FIN87,42,f1_val_threshold,16,16,0.004827031375703942,0.006436041834271922
full_leave_one_positive_component_out,B0_dropFIN87__RandomForest_unweighted__M5_no_FIN87__seed42,B0|RandomForest_unweighted|M5_no_FIN87,42,p_at_5pct,16,16,0.004739336492890996,0.0071090047393364926
full_leave_one_positive_component_out,B0_dropFIN87__RandomForest_unweighted__M5_no_FIN87__seed42,B0|RandomForest_unweighted|M5_no_FIN87,42,r_at_10fpr,16,16,0.15789473684210525,0.2222222222222222
full_leave_one_positive_component_out,B0_dropFIN87__RandomForest_unweighted__M5_no_FIN87__seed42,B0|RandomForest_unweighted|M5_no_FIN87,42,hits_at_budget,16,16,2.0,3.0
full_leave_one_positive_component_out,B0_dropFIN87__RandomForest_unweighted__M5_no_FIN87__seed123,B0|RandomForest_unweighted|M5_no_FIN87,123,roc_auc,16,16,0.4359821121431029,0.5014722387271408
full_leave_one_positive_component_out,B0_dropFIN87__RandomForest_unweighted__M5_no_FIN87__seed123,B0|RandomForest_unweighted|M5_no_FIN87,123,ap,16,16,0.002311802432238967,0.0028930863870108843
full_leave_one_positive_component_out,B0_dropFIN87__RandomForest_unweighted__M5_no_FIN87__seed123,B0|RandomForest_unweighted|M5_no_FIN87,123,f1_val_threshold,16,16,0.004259850905218318,0.00449544540399858
full_leave_one_positive_component_out,B0_dropFIN87__RandomForest_unweighted__M5_no_FIN87__seed123,B0|RandomForest_unweighted|M5_no_FIN87,123,p_at_5pct,16,16,0.002369668246445498,0.004739336492890996
full_leave_one_positive_component_out,B0_dropFIN87__RandomForest_unweighted__M5_no_FIN87__seed123,B0|RandomForest_unweighted|M5_no_FIN87,123,r_at_10fpr,16,16,0.10526315789473684,0.16666666666666666
full_leave_one_positive_component_out,B0_dropFIN87__RandomForest_unweighted__M5_no_FIN87__seed123,B0|RandomForest_unweighted|M5_no_FIN87,123,hits_at_budget,16,16,1.0,2.0
full_leave_one_positive_component_out,B0_dropFIN87__RandomForest_unweighted__M5_no_FIN87__seed456,B0|RandomForest_unweighted|M5_no_FIN87,456,roc_auc,16,16,0.4423585702223473,0.5076615831517792
full_leave_one_positive_component_out,B0_dropFIN87__RandomForest_unweighted__M5_no_FIN87__seed456,B0|RandomForest_unweighted|M5_no_FIN87,456,ap,16,16,0.0023606863199667483,0.002914465569633576
full_leave_one_positive_component_out,B0_dropFIN87__RandomForest_unweighted__M5_no_FIN87__seed456,B0|RandomForest_unweighted|M5_no_FIN87,456,f1_val_threshold,16,16,0.004259850905218318,0.00449544540399858
full_leave_one_positive_component_out,B0_dropFIN87__RandomForest_unweighted__M5_no_FIN87__seed456,B0|RandomForest_unweighted|M5_no_FIN87,456,p_at_5pct,16,16,0.004739336492890996,0.0071090047393364926
full_leave_one_positive_component_out,B0_dropFIN87__RandomForest_unweighted__M5_no_FIN87__seed456,B0|RandomForest_unweighted|M5_no_FIN87,456,r_at_10fpr,16,16,0.10526315789473684,0.16666666666666666
full_leave_one_positive_component_out,B0_dropFIN87__RandomForest_unweighted__M5_no_FIN87__seed456,B0|RandomForest_unweighted|M5_no_FIN87,456,hits_at_budget,16,16,2.0,3.0
full_leave_one_positive_component_out,B0_dropFIN87__RandomForest_unweighted__M5_no_FIN87__seed789,B0|RandomForest_unweighted|M5_no_FIN87,789,roc_auc,16,16,0.44548269068392915,0.5116854822737176
full_leave_one_positive_component_out,B0_dropFIN87__RandomForest_unweighted__M5_no_FIN87__seed789,B0|RandomForest_unweighted|M5_no_FIN87,789,ap,16,16,0.002173787211823938,0.0026865796574730497
full_leave_one_positive_component_out,B0_dropFIN87__RandomForest_unweighted__M5_no_FIN87__seed789,B0|RandomForest_unweighted|M5_no_FIN87,789,f1_val_threshold,16,16,0.0033919210607462227,0.004007398273736128
full_leave_one_positive_component_out,B0_dropFIN87__RandomForest_unweighted__M5_no_FIN87__seed789,B0|RandomForest_unweighted|M5_no_FIN87,789,p_at_5pct,16,16,0.0,0.002369668246445498
full_leave_one_positive_component_out,B0_dropFIN87__RandomForest_unweighted__M5_no_FIN87__seed789,B0|RandomForest_unweighted|M5_no_FIN87,789,r_at_10fpr,16,16,0.10526315789473684,0.16666666666666666
full_leave_one_positive_component_out,B0_dropFIN87__RandomForest_unweighted__M5_no_FIN87__seed789,B0|RandomForest_unweighted|M5_no_FIN87,789,hits_at_budget,16,16,0.0,1.0
full_leave_one_positive_component_out,B0_dropFIN87__RandomForest_unweighted__M5_no_FIN87__seed1024,B0|RandomForest_unweighted|M5_no_FIN87,1024,roc_auc,16,16,0.4337430027832504,0.499247375717964
full_leave_one_positive_component_out,B0_dropFIN87__RandomForest_unweighted__M5_no_FIN87__seed1024,B0|RandomForest_unweighted|M5_no_FIN87,1024,ap,16,16,0.0021905030504430416,0.0026488877104385946
full_leave_one_positive_component_out,B0_dropFIN87__RandomForest_unweighted__M5_no_FIN87__seed1024,B0|RandomForest_unweighted|M5_no_FIN87,1024,f1_val_threshold,16,16,0.0030845157310302285,0.0037002775208140612
full_leave_one_positive_component_out,B0_dropFIN87__RandomForest_unweighted__M5_no_FIN87__seed1024,B0|RandomForest_unweighted|M5_no_FIN87,1024,p_at_5pct,16,16,0.0,0.002369668246445498
full_leave_one_positive_component_out,B0_dropFIN87__RandomForest_unweighted__M5_no_FIN87__seed1024,B0|RandomForest_unweighted|M5_no_FIN87,1024,r_at_10fpr,16,16,0.10526315789473684,0.16666666666666666
full_leave_one_positive_component_out,B0_dropFIN87__RandomForest_unweighted__M5_no_FIN87__seed1024,B0|RandomForest_unweighted|M5_no_FIN87,1024,hits_at_budget,16,16,0.0,1.0
full_leave_one_positive_component_out,B0_dropFIN87__RandomForest_unweighted__M11_no_FIN87__seed42,B0|RandomForest_unweighted|M11_no_FIN87,42,roc_auc,16,16,0.6957186241499966,0.7809269162210338
full_leave_one_positive_component_out,B0_dropFIN87__RandomForest_unweighted__M11_no_FIN87__seed42,B0|RandomForest_unweighted|M11_no_FIN87,42,ap,16,16,0.010384194455974832,0.029005613346163504
full_leave_one_positive_component_out,B0_dropFIN87__RandomForest_unweighted__M11_no_FIN87__seed42,B0|RandomForest_unweighted|M11_no_FIN87,42,f1_val_threshold,16,16,0.0449438202247191,0.06741573033707865
full_leave_one_positive_component_out,B0_dropFIN87__RandomForest_unweighted__M11_no_FIN87__seed42,B0|RandomForest_unweighted|M11_no_FIN87,42,p_at_5pct,16,16,0.009478672985781991,0.011848341232227487
full_leave_one_positive_component_out,B0_dropFIN87__RandomForest_unweighted__M11_no_FIN87__seed42,B0|RandomForest_unweighted|M11_no_FIN87,42,r_at_10fpr,16,16,0.2631578947368421,0.3333333333333333
full_leave_one_positive_component_out,B0_dropFIN87__RandomForest_unweighted__M11_no_FIN87__seed42,B0|RandomForest_unweighted|M11_no_FIN87,42,hits_at_budget,16,16,4.0,5.0
full_leave_one_positive_component_out,B0_dropFIN87__RandomForest_unweighted__M11_no_FIN87__seed123,B0|RandomForest_unweighted|M11_no_FIN87,123,roc_auc,16,16,0.7376642239387338,0.8217930943421139
full_leave_one_positive_component_out,B0_dropFIN87__RandomForest_unweighted__M11_no_FIN87__seed123,B0|RandomForest_unweighted|M11_no_FIN87,123,ap,16,16,0.010763574092338829,0.0224109460117699
full_leave_one_positive_component_out,B0_dropFIN87__RandomForest_unweighted__M11_no_FIN87__seed123,B0|RandomForest_unweighted|M11_no_FIN87,123,f1_val_threshold,16,16,0.0,0.06896551724137931
full_leave_one_positive_component_out,B0_dropFIN87__RandomForest_unweighted__M11_no_FIN87__seed123,B0|RandomForest_unweighted|M11_no_FIN87,123,p_at_5pct,16,16,0.009478672985781991,0.011848341232227487
full_leave_one_positive_component_out,B0_dropFIN87__RandomForest_unweighted__M11_no_FIN87__seed123,B0|RandomForest_unweighted|M11_no_FIN87,123,r_at_10fpr,16,16,0.3157894736842105,0.3888888888888889
full_leave_one_positive_component_out,B0_dropFIN87__RandomForest_unweighted__M11_no_FIN87__seed123,B0|RandomForest_unweighted|M11_no_FIN87,123,hits_at_budget,16,16,4.0,5.0
full_leave_one_positive_component_out,B0_dropFIN87__RandomForest_unweighted__M11_no_FIN87__seed456,B0|RandomForest_unweighted|M11_no_FIN87,456,roc_auc,16,16,0.7409024889417046,0.8139235492176669
full_leave_one_positive_component_out,B0_dropFIN87__RandomForest_unweighted__M11_no_FIN87__seed456,B0|RandomForest_unweighted|M11_no_FIN87,456,ap,16,16,0.00910517978985417,0.016812881746849306
full_leave_one_positive_component_out,B0_dropFIN87__RandomForest_unweighted__M11_no_FIN87__seed456,B0|RandomForest_unweighted|M11_no_FIN87,456,f1_val_threshold,16,16,0.03076923076923077,0.06153846153846154
full_leave_one_positive_component_out,B0_dropFIN87__RandomForest_unweighted__M11_no_FIN87__seed456,B0|RandomForest_unweighted|M11_no_FIN87,456,p_at_5pct,16,16,0.009478672985781991,0.011848341232227487
full_leave_one_positive_component_out,B0_dropFIN87__RandomForest_unweighted__M11_no_FIN87__seed456,B0|RandomForest_unweighted|M11_no_FIN87,456,r_at_10fpr,16,16,0.2777777777777778,0.3888888888888889
full_leave_one_positive_component_out,B0_dropFIN87__RandomForest_unweighted__M11_no_FIN87__seed456,B0|RandomForest_unweighted|M11_no_FIN87,456,hits_at_budget,16,16,4.0,5.0
full_leave_one_positive_component_out,B0_dropFIN87__RandomForest_unweighted__M11_no_FIN87__seed789,B0|RandomForest_unweighted|M11_no_FIN87,789,roc_auc,16,16,0.718062982768865,0.8029477784379745
full_leave_one_positive_component_out,B0_dropFIN87__RandomForest_unweighted__M11_no_FIN87__seed789,B0|RandomForest_unweighted|M11_no_FIN87,789,ap,16,16,0.008912469191588867,0.02321025920911888
full_leave_one_positive_component_out,B0_dropFIN87__RandomForest_unweighted__M11_no_FIN87__seed789,B0|RandomForest_unweighted|M11_no_FIN87,789,f1_val_threshold,16,16,0.0,0.0
full_leave_one_positive_component_out,B0_dropFIN87__RandomForest_unweighted__M11_no_FIN87__seed789,B0|RandomForest_unweighted|M11_no_FIN87,789,p_at_5pct,16,16,0.009478672985781991,0.011848341232227487
full_leave_one_positive_component_out,B0_dropFIN87__RandomForest_unweighted__M11_no_FIN87__seed789,B0|RandomForest_unweighted|M11_no_FIN87,789,r_at_10fpr,16,16,0.21052631578947367,0.2777777777777778
full_leave_one_positive_component_out,B0_dropFIN87__RandomForest_unweighted__M11_no_FIN87__seed789,B0|RandomForest_unweighted|M11_no_FIN87,789,hits_at_budget,16,16,4.0,5.0
full_leave_one_positive_component_out,B0_dropFIN87__RandomForest_unweighted__M11_no_FIN87__seed1024,B0|RandomForest_unweighted|M11_no_FIN87,1024,roc_auc,16,16,0.7408694791047733,0.8270581633326731
full_leave_one_positive_component_out,B0_dropFIN87__RandomForest_unweighted__M11_no_FIN87__seed1024,B0|RandomForest_unweighted|M11_no_FIN87,1024,ap,16,16,0.009792854695815395,0.018136685555312563
full_leave_one_positive_component_out,B0_dropFIN87__RandomForest_unweighted__M11_no_FIN87__seed1024,B0|RandomForest_unweighted|M11_no_FIN87,1024,f1_val_threshold,16,16,0.023809523809523808,0.047619047619047616
full_leave_one_positive_component_out,B0_dropFIN87__RandomForest_unweighted__M11_no_FIN87__seed1024,B0|RandomForest_unweighted|M11_no_FIN87,1024,p_at_5pct,16,16,0.009478672985781991,0.011848341232227487
full_leave_one_positive_component_out,B0_dropFIN87__RandomForest_unweighted__M11_no_FIN87__seed1024,B0|RandomForest_unweighted|M11_no_FIN87,1024,r_at_10fpr,16,16,0.3684210526315789,0.4444444444444444
full_leave_one_positive_component_out,B0_dropFIN87__RandomForest_unweighted__M11_no_FIN87__seed1024,B0|RandomForest_unweighted|M11_no_FIN87,1024,hits_at_budget,16,16,4.0,5.0
full_leave_one_positive_component_out,C_flags__RandomForest_unweighted__flags3__seed42,C|RandomForest_unweighted|flags3,42,roc_auc,16,16,0.8291608899452036,0.8688401038246238
full_leave_one_positive_component_out,C_flags__RandomForest_unweighted__flags3__seed42,C|RandomForest_unweighted|flags3,42,ap,16,16,0.02252709746533936,0.02971796246504481
full_leave_one_positive_component_out,C_flags__RandomForest_unweighted__flags3__seed42,C|RandomForest_unweighted|flags3,42,f1_val_threshold,16,16,0.06825938566552901,0.08108108108108109
full_leave_one_positive_component_out,C_flags__RandomForest_unweighted__flags3__seed42,C|RandomForest_unweighted|flags3,42,p_at_5pct,16,16,0.026066350710900472,0.030805687203791468
full_leave_one_positive_component_out,C_flags__RandomForest_unweighted__flags3__seed42,C|RandomForest_unweighted|flags3,42,r_at_10fpr,16,16,0.5555555555555556,0.631578947368421
full_leave_one_positive_component_out,C_flags__RandomForest_unweighted__flags3__seed42,C|RandomForest_unweighted|flags3,42,hits_at_budget,16,16,11.0,13.0
full_leave_one_positive_component_out,C_flags__RandomForest_unweighted__flags3__seed123,C|RandomForest_unweighted|flags3,123,roc_auc,16,16,0.8291608899452036,0.8688401038246238
full_leave_one_positive_component_out,C_flags__RandomForest_unweighted__flags3__seed123,C|RandomForest_unweighted|flags3,123,ap,16,16,0.02252709746533936,0.02971796246504481
full_leave_one_positive_component_out,C_flags__RandomForest_unweighted__flags3__seed123,C|RandomForest_unweighted|flags3,123,f1_val_threshold,16,16,0.06825938566552901,0.08108108108108109
full_leave_one_positive_component_out,C_flags__RandomForest_unweighted__flags3__seed123,C|RandomForest_unweighted|flags3,123,p_at_5pct,16,16,0.026066350710900472,0.030805687203791468
full_leave_one_positive_component_out,C_flags__RandomForest_unweighted__flags3__seed123,C|RandomForest_unweighted|flags3,123,r_at_10fpr,16,16,0.5555555555555556,0.631578947368421
full_leave_one_positive_component_out,C_flags__RandomForest_unweighted__flags3__seed123,C|RandomForest_unweighted|flags3,123,hits_at_budget,16,16,11.0,13.0
full_leave_one_positive_component_out,C_flags__RandomForest_unweighted__flags3__seed456,C|RandomForest_unweighted|flags3,456,roc_auc,16,16,0.8291608899452036,0.8688401038246238
full_leave_one_positive_component_out,C_flags__RandomForest_unweighted__flags3__seed456,C|RandomForest_unweighted|flags3,456,ap,16,16,0.02252709746533936,0.02971796246504481
full_leave_one_positive_component_out,C_flags__RandomForest_unweighted__flags3__seed456,C|RandomForest_unweighted|flags3,456,f1_val_threshold,16,16,0.06825938566552901,0.08108108108108109
full_leave_one_positive_component_out,C_flags__RandomForest_unweighted__flags3__seed456,C|RandomForest_unweighted|flags3,456,p_at_5pct,16,16,0.026066350710900472,0.030805687203791468
full_leave_one_positive_component_out,C_flags__RandomForest_unweighted__flags3__seed456,C|RandomForest_unweighted|flags3,456,r_at_10fpr,16,16,0.5555555555555556,0.631578947368421
full_leave_one_positive_component_out,C_flags__RandomForest_unweighted__flags3__seed456,C|RandomForest_unweighted|flags3,456,hits_at_budget,16,16,11.0,13.0
full_leave_one_positive_component_out,C_flags__RandomForest_unweighted__flags3__seed789,C|RandomForest_unweighted|flags3,789,roc_auc,16,16,0.8291872978147488,0.8688651218062983
full_leave_one_positive_component_out,C_flags__RandomForest_unweighted__flags3__seed789,C|RandomForest_unweighted|flags3,789,ap,16,16,0.02252819910237199,0.02971915238093895
full_leave_one_positive_component_out,C_flags__RandomForest_unweighted__flags3__seed789,C|RandomForest_unweighted|flags3,789,f1_val_threshold,16,16,0.06825938566552901,0.08108108108108109
full_leave_one_positive_component_out,C_flags__RandomForest_unweighted__flags3__seed789,C|RandomForest_unweighted|flags3,789,p_at_5pct,16,16,0.026066350710900472,0.030805687203791468
full_leave_one_positive_component_out,C_flags__RandomForest_unweighted__flags3__seed789,C|RandomForest_unweighted|flags3,789,r_at_10fpr,16,16,0.5555555555555556,0.631578947368421
full_leave_one_positive_component_out,C_flags__RandomForest_unweighted__flags3__seed789,C|RandomForest_unweighted|flags3,789,hits_at_budget,16,16,11.0,13.0
full_leave_one_positive_component_out,C_flags__RandomForest_unweighted__flags3__seed1024,C|RandomForest_unweighted|flags3,1024,roc_auc,16,16,0.8291608899452036,0.8688401038246238
full_leave_one_positive_component_out,C_flags__RandomForest_unweighted__flags3__seed1024,C|RandomForest_unweighted|flags3,1024,ap,16,16,0.02252709746533936,0.02971796246504481
full_leave_one_positive_component_out,C_flags__RandomForest_unweighted__flags3__seed1024,C|RandomForest_unweighted|flags3,1024,f1_val_threshold,16,16,0.06825938566552901,0.08108108108108109
full_leave_one_positive_component_out,C_flags__RandomForest_unweighted__flags3__seed1024,C|RandomForest_unweighted|flags3,1024,p_at_5pct,16,16,0.026066350710900472,0.030805687203791468
full_leave_one_positive_component_out,C_flags__RandomForest_unweighted__flags3__seed1024,C|RandomForest_unweighted|flags3,1024,r_at_10fpr,16,16,0.5555555555555556,0.631578947368421
full_leave_one_positive_component_out,C_flags__RandomForest_unweighted__flags3__seed1024,C|RandomForest_unweighted|flags3,1024,hits_at_budget,16,16,11.0,13.0
full_leave_one_positive_component_out,REF__V26_original_MLP_M11__42,V26|MLP|M11,42,roc_auc,16,16,0.8231464976563017,0.8576789567501641
full_leave_one_positive_component_out,REF__V26_original_MLP_M11__42,V26|MLP|M11,42,ap,16,16,0.00924391803278015,0.011950397684322435
full_leave_one_positive_component_out,REF__V26_original_MLP_M11__42,V26|MLP|M11,42,f1_val_threshold,16,16,0.0,0.011976047904191617
full_leave_one_positive_component_out,REF__V26_original_MLP_M11__42,V26|MLP|M11,42,p_at_5pct,16,16,0.011848341232227487,0.016587677725118485
full_leave_one_positive_component_out,REF__V26_original_MLP_M11__42,V26|MLP|M11,42,r_at_10fpr,16,16,0.3888888888888889,0.5
full_leave_one_positive_component_out,REF__V26_original_MLP_M11__42,V26|MLP|M11,42,hits_at_budget,16,16,5.0,7.0
full_leave_one_positive_component_out,REF__V26_primary_unweighted_RF_M11__42,V26|RandomForest_unweighted|M11,42,roc_auc,16,16,0.8470588235294118,0.887244999009705
full_leave_one_positive_component_out,REF__V26_primary_unweighted_RF_M11__42,V26|RandomForest_unweighted|M11,42,ap,16,16,0.011516715213806077,0.015552065934460232
full_leave_one_positive_component_out,REF__V26_primary_unweighted_RF_M11__42,V26|RandomForest_unweighted|M11,42,f1_val_threshold,16,16,0.0,0.03225806451612903
full_leave_one_positive_component_out,REF__V26_primary_unweighted_RF_M11__42,V26|RandomForest_unweighted|M11,42,p_at_5pct,16,16,0.014218009478672985,0.016587677725118485
full_leave_one_positive_component_out,REF__V26_primary_unweighted_RF_M11__42,V26|RandomForest_unweighted|M11,42,r_at_10fpr,16,16,0.3888888888888889,0.5
full_leave_one_positive_component_out,REF__V26_primary_unweighted_RF_M11__42,V26|RandomForest_unweighted|M11,42,hits_at_budget,16,16,6.0,7.0
full_leave_one_positive_component_out,REF__V26_reverse_GCN_M11__42,V26|GCN_reverse|M11,42,roc_auc,16,16,0.7889020928236614,0.8310160427807487
full_leave_one_positive_component_out,REF__V26_reverse_GCN_M11__42,V26|GCN_reverse|M11,42,ap,16,16,0.006846325829108512,0.008789501234060085
full_leave_one_positive_component_out,REF__V26_reverse_GCN_M11__42,V26|GCN_reverse|M11,42,f1_val_threshold,16,16,0.0,0.010471204188481676
full_leave_one_positive_component_out,REF__V26_reverse_GCN_M11__42,V26|GCN_reverse|M11,42,p_at_5pct,16,16,0.004739336492890996,0.009478672985781991
full_leave_one_positive_component_out,REF__V26_reverse_GCN_M11__42,V26|GCN_reverse|M11,42,r_at_10fpr,16,16,0.4444444444444444,0.5555555555555556
full_leave_one_positive_component_out,REF__V26_reverse_GCN_M11__42,V26|GCN_reverse|M11,42,hits_at_budget,16,16,2.0,4.0
full_leave_one_positive_component_out,REF__V26_reverse_SAGE_M11__42,V26|GraphSAGE_reverse|M11,42,roc_auc,16,16,0.796758434013336,0.832996632996633
full_leave_one_positive_component_out,REF__V26_reverse_SAGE_M11__42,V26|GraphSAGE_reverse|M11,42,ap,16,16,0.007088801614586039,0.00873812866996076
full_leave_one_positive_component_out,REF__V26_reverse_SAGE_M11__42,V26|GraphSAGE_reverse|M11,42,f1_val_threshold,16,16,0.0,0.009302325581395349
full_leave_one_positive_component_out,REF__V26_reverse_SAGE_M11__42,V26|GraphSAGE_reverse|M11,42,p_at_5pct,16,16,0.004739336492890996,0.0071090047393364926
full_leave_one_positive_component_out,REF__V26_reverse_SAGE_M11__42,V26|GraphSAGE_reverse|M11,42,r_at_10fpr,16,16,0.3333333333333333,0.4444444444444444
full_leave_one_positive_component_out,REF__V26_reverse_SAGE_M11__42,V26|GraphSAGE_reverse|M11,42,hits_at_budget,16,16,2.0,3.0
full_leave_one_positive_component_out,REF__V26_existing_asof__MLP__M5__seed42__42,ASOF|MLP|M5,42,roc_auc,16,16,0.7819370172311348,0.8221284047909434
full_leave_one_positive_component_out,REF__V26_existing_asof__MLP__M5__seed42__42,ASOF|MLP|M5,42,ap,16,16,0.0053786399315018905,0.0073421682063239185
full_leave_one_positive_component_out,REF__V26_existing_asof__MLP__M5__seed42__42,ASOF|MLP|M5,42,f1_val_threshold,16,16,0.004889975550122249,0.014598540145985401
full_leave_one_positive_component_out,REF__V26_existing_asof__MLP__M5__seed42__42,ASOF|MLP|M5,42,p_at_5pct,16,16,0.002369668246445498,0.0071090047393364926
full_leave_one_positive_component_out,REF__V26_existing_asof__MLP__M5__seed42__42,ASOF|MLP|M5,42,r_at_10fpr,16,16,0.16666666666666666,0.2777777777777778
full_leave_one_positive_component_out,REF__V26_existing_asof__MLP__M5__seed42__42,ASOF|MLP|M5,42,hits_at_budget,16,16,1.0,3.0
full_leave_one_positive_component_out,REF__V26_existing_asof__MLP__M11__seed42__42,ASOF|MLP|M11,42,roc_auc,16,16,0.8244866970357166,0.8586671670263002
full_leave_one_positive_component_out,REF__V26_existing_asof__MLP__M11__seed42__42,ASOF|MLP|M11,42,ap,16,16,0.00908671645620089,0.011965664207040094
full_leave_one_positive_component_out,REF__V26_existing_asof__MLP__M11__seed42__42,ASOF|MLP|M11,42,f1_val_threshold,16,16,0.0,0.014388489208633094
full_leave_one_positive_component_out,REF__V26_existing_asof__MLP__M11__seed42__42,ASOF|MLP|M11,42,p_at_5pct,16,16,0.011848341232227487,0.016587677725118485
full_leave_one_positive_component_out,REF__V26_existing_asof__MLP__M11__seed42__42,ASOF|MLP|M11,42,r_at_10fpr,16,16,0.3888888888888889,0.5
full_leave_one_positive_component_out,REF__V26_existing_asof__MLP__M11__seed42__42,ASOF|MLP|M11,42,hits_at_budget,16,16,5.0,7.0
full_leave_one_positive_component_out,REF__V26_existing_asof__RandomForest__M5__seed42__42,ASOF|RandomForest_unweighted|M5,42,roc_auc,16,16,0.822166105499439,0.8714266851521754
full_leave_one_positive_component_out,REF__V26_existing_asof__RandomForest__M5__seed42__42,ASOF|RandomForest_unweighted|M5,42,ap,16,16,0.022889580595413885,0.0343900035943593
full_leave_one_positive_component_out,REF__V26_existing_asof__RandomForest__M5__seed42__42,ASOF|RandomForest_unweighted|M5,42,f1_val_threshold,16,16,0.0625,0.08333333333333333
full_leave_one_positive_component_out,REF__V26_existing_asof__RandomForest__M5__seed42__42,ASOF|RandomForest_unweighted|M5,42,p_at_5pct,16,16,0.016587677725118485,0.018957345971563982
full_leave_one_positive_component_out,REF__V26_existing_asof__RandomForest__M5__seed42__42,ASOF|RandomForest_unweighted|M5,42,r_at_10fpr,16,16,0.6111111111111112,0.7222222222222222
full_leave_one_positive_component_out,REF__V26_existing_asof__RandomForest__M5__seed42__42,ASOF|RandomForest_unweighted|M5,42,hits_at_budget,16,16,7.0,8.0
full_leave_one_positive_component_out,REF__V26_existing_asof__RandomForest__M11__seed42__42,ASOF|RandomForest_unweighted|M11,42,roc_auc,16,16,0.8992650967883166,0.9237858460768676
full_leave_one_positive_component_out,REF__V26_existing_asof__RandomForest__M11__seed42__42,ASOF|RandomForest_unweighted|M11,42,ap,16,16,0.028234160702101153,0.03713293972160525
full_leave_one_positive_component_out,REF__V26_existing_asof__RandomForest__M11__seed42__42,ASOF|RandomForest_unweighted|M11,42,f1_val_threshold,16,16,0.09195402298850575,0.11494252873563218
full_leave_one_positive_component_out,REF__V26_existing_asof__RandomForest__M11__seed42__42,ASOF|RandomForest_unweighted|M11,42,p_at_5pct,16,16,0.02132701421800948,0.023696682464454975
full_leave_one_positive_component_out,REF__V26_existing_asof__RandomForest__M11__seed42__42,ASOF|RandomForest_unweighted|M11,42,r_at_10fpr,16,16,0.6666666666666666,0.7368421052631579
full_leave_one_positive_component_out,REF__V26_existing_asof__RandomForest__M11__seed42__42,ASOF|RandomForest_unweighted|M11,42,hits_at_budget,16,16,9.0,10.0
full_leave_one_positive_component_out,REF__V26_original_MLP_M11__123,V26|MLP|M11,123,roc_auc,16,16,0.7964943553178847,0.8339556556274823
full_leave_one_positive_component_out,REF__V26_original_MLP_M11__123,V26|MLP|M11,123,ap,16,16,0.007301038293478178,0.010363825497929482
full_leave_one_positive_component_out,REF__V26_original_MLP_M11__123,V26|MLP|M11,123,f1_val_threshold,16,16,0.005681818181818182,0.011363636363636364
full_leave_one_positive_component_out,REF__V26_original_MLP_M11__123,V26|MLP|M11,123,p_at_5pct,16,16,0.0071090047393364926,0.009478672985781991
full_leave_one_positive_component_out,REF__V26_original_MLP_M11__123,V26|MLP|M11,123,r_at_10fpr,16,16,0.3888888888888889,0.47368421052631576
full_leave_one_positive_component_out,REF__V26_original_MLP_M11__123,V26|MLP|M11,123,hits_at_budget,16,16,3.0,4.0
full_leave_one_positive_component_out,REF__V26_primary_unweighted_RF_M11__123,V26|RandomForest_unweighted|M11,123,roc_auc,16,16,0.8641513170924936,0.8932329834290619
full_leave_one_positive_component_out,REF__V26_primary_unweighted_RF_M11__123,V26|RandomForest_unweighted|M11,123,ap,16,16,0.01101124443964403,0.015081947911321255
full_leave_one_positive_component_out,REF__V26_primary_unweighted_RF_M11__123,V26|RandomForest_unweighted|M11,123,f1_val_threshold,16,16,0.0,0.03636363636363636
full_leave_one_positive_component_out,REF__V26_primary_unweighted_RF_M11__123,V26|RandomForest_unweighted|M11,123,p_at_5pct,16,16,0.014218009478672985,0.016587677725118485
full_leave_one_positive_component_out,REF__V26_primary_unweighted_RF_M11__123,V26|RandomForest_unweighted|M11,123,r_at_10fpr,16,16,0.4444444444444444,0.5555555555555556
full_leave_one_positive_component_out,REF__V26_primary_unweighted_RF_M11__123,V26|RandomForest_unweighted|M11,123,hits_at_budget,16,16,6.0,7.0
full_leave_one_positive_component_out,REF__V26_reverse_GCN_M11__123,V26|GCN_reverse|M11,123,roc_auc,16,16,0.8261900046213771,0.8534696813334585
full_leave_one_positive_component_out,REF__V26_reverse_GCN_M11__123,V26|GCN_reverse|M11,123,ap,16,16,0.007587813968292966,0.00934613069944417
full_leave_one_positive_component_out,REF__V26_reverse_GCN_M11__123,V26|GCN_reverse|M11,123,f1_val_threshold,16,16,0.0,0.007380073800738007
full_leave_one_positive_component_out,REF__V26_reverse_GCN_M11__123,V26|GCN_reverse|M11,123,p_at_5pct,16,16,0.004739336492890996,0.0071090047393364926
full_leave_one_positive_component_out,REF__V26_reverse_GCN_M11__123,V26|GCN_reverse|M11,123,r_at_10fpr,16,16,0.4444444444444444,0.5555555555555556
full_leave_one_positive_component_out,REF__V26_reverse_GCN_M11__123,V26|GCN_reverse|M11,123,hits_at_budget,16,16,2.0,3.0
full_leave_one_positive_component_out,REF__V26_reverse_SAGE_M11__123,V26|GraphSAGE_reverse|M11,123,roc_auc,16,16,0.8410114214035782,0.8789567501641804
full_leave_one_positive_component_out,REF__V26_reverse_SAGE_M11__123,V26|GraphSAGE_reverse|M11,123,ap,16,16,0.009519635679072894,0.012122472375816469
full_leave_one_positive_component_out,REF__V26_reverse_SAGE_M11__123,V26|GraphSAGE_reverse|M11,123,f1_val_threshold,16,16,0.0,0.0
full_leave_one_positive_component_out,REF__V26_reverse_SAGE_M11__123,V26|GraphSAGE_reverse|M11,123,p_at_5pct,16,16,0.0071090047393364926,0.009478672985781991
full_leave_one_positive_component_out,REF__V26_reverse_SAGE_M11__123,V26|GraphSAGE_reverse|M11,123,r_at_10fpr,16,16,0.5555555555555556,0.631578947368421
full_leave_one_positive_component_out,REF__V26_reverse_SAGE_M11__123,V26|GraphSAGE_reverse|M11,123,hits_at_budget,16,16,3.0,4.0
full_leave_one_positive_component_out,REF__V26_existing_asof__MLP__M5__seed123__123,ASOF|MLP|M5,123,roc_auc,16,16,0.728230012543738,0.7658942364824717
full_leave_one_positive_component_out,REF__V26_existing_asof__MLP__M5__seed123__123,ASOF|MLP|M5,123,ap,16,16,0.004643833817602348,0.0059170050974053
full_leave_one_positive_component_out,REF__V26_existing_asof__MLP__M5__seed123__123,ASOF|MLP|M5,123,f1_val_threshold,16,16,0.0,0.0
full_leave_one_positive_component_out,REF__V26_existing_asof__MLP__M5__seed123__123,ASOF|MLP|M5,123,p_at_5pct,16,16,0.002369668246445498,0.004739336492890996
full_leave_one_positive_component_out,REF__V26_existing_asof__MLP__M5__seed123__123,ASOF|MLP|M5,123,r_at_10fpr,16,16,0.15789473684210525,0.2222222222222222
full_leave_one_positive_component_out,REF__V26_existing_asof__MLP__M5__seed123__123,ASOF|MLP|M5,123,hits_at_budget,16,16,1.0,2.0
full_leave_one_positive_component_out,REF__V26_existing_asof__MLP__M11__seed123__123,ASOF|MLP|M11,123,roc_auc,16,16,0.7878985937809467,0.8321418519560935
full_leave_one_positive_component_out,REF__V26_existing_asof__MLP__M11__seed123__123,ASOF|MLP|M11,123,ap,16,16,0.007635090741544612,0.010504869673859378
full_leave_one_positive_component_out,REF__V26_existing_asof__MLP__M11__seed123__123,ASOF|MLP|M11,123,f1_val_threshold,16,16,0.012048192771084338,0.018072289156626505
full_leave_one_positive_component_out,REF__V26_existing_asof__MLP__M11__seed123__123,ASOF|MLP|M11,123,p_at_5pct,16,16,0.0071090047393364926,0.009478672985781991
full_leave_one_positive_component_out,REF__V26_existing_asof__MLP__M11__seed123__123,ASOF|MLP|M11,123,r_at_10fpr,16,16,0.3333333333333333,0.4444444444444444
full_leave_one_positive_component_out,REF__V26_existing_asof__MLP__M11__seed123__123,ASOF|MLP|M11,123,hits_at_budget,16,16,3.0,4.0
full_leave_one_positive_component_out,REF__V26_existing_asof__RandomForest__M5__seed123__123,ASOF|RandomForest_unweighted|M5,123,roc_auc,16,16,0.8470885323826499,0.8841135816368013
full_leave_one_positive_component_out,REF__V26_existing_asof__RandomForest__M5__seed123__123,ASOF|RandomForest_unweighted|M5,123,ap,16,16,0.02826411803641888,0.04177725386937264
full_leave_one_positive_component_out,REF__V26_existing_asof__RandomForest__M5__seed123__123,ASOF|RandomForest_unweighted|M5,123,f1_val_threshold,16,16,0.05517241379310345,0.06896551724137931
full_leave_one_positive_component_out,REF__V26_existing_asof__RandomForest__M5__seed123__123,ASOF|RandomForest_unweighted|M5,123,p_at_5pct,16,16,0.016587677725118485,0.02132701421800948
full_leave_one_positive_component_out,REF__V26_existing_asof__RandomForest__M5__seed123__123,ASOF|RandomForest_unweighted|M5,123,r_at_10fpr,16,16,0.5,0.6111111111111112
full_leave_one_positive_component_out,REF__V26_existing_asof__RandomForest__M5__seed123__123,ASOF|RandomForest_unweighted|M5,123,hits_at_budget,16,16,7.0,9.0
full_leave_one_positive_component_out,REF__V26_existing_asof__RandomForest__M11__seed123__123,ASOF|RandomForest_unweighted|M11,123,roc_auc,16,16,0.8876642239387337,0.9118866685430153
full_leave_one_positive_component_out,REF__V26_existing_asof__RandomForest__M11__seed123__123,ASOF|RandomForest_unweighted|M11,123,ap,16,16,0.02174005068836201,0.02983550572212886
full_leave_one_positive_component_out,REF__V26_existing_asof__RandomForest__M11__seed123__123,ASOF|RandomForest_unweighted|M11,123,f1_val_threshold,16,16,0.08602150537634409,0.10752688172043011
full_leave_one_positive_component_out,REF__V26_existing_asof__RandomForest__M11__seed123__123,ASOF|RandomForest_unweighted|M11,123,p_at_5pct,16,16,0.018957345971563982,0.02132701421800948
full_leave_one_positive_component_out,REF__V26_existing_asof__RandomForest__M11__seed123__123,ASOF|RandomForest_unweighted|M11,123,r_at_10fpr,16,16,0.6666666666666666,0.7368421052631579
full_leave_one_positive_component_out,REF__V26_existing_asof__RandomForest__M11__seed123__123,ASOF|RandomForest_unweighted|M11,123,hits_at_budget,16,16,8.0,9.0
full_leave_one_positive_component_out,REF__V26_original_MLP_M11__456,V26|MLP|M11,456,roc_auc,16,16,0.828560110913052,0.8595893576285734
full_leave_one_positive_component_out,REF__V26_original_MLP_M11__456,V26|MLP|M11,456,ap,16,16,0.008333341245507825,0.010760805475608799
full_leave_one_positive_component_out,REF__V26_original_MLP_M11__456,V26|MLP|M11,456,f1_val_threshold,16,16,0.0,0.015267175572519083
full_leave_one_positive_component_out,REF__V26_original_MLP_M11__456,V26|MLP|M11,456,p_at_5pct,16,16,0.011848341232227487,0.016587677725118485
full_leave_one_positive_component_out,REF__V26_original_MLP_M11__456,V26|MLP|M11,456,r_at_10fpr,16,16,0.3888888888888889,0.5
full_leave_one_positive_component_out,REF__V26_original_MLP_M11__456,V26|MLP|M11,456,hits_at_budget,16,16,5.0,7.0
full_leave_one_positive_component_out,REF__V26_primary_unweighted_RF_M11__456,V26|RandomForest_unweighted|M11,456,roc_auc,16,16,0.8562157522941837,0.8839341123654849
full_leave_one_positive_component_out,REF__V26_primary_unweighted_RF_M11__456,V26|RandomForest_unweighted|M11,456,ap,16,16,0.011622786876864868,0.01670694704191082
full_leave_one_positive_component_out,REF__V26_primary_unweighted_RF_M11__456,V26|RandomForest_unweighted|M11,456,f1_val_threshold,16,16,0.0,0.03278688524590164
full_leave_one_positive_component_out,REF__V26_primary_unweighted_RF_M11__456,V26|RandomForest_unweighted|M11,456,p_at_5pct,16,16,0.014218009478672985,0.016587677725118485
full_leave_one_positive_component_out,REF__V26_primary_unweighted_RF_M11__456,V26|RandomForest_unweighted|M11,456,r_at_10fpr,16,16,0.3684210526315789,0.4444444444444444
full_leave_one_positive_component_out,REF__V26_primary_unweighted_RF_M11__456,V26|RandomForest_unweighted|M11,456,hits_at_budget,16,16,6.0,7.0
full_leave_one_positive_component_out,REF__V26_reverse_GCN_M11__456,V26|GCN_reverse|M11,456,roc_auc,16,16,0.8062256552452631,0.8486036838978015
full_leave_one_positive_component_out,REF__V26_reverse_GCN_M11__456,V26|GCN_reverse|M11,456,ap,16,16,0.007153947372112874,0.008944730058150765
full_leave_one_positive_component_out,REF__V26_reverse_GCN_M11__456,V26|GCN_reverse|M11,456,f1_val_threshold,16,16,0.0,0.00819672131147541
full_leave_one_positive_component_out,REF__V26_reverse_GCN_M11__456,V26|GCN_reverse|M11,456,p_at_5pct,16,16,0.002369668246445498,0.004739336492890996
full_leave_one_positive_component_out,REF__V26_reverse_GCN_M11__456,V26|GCN_reverse|M11,456,r_at_10fpr,16,16,0.4444444444444444,0.5263157894736842
full_leave_one_positive_component_out,REF__V26_reverse_GCN_M11__456,V26|GCN_reverse|M11,456,hits_at_budget,16,16,1.0,2.0
full_leave_one_positive_component_out,REF__V26_reverse_SAGE_M11__456,V26|GraphSAGE_reverse|M11,456,roc_auc,16,16,0.7799762329174094,0.8347857661583153
full_leave_one_positive_component_out,REF__V26_reverse_SAGE_M11__456,V26|GraphSAGE_reverse|M11,456,ap,16,16,0.006824928561792752,0.009045445980923831
full_leave_one_positive_component_out,REF__V26_reverse_SAGE_M11__456,V26|GraphSAGE_reverse|M11,456,f1_val_threshold,16,16,0.0,0.011049723756906077
full_leave_one_positive_component_out,REF__V26_reverse_SAGE_M11__456,V26|GraphSAGE_reverse|M11,456,p_at_5pct,16,16,0.004739336492890996,0.0071090047393364926
full_leave_one_positive_component_out,REF__V26_reverse_SAGE_M11__456,V26|GraphSAGE_reverse|M11,456,r_at_10fpr,16,16,0.3888888888888889,0.5
full_leave_one_positive_component_out,REF__V26_reverse_SAGE_M11__456,V26|GraphSAGE_reverse|M11,456,hits_at_budget,16,16,2.0,3.0
full_leave_one_positive_component_out,REF__V26_existing_asof__MLP__M5__seed456__456,ASOF|MLP|M5,456,roc_auc,16,16,0.7284742853370305,0.7778841041998936
full_leave_one_positive_component_out,REF__V26_existing_asof__MLP__M5__seed456__456,ASOF|MLP|M5,456,ap,16,16,0.005451485962042178,0.007329804964760477
full_leave_one_positive_component_out,REF__V26_existing_asof__MLP__M5__seed456__456,ASOF|MLP|M5,456,f1_val_threshold,16,16,0.0,0.0
full_leave_one_positive_component_out,REF__V26_existing_asof__MLP__M5__seed456__456,ASOF|MLP|M5,456,p_at_5pct,16,16,0.004739336492890996,0.009478672985781991
full_leave_one_positive_component_out,REF__V26_existing_asof__MLP__M5__seed456__456,ASOF|MLP|M5,456,r_at_10fpr,16,16,0.2777777777777778,0.3684210526315789
full_leave_one_positive_component_out,REF__V26_existing_asof__MLP__M5__seed456__456,ASOF|MLP|M5,456,hits_at_budget,16,16,2.0,4.0
full_leave_one_positive_component_out,REF__V26_existing_asof__MLP__M11__seed456__456,ASOF|MLP|M11,456,roc_auc,16,16,0.8268237934904602,0.8560242952399816
full_leave_one_positive_component_out,REF__V26_existing_asof__MLP__M11__seed456__456,ASOF|MLP|M11,456,ap,16,16,0.008334964375504596,0.010721406705504772
full_leave_one_positive_component_out,REF__V26_existing_asof__MLP__M11__seed456__456,ASOF|MLP|M11,456,f1_val_threshold,16,16,0.0,0.0
full_leave_one_positive_component_out,REF__V26_existing_asof__MLP__M11__seed456__456,ASOF|MLP|M11,456,p_at_5pct,16,16,0.011848341232227487,0.016587677725118485
full_leave_one_positive_component_out,REF__V26_existing_asof__MLP__M11__seed456__456,ASOF|MLP|M11,456,r_at_10fpr,16,16,0.3888888888888889,0.5
full_leave_one_positive_component_out,REF__V26_existing_asof__MLP__M11__seed456__456,ASOF|MLP|M11,456,hits_at_budget,16,16,5.0,7.0
full_leave_one_positive_component_out,REF__V26_existing_asof__RandomForest__M5__seed456__456,ASOF|RandomForest_unweighted|M5,456,roc_auc,16,16,0.8436357034396249,0.8806397306397306
full_leave_one_positive_component_out,REF__V26_existing_asof__RandomForest__M5__seed456__456,ASOF|RandomForest_unweighted|M5,456,ap,16,16,0.025863751477070467,0.0413004307646067
full_leave_one_positive_component_out,REF__V26_existing_asof__RandomForest__M5__seed456__456,ASOF|RandomForest_unweighted|M5,456,f1_val_threshold,16,16,0.06896551724137931,0.08620689655172414
full_leave_one_positive_component_out,REF__V26_existing_asof__RandomForest__M5__seed456__456,ASOF|RandomForest_unweighted|M5,456,p_at_5pct,16,16,0.016587677725118485,0.018957345971563982
full_leave_one_positive_component_out,REF__V26_existing_asof__RandomForest__M5__seed456__456,ASOF|RandomForest_unweighted|M5,456,r_at_10fpr,16,16,0.5,0.6111111111111112
full_leave_one_positive_component_out,REF__V26_existing_asof__RandomForest__M5__seed456__456,ASOF|RandomForest_unweighted|M5,456,hits_at_budget,16,16,7.0,8.0
full_leave_one_positive_component_out,REF__V26_existing_asof__RandomForest__M11__seed456__456,ASOF|RandomForest_unweighted|M11,456,roc_auc,16,16,0.9022484911029802,0.9232604684617068
full_leave_one_positive_component_out,REF__V26_existing_asof__RandomForest__M11__seed456__456,ASOF|RandomForest_unweighted|M11,456,ap,16,16,0.022441390191088734,0.031386909766204465
full_leave_one_positive_component_out,REF__V26_existing_asof__RandomForest__M11__seed456__456,ASOF|RandomForest_unweighted|M11,456,f1_val_threshold,16,16,0.06060606060606061,0.08080808080808081
full_leave_one_positive_component_out,REF__V26_existing_asof__RandomForest__M11__seed456__456,ASOF|RandomForest_unweighted|M11,456,p_at_5pct,16,16,0.018957345971563982,0.02132701421800948
full_leave_one_positive_component_out,REF__V26_existing_asof__RandomForest__M11__seed456__456,ASOF|RandomForest_unweighted|M11,456,r_at_10fpr,16,16,0.6111111111111112,0.6842105263157895
full_leave_one_positive_component_out,REF__V26_existing_asof__RandomForest__M11__seed456__456,ASOF|RandomForest_unweighted|M11,456,hits_at_budget,16,16,8.0,9.0
full_leave_one_positive_component_out,REF__V26_original_MLP_M11__789,V26|MLP|M11,789,roc_auc,16,16,0.8084571202218261,0.8458454514182068
full_leave_one_positive_component_out,REF__V26_original_MLP_M11__789,V26|MLP|M11,789,ap,16,16,0.00881423917810673,0.011814114412639451
full_leave_one_positive_component_out,REF__V26_original_MLP_M11__789,V26|MLP|M11,789,f1_val_threshold,16,16,0.0149812734082397,0.02247191011235955
full_leave_one_positive_component_out,REF__V26_original_MLP_M11__789,V26|MLP|M11,789,p_at_5pct,16,16,0.009478672985781991,0.014218009478672985
full_leave_one_positive_component_out,REF__V26_original_MLP_M11__789,V26|MLP|M11,789,r_at_10fpr,16,16,0.3333333333333333,0.4444444444444444
full_leave_one_positive_component_out,REF__V26_original_MLP_M11__789,V26|MLP|M11,789,hits_at_budget,16,16,4.0,6.0
full_leave_one_positive_component_out,REF__V26_primary_unweighted_RF_M11__789,V26|RandomForest_unweighted|M11,789,roc_auc,16,16,0.8598303294381726,0.8803139756700128
full_leave_one_positive_component_out,REF__V26_primary_unweighted_RF_M11__789,V26|RandomForest_unweighted|M11,789,ap,16,16,0.011676115577808722,0.015639503888913532
full_leave_one_positive_component_out,REF__V26_primary_unweighted_RF_M11__789,V26|RandomForest_unweighted|M11,789,f1_val_threshold,16,16,0.0,0.03571428571428571
full_leave_one_positive_component_out,REF__V26_primary_unweighted_RF_M11__789,V26|RandomForest_unweighted|M11,789,p_at_5pct,16,16,0.014218009478672985,0.016587677725118485
full_leave_one_positive_component_out,REF__V26_primary_unweighted_RF_M11__789,V26|RandomForest_unweighted|M11,789,r_at_10fpr,16,16,0.4444444444444444,0.5555555555555556
full_leave_one_positive_component_out,REF__V26_primary_unweighted_RF_M11__789,V26|RandomForest_unweighted|M11,789,hits_at_budget,16,16,6.0,7.0
full_leave_one_positive_component_out,REF__V26_reverse_GCN_M11__789,V26|GCN_reverse|M11,789,roc_auc,16,16,0.8103518848616889,0.8463895925196234
full_leave_one_positive_component_out,REF__V26_reverse_GCN_M11__789,V26|GCN_reverse|M11,789,ap,16,16,0.007020918052556467,0.008665267501972529
full_leave_one_positive_component_out,REF__V26_reverse_GCN_M11__789,V26|GCN_reverse|M11,789,f1_val_threshold,16,16,0.0,0.011111111111111112
full_leave_one_positive_component_out,REF__V26_reverse_GCN_M11__789,V26|GCN_reverse|M11,789,p_at_5pct,16,16,0.002369668246445498,0.004739336492890996
full_leave_one_positive_component_out,REF__V26_reverse_GCN_M11__789,V26|GCN_reverse|M11,789,r_at_10fpr,16,16,0.4444444444444444,0.5555555555555556
full_leave_one_positive_component_out,REF__V26_reverse_GCN_M11__789,V26|GCN_reverse|M11,789,hits_at_budget,16,16,1.0,2.0
full_leave_one_positive_component_out,REF__V26_reverse_SAGE_M11__789,V26|GraphSAGE_reverse|M11,789,roc_auc,16,16,0.7917277348649898,0.8300455535749653
full_leave_one_positive_component_out,REF__V26_reverse_SAGE_M11__789,V26|GraphSAGE_reverse|M11,789,ap,16,16,0.006615214925769867,0.008592673610595354
full_leave_one_positive_component_out,REF__V26_reverse_SAGE_M11__789,V26|GraphSAGE_reverse|M11,789,f1_val_threshold,16,16,0.0,0.0
full_leave_one_positive_component_out,REF__V26_reverse_SAGE_M11__789,V26|GraphSAGE_reverse|M11,789,p_at_5pct,16,16,0.0071090047393364926,0.011848341232227487
full_leave_one_positive_component_out,REF__V26_reverse_SAGE_M11__789,V26|GraphSAGE_reverse|M11,789,r_at_10fpr,16,16,0.2777777777777778,0.3888888888888889
full_leave_one_positive_component_out,REF__V26_reverse_SAGE_M11__789,V26|GraphSAGE_reverse|M11,789,hits_at_budget,16,16,3.0,5.0
full_leave_one_positive_component_out,REF__V26_existing_asof__MLP__M5__seed789__789,ASOF|MLP|M5,789,roc_auc,16,16,0.7511190334719746,0.7930950370578853
full_leave_one_positive_component_out,REF__V26_existing_asof__MLP__M5__seed789__789,ASOF|MLP|M5,789,ap,16,16,0.0052862805528311185,0.006585909095809263
full_leave_one_positive_component_out,REF__V26_existing_asof__MLP__M5__seed789__789,ASOF|MLP|M5,789,f1_val_threshold,16,16,0.00980392156862745,0.013071895424836602
full_leave_one_positive_component_out,REF__V26_existing_asof__MLP__M5__seed789__789,ASOF|MLP|M5,789,p_at_5pct,16,16,0.0,0.002369668246445498
full_leave_one_positive_component_out,REF__V26_existing_asof__MLP__M5__seed789__789,ASOF|MLP|M5,789,r_at_10fpr,16,16,0.2777777777777778,0.3684210526315789
full_leave_one_positive_component_out,REF__V26_existing_asof__MLP__M5__seed789__789,ASOF|MLP|M5,789,hits_at_budget,16,16,0.0,1.0
full_leave_one_positive_component_out,REF__V26_existing_asof__MLP__M11__seed789__789,ASOF|MLP|M11,789,roc_auc,16,16,0.8132303426421075,0.8516558776620696
full_leave_one_positive_component_out,REF__V26_existing_asof__MLP__M11__seed789__789,ASOF|MLP|M11,789,ap,16,16,0.008799677767771038,0.011668459003641902
full_leave_one_positive_component_out,REF__V26_existing_asof__MLP__M11__seed789__789,ASOF|MLP|M11,789,f1_val_threshold,16,16,0.013605442176870748,0.027210884353741496
full_leave_one_positive_component_out,REF__V26_existing_asof__MLP__M11__seed789__789,ASOF|MLP|M11,789,p_at_5pct,16,16,0.0071090047393364926,0.011848341232227487
full_leave_one_positive_component_out,REF__V26_existing_asof__MLP__M11__seed789__789,ASOF|MLP|M11,789,r_at_10fpr,16,16,0.3888888888888889,0.5
full_leave_one_positive_component_out,REF__V26_existing_asof__MLP__M11__seed789__789,ASOF|MLP|M11,789,hits_at_budget,16,16,3.0,5.0
full_leave_one_positive_component_out,REF__V26_existing_asof__RandomForest__M5__seed789__789,ASOF|RandomForest_unweighted|M5,789,roc_auc,16,16,0.8629002442727932,0.8933221099887766
full_leave_one_positive_component_out,REF__V26_existing_asof__RandomForest__M5__seed789__789,ASOF|RandomForest_unweighted|M5,789,ap,16,16,0.02731117574623491,0.04111961383812863
full_leave_one_positive_component_out,REF__V26_existing_asof__RandomForest__M5__seed789__789,ASOF|RandomForest_unweighted|M5,789,f1_val_threshold,16,16,0.06557377049180328,0.08196721311475409
full_leave_one_positive_component_out,REF__V26_existing_asof__RandomForest__M5__seed789__789,ASOF|RandomForest_unweighted|M5,789,p_at_5pct,16,16,0.016587677725118485,0.02132701421800948
full_leave_one_positive_component_out,REF__V26_existing_asof__RandomForest__M5__seed789__789,ASOF|RandomForest_unweighted|M5,789,r_at_10fpr,16,16,0.5,0.6111111111111112
full_leave_one_positive_component_out,REF__V26_existing_asof__RandomForest__M5__seed789__789,ASOF|RandomForest_unweighted|M5,789,hits_at_budget,16,16,7.0,9.0
full_leave_one_positive_component_out,REF__V26_existing_asof__RandomForest__M11__seed789__789,ASOF|RandomForest_unweighted|M11,789,roc_auc,16,16,0.9008599931200552,0.9211558307533539
full_leave_one_positive_component_out,REF__V26_existing_asof__RandomForest__M11__seed789__789,ASOF|RandomForest_unweighted|M11,789,ap,16,16,0.02143116921770796,0.02948555337868675
full_leave_one_positive_component_out,REF__V26_existing_asof__RandomForest__M11__seed789__789,ASOF|RandomForest_unweighted|M11,789,f1_val_threshold,16,16,0.07228915662650602,0.0963855421686747
full_leave_one_positive_component_out,REF__V26_existing_asof__RandomForest__M11__seed789__789,ASOF|RandomForest_unweighted|M11,789,p_at_5pct,16,16,0.016587677725118485,0.018957345971563982
full_leave_one_positive_component_out,REF__V26_existing_asof__RandomForest__M11__seed789__789,ASOF|RandomForest_unweighted|M11,789,r_at_10fpr,16,16,0.6111111111111112,0.6842105263157895
full_leave_one_positive_component_out,REF__V26_existing_asof__RandomForest__M11__seed789__789,ASOF|RandomForest_unweighted|M11,789,hits_at_budget,16,16,7.0,8.0
full_leave_one_positive_component_out,REF__V26_original_MLP_M11__1024,V26|MLP|M11,1024,roc_auc,16,16,0.8282696243480557,0.8658598367576695
full_leave_one_positive_component_out,REF__V26_original_MLP_M11__1024,V26|MLP|M11,1024,ap,16,16,0.008894399013273914,0.011534802295696828
full_leave_one_positive_component_out,REF__V26_original_MLP_M11__1024,V26|MLP|M11,1024,f1_val_threshold,16,16,0.0,0.012269938650306749
full_leave_one_positive_component_out,REF__V26_original_MLP_M11__1024,V26|MLP|M11,1024,p_at_5pct,16,16,0.011848341232227487,0.016587677725118485
full_leave_one_positive_component_out,REF__V26_original_MLP_M11__1024,V26|MLP|M11,1024,r_at_10fpr,16,16,0.3888888888888889,0.5
full_leave_one_positive_component_out,REF__V26_original_MLP_M11__1024,V26|MLP|M11,1024,hits_at_budget,16,16,5.0,7.0
full_leave_one_positive_component_out,REF__V26_primary_unweighted_RF_M11__1024,V26|RandomForest_unweighted|M11,1024,roc_auc,16,16,0.853806034198191,0.8992836865385885
full_leave_one_positive_component_out,REF__V26_primary_unweighted_RF_M11__1024,V26|RandomForest_unweighted|M11,1024,ap,16,16,0.011652079463747963,0.015224977314736595
full_leave_one_positive_component_out,REF__V26_primary_unweighted_RF_M11__1024,V26|RandomForest_unweighted|M11,1024,f1_val_threshold,16,16,0.0,0.0
full_leave_one_positive_component_out,REF__V26_primary_unweighted_RF_M11__1024,V26|RandomForest_unweighted|M11,1024,p_at_5pct,16,16,0.014218009478672985,0.016587677725118485
full_leave_one_positive_component_out,REF__V26_primary_unweighted_RF_M11__1024,V26|RandomForest_unweighted|M11,1024,r_at_10fpr,16,16,0.3888888888888889,0.5
full_leave_one_positive_component_out,REF__V26_primary_unweighted_RF_M11__1024,V26|RandomForest_unweighted|M11,1024,hits_at_budget,16,16,6.0,7.0
full_leave_one_positive_component_out,REF__V26_reverse_GCN_M11__1024,V26|GCN_reverse|M11,1024,roc_auc,16,16,0.7912193833762462,0.8281202114019452
full_leave_one_positive_component_out,REF__V26_reverse_GCN_M11__1024,V26|GCN_reverse|M11,1024,ap,16,16,0.005737383341048719,0.006924191101224024
full_leave_one_positive_component_out,REF__V26_reverse_GCN_M11__1024,V26|GCN_reverse|M11,1024,f1_val_threshold,16,16,0.0,0.006097560975609756
full_leave_one_positive_component_out,REF__V26_reverse_GCN_M11__1024,V26|GCN_reverse|M11,1024,p_at_5pct,16,16,0.0,0.002369668246445498
full_leave_one_positive_component_out,REF__V26_reverse_GCN_M11__1024,V26|GCN_reverse|M11,1024,r_at_10fpr,16,16,0.2777777777777778,0.3888888888888889
full_leave_one_positive_component_out,REF__V26_reverse_GCN_M11__1024,V26|GCN_reverse|M11,1024,hits_at_budget,16,16,0.0,1.0
full_leave_one_positive_component_out,REF__V26_reverse_SAGE_M11__1024,V26|GraphSAGE_reverse|M11,1024,roc_auc,16,16,0.8022644748134944,0.8431372549019607
full_leave_one_positive_component_out,REF__V26_reverse_SAGE_M11__1024,V26|GraphSAGE_reverse|M11,1024,ap,16,16,0.006950241998650159,0.008834874472437226
full_leave_one_positive_component_out,REF__V26_reverse_SAGE_M11__1024,V26|GraphSAGE_reverse|M11,1024,f1_val_threshold,16,16,0.0,0.009478672985781991
full_leave_one_positive_component_out,REF__V26_reverse_SAGE_M11__1024,V26|GraphSAGE_reverse|M11,1024,p_at_5pct,16,16,0.009478672985781991,0.011848341232227487
full_leave_one_positive_component_out,REF__V26_reverse_SAGE_M11__1024,V26|GraphSAGE_reverse|M11,1024,r_at_10fpr,16,16,0.3333333333333333,0.4444444444444444
full_leave_one_positive_component_out,REF__V26_reverse_SAGE_M11__1024,V26|GraphSAGE_reverse|M11,1024,hits_at_budget,16,16,4.0,5.0
full_leave_one_positive_component_out,REF__V26_existing_asof__MLP__M5__seed1024__1024,ASOF|MLP|M5,1024,roc_auc,16,16,0.7495675711361985,0.792110648973394
full_leave_one_positive_component_out,REF__V26_existing_asof__MLP__M5__seed1024__1024,ASOF|MLP|M5,1024,ap,16,16,0.00536439668734032,0.0072163071724187
full_leave_one_positive_component_out,REF__V26_existing_asof__MLP__M5__seed1024__1024,ASOF|MLP|M5,1024,f1_val_threshold,16,16,0.0,0.0
full_leave_one_positive_component_out,REF__V26_existing_asof__MLP__M5__seed1024__1024,ASOF|MLP|M5,1024,p_at_5pct,16,16,0.004739336492890996,0.0071090047393364926
full_leave_one_positive_component_out,REF__V26_existing_asof__MLP__M5__seed1024__1024,ASOF|MLP|M5,1024,r_at_10fpr,16,16,0.2777777777777778,0.3888888888888889
full_leave_one_positive_component_out,REF__V26_existing_asof__MLP__M5__seed1024__1024,ASOF|MLP|M5,1024,hits_at_budget,16,16,2.0,3.0
full_leave_one_positive_component_out,REF__V26_existing_asof__MLP__M11__seed1024__1024,ASOF|MLP|M11,1024,roc_auc,16,16,0.82996632996633,0.8723457485067392
full_leave_one_positive_component_out,REF__V26_existing_asof__MLP__M11__seed1024__1024,ASOF|MLP|M11,1024,ap,16,16,0.009214955886273081,0.01170539093617443
full_leave_one_positive_component_out,REF__V26_existing_asof__MLP__M11__seed1024__1024,ASOF|MLP|M11,1024,f1_val_threshold,16,16,0.0,0.016260162601626018
full_leave_one_positive_component_out,REF__V26_existing_asof__MLP__M11__seed1024__1024,ASOF|MLP|M11,1024,p_at_5pct,16,16,0.011848341232227487,0.014218009478672985
full_leave_one_positive_component_out,REF__V26_existing_asof__MLP__M11__seed1024__1024,ASOF|MLP|M11,1024,r_at_10fpr,16,16,0.4444444444444444,0.5555555555555556
full_leave_one_positive_component_out,REF__V26_existing_asof__MLP__M11__seed1024__1024,ASOF|MLP|M11,1024,hits_at_budget,16,16,5.0,6.0
full_leave_one_positive_component_out,REF__V26_existing_asof__RandomForest__M5__seed1024__1024,ASOF|RandomForest_unweighted|M5,1024,roc_auc,16,16,0.8083514887436456,0.8586518782597214
full_leave_one_positive_component_out,REF__V26_existing_asof__RandomForest__M5__seed1024__1024,ASOF|RandomForest_unweighted|M5,1024,ap,16,16,0.022861202847881273,0.036773478565999426
full_leave_one_positive_component_out,REF__V26_existing_asof__RandomForest__M5__seed1024__1024,ASOF|RandomForest_unweighted|M5,1024,f1_val_threshold,16,16,0.06976744186046512,0.09302325581395349
full_leave_one_positive_component_out,REF__V26_existing_asof__RandomForest__M5__seed1024__1024,ASOF|RandomForest_unweighted|M5,1024,p_at_5pct,16,16,0.014218009478672985,0.016587677725118485
full_leave_one_positive_component_out,REF__V26_existing_asof__RandomForest__M5__seed1024__1024,ASOF|RandomForest_unweighted|M5,1024,r_at_10fpr,16,16,0.5555555555555556,0.6666666666666666
full_leave_one_positive_component_out,REF__V26_existing_asof__RandomForest__M5__seed1024__1024,ASOF|RandomForest_unweighted|M5,1024,hits_at_budget,16,16,6.0,7.0
full_leave_one_positive_component_out,REF__V26_existing_asof__RandomForest__M11__seed1024__1024,ASOF|RandomForest_unweighted|M11,1024,roc_auc,16,16,0.9101510460643588,0.9276949057134816
full_leave_one_positive_component_out,REF__V26_existing_asof__RandomForest__M11__seed1024__1024,ASOF|RandomForest_unweighted|M11,1024,ap,16,16,0.02217075120600527,0.02949150712177325
full_leave_one_positive_component_out,REF__V26_existing_asof__RandomForest__M11__seed1024__1024,ASOF|RandomForest_unweighted|M11,1024,f1_val_threshold,16,16,0.0759493670886076,0.10126582278481013
full_leave_one_positive_component_out,REF__V26_existing_asof__RandomForest__M11__seed1024__1024,ASOF|RandomForest_unweighted|M11,1024,p_at_5pct,16,16,0.018957345971563982,0.02132701421800948
full_leave_one_positive_component_out,REF__V26_existing_asof__RandomForest__M11__seed1024__1024,ASOF|RandomForest_unweighted|M11,1024,r_at_10fpr,16,16,0.6111111111111112,0.6842105263157895
full_leave_one_positive_component_out,REF__V26_existing_asof__RandomForest__M11__seed1024__1024,ASOF|RandomForest_unweighted|M11,1024,hits_at_budget,16,16,8.0,9.0
D_leave_one_positive_component_out,A_docpurged__MLP__M11__seed42,A|MLP|M11,42,roc_auc,6,6,0.6313329372152902,0.6979599920776391
D_leave_one_positive_component_out,A_docpurged__MLP__M11__seed42,A|MLP|M11,42,ap,6,6,0.0010040455316605594,0.001439531417671146
D_leave_one_positive_component_out,A_docpurged__MLP__M11__seed42,A|MLP|M11,42,f1_val_threshold,6,6,0.0,0.0
D_leave_one_positive_component_out,A_docpurged__MLP__M11__seed42,A|MLP|M11,42,p_at_5pct,6,6,0.0,0.0
D_leave_one_positive_component_out,A_docpurged__MLP__M11__seed42,A|MLP|M11,42,r_at_10fpr,6,6,0.0,0.2
D_leave_one_positive_component_out,A_docpurged__MLP__M11__seed42,A|MLP|M11,42,hits_at_budget,6,6,0.0,0.0
D_leave_one_positive_component_out,A_docpurged__MLP__M11__seed123,A|MLP|M11,123,roc_auc,6,6,0.62414339473163,0.7253713606654782
D_leave_one_positive_component_out,A_docpurged__MLP__M11__seed123,A|MLP|M11,123,ap,6,6,0.0010243172399699919,0.0015373007408040359
D_leave_one_positive_component_out,A_docpurged__MLP__M11__seed123,A|MLP|M11,123,f1_val_threshold,6,6,0.0,0.0
D_leave_one_positive_component_out,A_docpurged__MLP__M11__seed123,A|MLP|M11,123,p_at_5pct,6,6,0.0,0.0
D_leave_one_positive_component_out,A_docpurged__MLP__M11__seed123,A|MLP|M11,123,r_at_10fpr,6,6,0.0,0.0
D_leave_one_positive_component_out,A_docpurged__MLP__M11__seed123,A|MLP|M11,123,hits_at_budget,6,6,0.0,0.0
D_leave_one_positive_component_out,A_docpurged__MLP__M11__seed456,A|MLP|M11,456,roc_auc,6,6,0.6198653198653199,0.6989661319073084
D_leave_one_positive_component_out,A_docpurged__MLP__M11__seed456,A|MLP|M11,456,ap,6,6,0.0010948176547562265,0.0014679822825242796
D_leave_one_positive_component_out,A_docpurged__MLP__M11__seed456,A|MLP|M11,456,f1_val_threshold,6,6,0.0,0.0
D_leave_one_positive_component_out,A_docpurged__MLP__M11__seed456,A|MLP|M11,456,p_at_5pct,6,6,0.0,0.0
D_leave_one_positive_component_out,A_docpurged__MLP__M11__seed456,A|MLP|M11,456,r_at_10fpr,6,6,0.0,0.2
D_leave_one_positive_component_out,A_docpurged__MLP__M11__seed456,A|MLP|M11,456,hits_at_budget,6,6,0.0,0.0
D_leave_one_positive_component_out,A_docpurged__MLP__M11__seed789,A|MLP|M11,789,roc_auc,6,6,0.6285403050108933,0.6909487027134086
D_leave_one_positive_component_out,A_docpurged__MLP__M11__seed789,A|MLP|M11,789,ap,6,6,0.0009684928659588769,0.0012811277814105354
D_leave_one_positive_component_out,A_docpurged__MLP__M11__seed789,A|MLP|M11,789,f1_val_threshold,6,6,0.0,0.0
D_leave_one_positive_component_out,A_docpurged__MLP__M11__seed789,A|MLP|M11,789,p_at_5pct,6,6,0.0,0.0
D_leave_one_positive_component_out,A_docpurged__MLP__M11__seed789,A|MLP|M11,789,r_at_10fpr,6,6,0.0,0.0
D_leave_one_positive_component_out,A_docpurged__MLP__M11__seed789,A|MLP|M11,789,hits_at_budget,6,6,0.0,0.0
D_leave_one_positive_component_out,A_docpurged__MLP__M11__seed1024,A|MLP|M11,1024,roc_auc,6,6,0.6702554961378491,0.726678550207962
D_leave_one_positive_component_out,A_docpurged__MLP__M11__seed1024,A|MLP|M11,1024,ap,6,6,0.0010259449036893278,0.0014499563471277368
D_leave_one_positive_component_out,A_docpurged__MLP__M11__seed1024,A|MLP|M11,1024,f1_val_threshold,6,6,0.0,0.0
D_leave_one_positive_component_out,A_docpurged__MLP__M11__seed1024,A|MLP|M11,1024,p_at_5pct,6,6,0.0,0.0
D_leave_one_positive_component_out,A_docpurged__MLP__M11__seed1024,A|MLP|M11,1024,r_at_10fpr,6,6,0.0,0.0
D_leave_one_positive_component_out,A_docpurged__MLP__M11__seed1024,A|MLP|M11,1024,hits_at_budget,6,6,0.0,0.0
D_leave_one_positive_component_out,A_docpurged__RandomForest_unweighted__M11__seed42,A|RandomForest_unweighted|M11,42,roc_auc,6,6,0.6539413745296099,0.7610695187165775
D_leave_one_positive_component_out,A_docpurged__RandomForest_unweighted__M11__seed42,A|RandomForest_unweighted|M11,42,ap,6,6,0.0011408038594148168,0.0014622828144412185
D_leave_one_positive_component_out,A_docpurged__RandomForest_unweighted__M11__seed42,A|RandomForest_unweighted|M11,42,f1_val_threshold,6,6,0.0,0.0
D_leave_one_positive_component_out,A_docpurged__RandomForest_unweighted__M11__seed42,A|RandomForest_unweighted|M11,42,p_at_5pct,6,6,0.0,0.0
D_leave_one_positive_component_out,A_docpurged__RandomForest_unweighted__M11__seed42,A|RandomForest_unweighted|M11,42,r_at_10fpr,6,6,0.0,0.2
D_leave_one_positive_component_out,A_docpurged__RandomForest_unweighted__M11__seed42,A|RandomForest_unweighted|M11,42,hits_at_budget,6,6,0.0,0.0
D_leave_one_positive_component_out,A_docpurged__RandomForest_unweighted__M11__seed123,A|RandomForest_unweighted|M11,123,roc_auc,6,6,0.7046642899584077,0.8074390968508616
D_leave_one_positive_component_out,A_docpurged__RandomForest_unweighted__M11__seed123,A|RandomForest_unweighted|M11,123,ap,6,6,0.0013134556451811852,0.0016642078360834447
D_leave_one_positive_component_out,A_docpurged__RandomForest_unweighted__M11__seed123,A|RandomForest_unweighted|M11,123,f1_val_threshold,6,6,0.0,0.0
D_leave_one_positive_component_out,A_docpurged__RandomForest_unweighted__M11__seed123,A|RandomForest_unweighted|M11,123,p_at_5pct,6,6,0.0,0.0
D_leave_one_positive_component_out,A_docpurged__RandomForest_unweighted__M11__seed123,A|RandomForest_unweighted|M11,123,r_at_10fpr,6,6,0.0,0.0
D_leave_one_positive_component_out,A_docpurged__RandomForest_unweighted__M11__seed123,A|RandomForest_unweighted|M11,123,hits_at_budget,6,6,0.0,0.0
D_leave_one_positive_component_out,A_docpurged__RandomForest_unweighted__M11__seed456,A|RandomForest_unweighted|M11,456,roc_auc,6,6,0.718013468013468,0.7869637551990494
D_leave_one_positive_component_out,A_docpurged__RandomForest_unweighted__M11__seed456,A|RandomForest_unweighted|M11,456,ap,6,6,0.0014709172552840179,0.0018101597510828508
D_leave_one_positive_component_out,A_docpurged__RandomForest_unweighted__M11__seed456,A|RandomForest_unweighted|M11,456,f1_val_threshold,6,6,0.0,0.0
D_leave_one_positive_component_out,A_docpurged__RandomForest_unweighted__M11__seed456,A|RandomForest_unweighted|M11,456,p_at_5pct,6,6,0.0,0.0
D_leave_one_positive_component_out,A_docpurged__RandomForest_unweighted__M11__seed456,A|RandomForest_unweighted|M11,456,r_at_10fpr,6,6,0.0,0.2
D_leave_one_positive_component_out,A_docpurged__RandomForest_unweighted__M11__seed456,A|RandomForest_unweighted|M11,456,hits_at_budget,6,6,0.0,0.0
D_leave_one_positive_component_out,A_docpurged__RandomForest_unweighted__M11__seed789,A|RandomForest_unweighted|M11,789,roc_auc,6,6,0.647910477322242,0.7755674390968509
D_leave_one_positive_component_out,A_docpurged__RandomForest_unweighted__M11__seed789,A|RandomForest_unweighted|M11,789,ap,6,6,0.0011324296874566104,0.0015894213267356374
D_leave_one_positive_component_out,A_docpurged__RandomForest_unweighted__M11__seed789,A|RandomForest_unweighted|M11,789,f1_val_threshold,6,6,0.0,0.0
D_leave_one_positive_component_out,A_docpurged__RandomForest_unweighted__M11__seed789,A|RandomForest_unweighted|M11,789,p_at_5pct,6,6,0.0,0.0
D_leave_one_positive_component_out,A_docpurged__RandomForest_unweighted__M11__seed789,A|RandomForest_unweighted|M11,789,r_at_10fpr,6,6,0.0,0.2
D_leave_one_positive_component_out,A_docpurged__RandomForest_unweighted__M11__seed789,A|RandomForest_unweighted|M11,789,hits_at_budget,6,6,0.0,0.0
D_leave_one_positive_component_out,A_docpurged__RandomForest_unweighted__M11__seed1024,A|RandomForest_unweighted|M11,1024,roc_auc,6,6,0.6724796989502871,0.7633986928104575
D_leave_one_positive_component_out,A_docpurged__RandomForest_unweighted__M11__seed1024,A|RandomForest_unweighted|M11,1024,ap,6,6,0.0012190130718075017,0.0015244552538042405
D_leave_one_positive_component_out,A_docpurged__RandomForest_unweighted__M11__seed1024,A|RandomForest_unweighted|M11,1024,f1_val_threshold,6,6,0.0,0.0
D_leave_one_positive_component_out,A_docpurged__RandomForest_unweighted__M11__seed1024,A|RandomForest_unweighted|M11,1024,p_at_5pct,6,6,0.0,0.0
D_leave_one_positive_component_out,A_docpurged__RandomForest_unweighted__M11__seed1024,A|RandomForest_unweighted|M11,1024,r_at_10fpr,6,6,0.0,0.2
D_leave_one_positive_component_out,A_docpurged__RandomForest_unweighted__M11__seed1024,A|RandomForest_unweighted|M11,1024,hits_at_budget,6,6,0.0,0.0
D_leave_one_positive_component_out,A_docpurged__GCN_reverse__M11__seed42,A|GCN_reverse|M11,42,roc_auc,6,6,0.6379877203406615,0.7389185977421271
D_leave_one_positive_component_out,A_docpurged__GCN_reverse__M11__seed42,A|GCN_reverse|M11,42,ap,6,6,0.0011148895793343834,0.0031127671031224474
D_leave_one_positive_component_out,A_docpurged__GCN_reverse__M11__seed42,A|GCN_reverse|M11,42,f1_val_threshold,6,6,0.0,0.010638297872340425
D_leave_one_positive_component_out,A_docpurged__GCN_reverse__M11__seed42,A|GCN_reverse|M11,42,p_at_5pct,6,6,0.0,0.0023752969121140144
D_leave_one_positive_component_out,A_docpurged__GCN_reverse__M11__seed42,A|GCN_reverse|M11,42,r_at_10fpr,6,6,0.0,0.2
D_leave_one_positive_component_out,A_docpurged__GCN_reverse__M11__seed42,A|GCN_reverse|M11,42,hits_at_budget,6,6,0.0,1.0
D_leave_one_positive_component_out,A_docpurged__GCN_reverse__M11__seed123,A|GCN_reverse|M11,123,roc_auc,6,6,0.7297286591404238,0.7974846504258268
D_leave_one_positive_component_out,A_docpurged__GCN_reverse__M11__seed123,A|GCN_reverse|M11,123,ap,6,6,0.0017247956502903427,0.0039180975595206075
D_leave_one_positive_component_out,A_docpurged__GCN_reverse__M11__seed123,A|GCN_reverse|M11,123,f1_val_threshold,6,6,0.0,0.007326007326007326
D_leave_one_positive_component_out,A_docpurged__GCN_reverse__M11__seed123,A|GCN_reverse|M11,123,p_at_5pct,6,6,0.0,0.0023752969121140144
D_leave_one_positive_component_out,A_docpurged__GCN_reverse__M11__seed123,A|GCN_reverse|M11,123,r_at_10fpr,6,6,0.16666666666666666,0.3333333333333333
D_leave_one_positive_component_out,A_docpurged__GCN_reverse__M11__seed123,A|GCN_reverse|M11,123,hits_at_budget,6,6,0.0,1.0
D_leave_one_positive_component_out,A_docpurged__GCN_reverse__M11__seed456,A|GCN_reverse|M11,456,roc_auc,6,6,0.6460368389780154,0.7628243216478511
D_leave_one_positive_component_out,A_docpurged__GCN_reverse__M11__seed456,A|GCN_reverse|M11,456,ap,6,6,0.0013199081110054445,0.0025802007989559725
D_leave_one_positive_component_out,A_docpurged__GCN_reverse__M11__seed456,A|GCN_reverse|M11,456,f1_val_threshold,6,6,0.0,0.007168458781362007
D_leave_one_positive_component_out,A_docpurged__GCN_reverse__M11__seed456,A|GCN_reverse|M11,456,p_at_5pct,6,6,0.0,0.0023752969121140144
D_leave_one_positive_component_out,A_docpurged__GCN_reverse__M11__seed456,A|GCN_reverse|M11,456,r_at_10fpr,6,6,0.16666666666666666,0.3333333333333333
D_leave_one_positive_component_out,A_docpurged__GCN_reverse__M11__seed456,A|GCN_reverse|M11,456,hits_at_budget,6,6,0.0,1.0
D_leave_one_positive_component_out,A_docpurged__GCN_reverse__M11__seed789,A|GCN_reverse|M11,789,roc_auc,6,6,0.6966528025351555,0.7996831055654585
D_leave_one_positive_component_out,A_docpurged__GCN_reverse__M11__seed789,A|GCN_reverse|M11,789,ap,6,6,0.0014900276744548135,0.003461522124318957
D_leave_one_positive_component_out,A_docpurged__GCN_reverse__M11__seed789,A|GCN_reverse|M11,789,f1_val_threshold,6,6,0.0,0.015384615384615385
D_leave_one_positive_component_out,A_docpurged__GCN_reverse__M11__seed789,A|GCN_reverse|M11,789,p_at_5pct,6,6,0.0,0.0023752969121140144
D_leave_one_positive_component_out,A_docpurged__GCN_reverse__M11__seed789,A|GCN_reverse|M11,789,r_at_10fpr,6,6,0.16666666666666666,0.3333333333333333
D_leave_one_positive_component_out,A_docpurged__GCN_reverse__M11__seed789,A|GCN_reverse|M11,789,hits_at_budget,6,6,0.0,1.0
D_leave_one_positive_component_out,A_docpurged__GCN_reverse__M11__seed1024,A|GCN_reverse|M11,1024,roc_auc,6,6,0.6984353337294513,0.8204396910279264
D_leave_one_positive_component_out,A_docpurged__GCN_reverse__M11__seed1024,A|GCN_reverse|M11,1024,ap,6,6,0.0016636384886833083,0.004013723603181557
D_leave_one_positive_component_out,A_docpurged__GCN_reverse__M11__seed1024,A|GCN_reverse|M11,1024,f1_val_threshold,6,6,0.0,0.0
D_leave_one_positive_component_out,A_docpurged__GCN_reverse__M11__seed1024,A|GCN_reverse|M11,1024,p_at_5pct,6,6,0.0,0.0023752969121140144
D_leave_one_positive_component_out,A_docpurged__GCN_reverse__M11__seed1024,A|GCN_reverse|M11,1024,r_at_10fpr,6,6,0.3333333333333333,0.5
D_leave_one_positive_component_out,A_docpurged__GCN_reverse__M11__seed1024,A|GCN_reverse|M11,1024,hits_at_budget,6,6,0.0,1.0
D_leave_one_positive_component_out,A_docpurged__GraphSAGE_reverse__M11__seed42,A|GraphSAGE_reverse|M11,42,roc_auc,6,6,0.6307981778570013,0.7162606456724103
D_leave_one_positive_component_out,A_docpurged__GraphSAGE_reverse__M11__seed42,A|GraphSAGE_reverse|M11,42,ap,6,6,0.0013846103580628087,0.00198956902935608
D_leave_one_positive_component_out,A_docpurged__GraphSAGE_reverse__M11__seed42,A|GraphSAGE_reverse|M11,42,f1_val_threshold,6,6,0.0,0.0
D_leave_one_positive_component_out,A_docpurged__GraphSAGE_reverse__M11__seed42,A|GraphSAGE_reverse|M11,42,p_at_5pct,6,6,0.0,0.0
D_leave_one_positive_component_out,A_docpurged__GraphSAGE_reverse__M11__seed42,A|GraphSAGE_reverse|M11,42,r_at_10fpr,6,6,0.3333333333333333,0.5
D_leave_one_positive_component_out,A_docpurged__GraphSAGE_reverse__M11__seed42,A|GraphSAGE_reverse|M11,42,hits_at_budget,6,6,0.0,0.0
D_leave_one_positive_component_out,A_docpurged__GraphSAGE_reverse__M11__seed123,A|GraphSAGE_reverse|M11,123,roc_auc,6,6,0.6262388591800356,0.7149336502277679
D_leave_one_positive_component_out,A_docpurged__GraphSAGE_reverse__M11__seed123,A|GraphSAGE_reverse|M11,123,ap,6,6,0.0009710862586541069,0.0014768659365867439
D_leave_one_positive_component_out,A_docpurged__GraphSAGE_reverse__M11__seed123,A|GraphSAGE_reverse|M11,123,f1_val_threshold,6,6,0.0,0.0
D_leave_one_positive_component_out,A_docpurged__GraphSAGE_reverse__M11__seed123,A|GraphSAGE_reverse|M11,123,p_at_5pct,6,6,0.0,0.0
D_leave_one_positive_component_out,A_docpurged__GraphSAGE_reverse__M11__seed123,A|GraphSAGE_reverse|M11,123,r_at_10fpr,6,6,0.0,0.0
D_leave_one_positive_component_out,A_docpurged__GraphSAGE_reverse__M11__seed123,A|GraphSAGE_reverse|M11,123,hits_at_budget,6,6,0.0,0.0
D_leave_one_positive_component_out,A_docpurged__GraphSAGE_reverse__M11__seed456,A|GraphSAGE_reverse|M11,456,roc_auc,6,6,0.4951871657754011,0.6394731630025747
D_leave_one_positive_component_out,A_docpurged__GraphSAGE_reverse__M11__seed456,A|GraphSAGE_reverse|M11,456,ap,6,6,0.0008888136622564645,0.0012977486717969547
D_leave_one_positive_component_out,A_docpurged__GraphSAGE_reverse__M11__seed456,A|GraphSAGE_reverse|M11,456,f1_val_threshold,6,6,0.0,0.0
D_leave_one_positive_component_out,A_docpurged__GraphSAGE_reverse__M11__seed456,A|GraphSAGE_reverse|M11,456,p_at_5pct,6,6,0.0,0.0
D_leave_one_positive_component_out,A_docpurged__GraphSAGE_reverse__M11__seed456,A|GraphSAGE_reverse|M11,456,r_at_10fpr,6,6,0.0,0.2
D_leave_one_positive_component_out,A_docpurged__GraphSAGE_reverse__M11__seed456,A|GraphSAGE_reverse|M11,456,hits_at_budget,6,6,0.0,0.0
D_leave_one_positive_component_out,A_docpurged__GraphSAGE_reverse__M11__seed789,A|GraphSAGE_reverse|M11,789,roc_auc,6,6,0.6006139829669241,0.6795603089720738
D_leave_one_positive_component_out,A_docpurged__GraphSAGE_reverse__M11__seed789,A|GraphSAGE_reverse|M11,789,ap,6,6,0.0009961244911267982,0.001327267883926279
D_leave_one_positive_component_out,A_docpurged__GraphSAGE_reverse__M11__seed789,A|GraphSAGE_reverse|M11,789,f1_val_threshold,6,6,0.0,0.0
D_leave_one_positive_component_out,A_docpurged__GraphSAGE_reverse__M11__seed789,A|GraphSAGE_reverse|M11,789,p_at_5pct,6,6,0.0,0.0
D_leave_one_positive_component_out,A_docpurged__GraphSAGE_reverse__M11__seed789,A|GraphSAGE_reverse|M11,789,r_at_10fpr,6,6,0.0,0.2
D_leave_one_positive_component_out,A_docpurged__GraphSAGE_reverse__M11__seed789,A|GraphSAGE_reverse|M11,789,hits_at_budget,6,6,0.0,0.0
D_leave_one_positive_component_out,A_docpurged__GraphSAGE_reverse__M11__seed1024,A|GraphSAGE_reverse|M11,1024,roc_auc,6,6,0.6428401663695781,0.7402455931867697
D_leave_one_positive_component_out,A_docpurged__GraphSAGE_reverse__M11__seed1024,A|GraphSAGE_reverse|M11,1024,ap,6,6,0.0011123004914731828,0.0016729554258561935
D_leave_one_positive_component_out,A_docpurged__GraphSAGE_reverse__M11__seed1024,A|GraphSAGE_reverse|M11,1024,f1_val_threshold,6,6,0.0,0.0
D_leave_one_positive_component_out,A_docpurged__GraphSAGE_reverse__M11__seed1024,A|GraphSAGE_reverse|M11,1024,p_at_5pct,6,6,0.0,0.0
D_leave_one_positive_component_out,A_docpurged__GraphSAGE_reverse__M11__seed1024,A|GraphSAGE_reverse|M11,1024,r_at_10fpr,6,6,0.0,0.2
D_leave_one_positive_component_out,A_docpurged__GraphSAGE_reverse__M11__seed1024,A|GraphSAGE_reverse|M11,1024,hits_at_budget,6,6,0.0,0.0
D_leave_one_positive_component_out,B_donor__MLP__M5__imp271707__seed42,B|MLP|M5|271707,42,roc_auc,6,6,0.7199643493761141,0.7555753614577144
D_leave_one_positive_component_out,B_donor__MLP__M5__imp271707__seed42,B|MLP|M5|271707,42,ap,6,6,0.0012665245073006787,0.0016051403437977046
D_leave_one_positive_component_out,B_donor__MLP__M5__imp271707__seed42,B|MLP|M5|271707,42,f1_val_threshold,6,6,0.0,0.0
D_leave_one_positive_component_out,B_donor__MLP__M5__imp271707__seed42,B|MLP|M5|271707,42,p_at_5pct,6,6,0.0,0.0
D_leave_one_positive_component_out,B_donor__MLP__M5__imp271707__seed42,B|MLP|M5|271707,42,r_at_10fpr,6,6,0.0,0.0
D_leave_one_positive_component_out,B_donor__MLP__M5__imp271707__seed42,B|MLP|M5|271707,42,hits_at_budget,6,6,0.0,0.0
D_leave_one_positive_component_out,B_donor__MLP__M5__imp271707__seed123,B|MLP|M5|271707,123,roc_auc,6,6,0.652929292929293,0.7152505446623094
D_leave_one_positive_component_out,B_donor__MLP__M5__imp271707__seed123,B|MLP|M5|271707,123,ap,6,6,0.0009626331348810857,0.0013793226659535606
D_leave_one_positive_component_out,B_donor__MLP__M5__imp271707__seed123,B|MLP|M5|271707,123,f1_val_threshold,6,6,0.0,0.0
D_leave_one_positive_component_out,B_donor__MLP__M5__imp271707__seed123,B|MLP|M5|271707,123,p_at_5pct,6,6,0.0,0.0
D_leave_one_positive_component_out,B_donor__MLP__M5__imp271707__seed123,B|MLP|M5|271707,123,r_at_10fpr,6,6,0.0,0.0
D_leave_one_positive_component_out,B_donor__MLP__M5__imp271707__seed123,B|MLP|M5|271707,123,hits_at_budget,6,6,0.0,0.0
D_leave_one_positive_component_out,B_donor__MLP__M5__imp271707__seed456,B|MLP|M5|271707,456,roc_auc,6,6,0.6224004753416518,0.7031887502475738
D_leave_one_positive_component_out,B_donor__MLP__M5__imp271707__seed456,B|MLP|M5|271707,456,ap,6,6,0.0010292663573786454,0.0013892663169941368
D_leave_one_positive_component_out,B_donor__MLP__M5__imp271707__seed456,B|MLP|M5|271707,456,f1_val_threshold,6,6,0.0,0.0
D_leave_one_positive_component_out,B_donor__MLP__M5__imp271707__seed456,B|MLP|M5|271707,456,p_at_5pct,6,6,0.0,0.0
D_leave_one_positive_component_out,B_donor__MLP__M5__imp271707__seed456,B|MLP|M5|271707,456,r_at_10fpr,6,6,0.0,0.0
D_leave_one_positive_component_out,B_donor__MLP__M5__imp271707__seed456,B|MLP|M5|271707,456,hits_at_budget,6,6,0.0,0.0
D_leave_one_positive_component_out,B_donor__MLP__M5__imp271707__seed789,B|MLP|M5|271707,789,roc_auc,6,6,0.574212715389186,0.6864131511190334
D_leave_one_positive_component_out,B_donor__MLP__M5__imp271707__seed789,B|MLP|M5|271707,789,ap,6,6,0.0007904654523212084,0.0013821998693411648
D_leave_one_positive_component_out,B_donor__MLP__M5__imp271707__seed789,B|MLP|M5|271707,789,f1_val_threshold,6,6,0.0,0.0
D_leave_one_positive_component_out,B_donor__MLP__M5__imp271707__seed789,B|MLP|M5|271707,789,p_at_5pct,6,6,0.0,0.0
D_leave_one_positive_component_out,B_donor__MLP__M5__imp271707__seed789,B|MLP|M5|271707,789,r_at_10fpr,6,6,0.0,0.16666666666666666
D_leave_one_positive_component_out,B_donor__MLP__M5__imp271707__seed789,B|MLP|M5|271707,789,hits_at_budget,6,6,0.0,0.0
D_leave_one_positive_component_out,B_donor__MLP__M5__imp271707__seed1024,B|MLP|M5|271707,1024,roc_auc,6,6,0.644230540701129,0.6980590215884334
D_leave_one_positive_component_out,B_donor__MLP__M5__imp271707__seed1024,B|MLP|M5|271707,1024,ap,6,6,0.0009428487681449214,0.0013182123615213342
D_leave_one_positive_component_out,B_donor__MLP__M5__imp271707__seed1024,B|MLP|M5|271707,1024,f1_val_threshold,6,6,0.0,0.0
D_leave_one_positive_component_out,B_donor__MLP__M5__imp271707__seed1024,B|MLP|M5|271707,1024,p_at_5pct,6,6,0.0,0.0
D_leave_one_positive_component_out,B_donor__MLP__M5__imp271707__seed1024,B|MLP|M5|271707,1024,r_at_10fpr,6,6,0.0,0.0
D_leave_one_positive_component_out,B_donor__MLP__M5__imp271707__seed1024,B|MLP|M5|271707,1024,hits_at_budget,6,6,0.0,0.0
D_leave_one_positive_component_out,B_donor__MLP__M11__imp271707__seed42,B|MLP|M11|271707,42,roc_auc,6,6,0.6508615567439096,0.7173697761933056
D_leave_one_positive_component_out,B_donor__MLP__M11__imp271707__seed42,B|MLP|M11|271707,42,ap,6,6,0.0010633985698137226,0.001429126885646051
D_leave_one_positive_component_out,B_donor__MLP__M11__imp271707__seed42,B|MLP|M11|271707,42,f1_val_threshold,6,6,0.0,0.0
D_leave_one_positive_component_out,B_donor__MLP__M11__imp271707__seed42,B|MLP|M11|271707,42,p_at_5pct,6,6,0.0,0.0
D_leave_one_positive_component_out,B_donor__MLP__M11__imp271707__seed42,B|MLP|M11|271707,42,r_at_10fpr,6,6,0.0,0.2
D_leave_one_positive_component_out,B_donor__MLP__M11__imp271707__seed42,B|MLP|M11|271707,42,hits_at_budget,6,6,0.0,0.0
D_leave_one_positive_component_out,B_donor__MLP__M11__imp271707__seed123,B|MLP|M11|271707,123,roc_auc,6,6,0.6205387205387206,0.7059021588433353
D_leave_one_positive_component_out,B_donor__MLP__M11__imp271707__seed123,B|MLP|M11|271707,123,ap,6,6,0.001032547005695686,0.0014055371532363916
D_leave_one_positive_component_out,B_donor__MLP__M11__imp271707__seed123,B|MLP|M11|271707,123,f1_val_threshold,6,6,0.0,0.0
D_leave_one_positive_component_out,B_donor__MLP__M11__imp271707__seed123,B|MLP|M11|271707,123,p_at_5pct,6,6,0.0,0.0
D_leave_one_positive_component_out,B_donor__MLP__M11__imp271707__seed123,B|MLP|M11|271707,123,r_at_10fpr,6,6,0.0,0.0
D_leave_one_positive_component_out,B_donor__MLP__M11__imp271707__seed123,B|MLP|M11|271707,123,hits_at_budget,6,6,0.0,0.0
D_leave_one_positive_component_out,B_donor__MLP__M11__imp271707__seed456,B|MLP|M11|271707,456,roc_auc,6,6,0.6349772232125174,0.6949970291146762
D_leave_one_positive_component_out,B_donor__MLP__M11__imp271707__seed456,B|MLP|M11|271707,456,ap,6,6,0.0010654362538672993,0.0013101665908553312
D_leave_one_positive_component_out,B_donor__MLP__M11__imp271707__seed456,B|MLP|M11|271707,456,f1_val_threshold,6,6,0.0,0.0
D_leave_one_positive_component_out,B_donor__MLP__M11__imp271707__seed456,B|MLP|M11|271707,456,p_at_5pct,6,6,0.0,0.0
D_leave_one_positive_component_out,B_donor__MLP__M11__imp271707__seed456,B|MLP|M11|271707,456,r_at_10fpr,6,6,0.0,0.0
D_leave_one_positive_component_out,B_donor__MLP__M11__imp271707__seed456,B|MLP|M11|271707,456,hits_at_budget,6,6,0.0,0.0
D_leave_one_positive_component_out,B_donor__MLP__M11__imp271707__seed789,B|MLP|M11|271707,789,roc_auc,6,6,0.6577540106951872,0.7312735195088137
D_leave_one_positive_component_out,B_donor__MLP__M11__imp271707__seed789,B|MLP|M11|271707,789,ap,6,6,0.0010060582801942495,0.0014602338413240046
D_leave_one_positive_component_out,B_donor__MLP__M11__imp271707__seed789,B|MLP|M11|271707,789,f1_val_threshold,6,6,0.0,0.0
D_leave_one_positive_component_out,B_donor__MLP__M11__imp271707__seed789,B|MLP|M11|271707,789,p_at_5pct,6,6,0.0,0.0
D_leave_one_positive_component_out,B_donor__MLP__M11__imp271707__seed789,B|MLP|M11|271707,789,r_at_10fpr,6,6,0.0,0.0
D_leave_one_positive_component_out,B_donor__MLP__M11__imp271707__seed789,B|MLP|M11|271707,789,hits_at_budget,6,6,0.0,0.0
D_leave_one_positive_component_out,B_donor__MLP__M11__imp271707__seed1024,B|MLP|M11|271707,1024,roc_auc,6,6,0.5944385026737968,0.7493761140819964
D_leave_one_positive_component_out,B_donor__MLP__M11__imp271707__seed1024,B|MLP|M11|271707,1024,ap,6,6,0.0009066911174041674,0.0016291430313681396
D_leave_one_positive_component_out,B_donor__MLP__M11__imp271707__seed1024,B|MLP|M11|271707,1024,f1_val_threshold,6,6,0.0,0.0
D_leave_one_positive_component_out,B_donor__MLP__M11__imp271707__seed1024,B|MLP|M11|271707,1024,p_at_5pct,6,6,0.0,0.0
D_leave_one_positive_component_out,B_donor__MLP__M11__imp271707__seed1024,B|MLP|M11|271707,1024,r_at_10fpr,6,6,0.0,0.0
D_leave_one_positive_component_out,B_donor__MLP__M11__imp271707__seed1024,B|MLP|M11|271707,1024,hits_at_budget,6,6,0.0,0.0
D_leave_one_positive_component_out,B_donor__RandomForest_unweighted__M5__imp271707__seed42,B|RandomForest_unweighted|M5|271707,42,roc_auc,6,6,0.6730738760150525,0.7676965735789265
D_leave_one_positive_component_out,B_donor__RandomForest_unweighted__M5__imp271707__seed42,B|RandomForest_unweighted|M5|271707,42,ap,6,6,0.0011708408750435535,0.0018655859250825192
D_leave_one_positive_component_out,B_donor__RandomForest_unweighted__M5__imp271707__seed42,B|RandomForest_unweighted|M5|271707,42,f1_val_threshold,6,6,0.0,0.0
D_leave_one_positive_component_out,B_donor__RandomForest_unweighted__M5__imp271707__seed42,B|RandomForest_unweighted|M5|271707,42,p_at_5pct,6,6,0.0,0.0023752969121140144
D_leave_one_positive_component_out,B_donor__RandomForest_unweighted__M5__imp271707__seed42,B|RandomForest_unweighted|M5|271707,42,r_at_10fpr,6,6,0.0,0.2
D_leave_one_positive_component_out,B_donor__RandomForest_unweighted__M5__imp271707__seed42,B|RandomForest_unweighted|M5|271707,42,hits_at_budget,6,6,0.0,1.0
D_leave_one_positive_component_out,B_donor__RandomForest_unweighted__M5__imp271707__seed123,B|RandomForest_unweighted|M5|271707,123,roc_auc,6,6,0.613596751832046,0.747534165181224
D_leave_one_positive_component_out,B_donor__RandomForest_unweighted__M5__imp271707__seed123,B|RandomForest_unweighted|M5|271707,123,ap,6,6,0.001038474075223928,0.0017914218176913214
D_leave_one_positive_component_out,B_donor__RandomForest_unweighted__M5__imp271707__seed123,B|RandomForest_unweighted|M5|271707,123,f1_val_threshold,6,6,0.0,0.005050505050505051
D_leave_one_positive_component_out,B_donor__RandomForest_unweighted__M5__imp271707__seed123,B|RandomForest_unweighted|M5|271707,123,p_at_5pct,6,6,0.0,0.0023752969121140144
D_leave_one_positive_component_out,B_donor__RandomForest_unweighted__M5__imp271707__seed123,B|RandomForest_unweighted|M5|271707,123,r_at_10fpr,6,6,0.0,0.2
D_leave_one_positive_component_out,B_donor__RandomForest_unweighted__M5__imp271707__seed123,B|RandomForest_unweighted|M5|271707,123,hits_at_budget,6,6,0.0,1.0
D_leave_one_positive_component_out,B_donor__RandomForest_unweighted__M5__imp271707__seed456,B|RandomForest_unweighted|M5|271707,456,roc_auc,6,6,0.6395226777579719,0.7718162012279659
D_leave_one_positive_component_out,B_donor__RandomForest_unweighted__M5__imp271707__seed456,B|RandomForest_unweighted|M5|271707,456,ap,6,6,0.0012859614559771152,0.0019437473231316044
D_leave_one_positive_component_out,B_donor__RandomForest_unweighted__M5__imp271707__seed456,B|RandomForest_unweighted|M5|271707,456,f1_val_threshold,6,6,0.0,0.0
D_leave_one_positive_component_out,B_donor__RandomForest_unweighted__M5__imp271707__seed456,B|RandomForest_unweighted|M5|271707,456,p_at_5pct,6,6,0.0,0.0023752969121140144
D_leave_one_positive_component_out,B_donor__RandomForest_unweighted__M5__imp271707__seed456,B|RandomForest_unweighted|M5|271707,456,r_at_10fpr,6,6,0.0,0.2
D_leave_one_positive_component_out,B_donor__RandomForest_unweighted__M5__imp271707__seed456,B|RandomForest_unweighted|M5|271707,456,hits_at_budget,6,6,0.0,1.0
D_leave_one_positive_component_out,B_donor__RandomForest_unweighted__M5__imp271707__seed789,B|RandomForest_unweighted|M5|271707,789,roc_auc,6,6,0.6921271538918597,0.782055852644088
D_leave_one_positive_component_out,B_donor__RandomForest_unweighted__M5__imp271707__seed789,B|RandomForest_unweighted|M5|271707,789,ap,6,6,0.00133151579404236,0.001815254693368394
D_leave_one_positive_component_out,B_donor__RandomForest_unweighted__M5__imp271707__seed789,B|RandomForest_unweighted|M5|271707,789,f1_val_threshold,6,6,0.0,0.0
D_leave_one_positive_component_out,B_donor__RandomForest_unweighted__M5__imp271707__seed789,B|RandomForest_unweighted|M5|271707,789,p_at_5pct,6,6,0.0,0.0
D_leave_one_positive_component_out,B_donor__RandomForest_unweighted__M5__imp271707__seed789,B|RandomForest_unweighted|M5|271707,789,r_at_10fpr,6,6,0.0,0.2
D_leave_one_positive_component_out,B_donor__RandomForest_unweighted__M5__imp271707__seed789,B|RandomForest_unweighted|M5|271707,789,hits_at_budget,6,6,0.0,0.0
D_leave_one_positive_component_out,B_donor__RandomForest_unweighted__M5__imp271707__seed1024,B|RandomForest_unweighted|M5|271707,1024,roc_auc,6,6,0.63116458704694,0.7665973460091107
D_leave_one_positive_component_out,B_donor__RandomForest_unweighted__M5__imp271707__seed1024,B|RandomForest_unweighted|M5|271707,1024,ap,6,6,0.0013148146579358194,0.0023064846636812004
D_leave_one_positive_component_out,B_donor__RandomForest_unweighted__M5__imp271707__seed1024,B|RandomForest_unweighted|M5|271707,1024,f1_val_threshold,6,6,0.0,0.0
D_leave_one_positive_component_out,B_donor__RandomForest_unweighted__M5__imp271707__seed1024,B|RandomForest_unweighted|M5|271707,1024,p_at_5pct,6,6,0.0,0.0023752969121140144
D_leave_one_positive_component_out,B_donor__RandomForest_unweighted__M5__imp271707__seed1024,B|RandomForest_unweighted|M5|271707,1024,r_at_10fpr,6,6,0.0,0.2
D_leave_one_positive_component_out,B_donor__RandomForest_unweighted__M5__imp271707__seed1024,B|RandomForest_unweighted|M5|271707,1024,hits_at_budget,6,6,0.0,1.0
D_leave_one_positive_component_out,B_donor__RandomForest_unweighted__M11__imp271707__seed42,B|RandomForest_unweighted|M11|271707,42,roc_auc,6,6,0.6457714398890869,0.727653000594177
D_leave_one_positive_component_out,B_donor__RandomForest_unweighted__M11__imp271707__seed42,B|RandomForest_unweighted|M11|271707,42,ap,6,6,0.0012211817442406188,0.0014687651966877955
D_leave_one_positive_component_out,B_donor__RandomForest_unweighted__M11__imp271707__seed42,B|RandomForest_unweighted|M11|271707,42,f1_val_threshold,6,6,0.0,0.0
D_leave_one_positive_component_out,B_donor__RandomForest_unweighted__M11__imp271707__seed42,B|RandomForest_unweighted|M11|271707,42,p_at_5pct,6,6,0.0,0.0
D_leave_one_positive_component_out,B_donor__RandomForest_unweighted__M11__imp271707__seed42,B|RandomForest_unweighted|M11|271707,42,r_at_10fpr,6,6,0.0,0.0
D_leave_one_positive_component_out,B_donor__RandomForest_unweighted__M11__imp271707__seed42,B|RandomForest_unweighted|M11|271707,42,hits_at_budget,6,6,0.0,0.0
D_leave_one_positive_component_out,B_donor__RandomForest_unweighted__M11__imp271707__seed123,B|RandomForest_unweighted|M11|271707,123,roc_auc,6,6,0.6992275698158051,0.7644285997227174
D_leave_one_positive_component_out,B_donor__RandomForest_unweighted__M11__imp271707__seed123,B|RandomForest_unweighted|M11|271707,123,ap,6,6,0.001298962922920888,0.0016996772123382803
D_leave_one_positive_component_out,B_donor__RandomForest_unweighted__M11__imp271707__seed123,B|RandomForest_unweighted|M11|271707,123,f1_val_threshold,6,6,0.0,0.0
D_leave_one_positive_component_out,B_donor__RandomForest_unweighted__M11__imp271707__seed123,B|RandomForest_unweighted|M11|271707,123,p_at_5pct,6,6,0.0,0.0
D_leave_one_positive_component_out,B_donor__RandomForest_unweighted__M11__imp271707__seed123,B|RandomForest_unweighted|M11|271707,123,r_at_10fpr,6,6,0.0,0.2
D_leave_one_positive_component_out,B_donor__RandomForest_unweighted__M11__imp271707__seed123,B|RandomForest_unweighted|M11|271707,123,hits_at_budget,6,6,0.0,0.0
D_leave_one_positive_component_out,B_donor__RandomForest_unweighted__M11__imp271707__seed456,B|RandomForest_unweighted|M11|271707,456,roc_auc,6,6,0.6660724896019014,0.7154981184392949
D_leave_one_positive_component_out,B_donor__RandomForest_unweighted__M11__imp271707__seed456,B|RandomForest_unweighted|M11|271707,456,ap,6,6,0.001141134133294974,0.001337252707889134
D_leave_one_positive_component_out,B_donor__RandomForest_unweighted__M11__imp271707__seed456,B|RandomForest_unweighted|M11|271707,456,f1_val_threshold,6,6,0.0,0.0
D_leave_one_positive_component_out,B_donor__RandomForest_unweighted__M11__imp271707__seed456,B|RandomForest_unweighted|M11|271707,456,p_at_5pct,6,6,0.0,0.0
D_leave_one_positive_component_out,B_donor__RandomForest_unweighted__M11__imp271707__seed456,B|RandomForest_unweighted|M11|271707,456,r_at_10fpr,6,6,0.0,0.2
D_leave_one_positive_component_out,B_donor__RandomForest_unweighted__M11__imp271707__seed456,B|RandomForest_unweighted|M11|271707,456,hits_at_budget,6,6,0.0,0.0
D_leave_one_positive_component_out,B_donor__RandomForest_unweighted__M11__imp271707__seed789,B|RandomForest_unweighted|M11|271707,789,roc_auc,6,6,0.6588136264606853,0.7210041592394534
D_leave_one_positive_component_out,B_donor__RandomForest_unweighted__M11__imp271707__seed789,B|RandomForest_unweighted|M11|271707,789,ap,6,6,0.0011110427891558505,0.0013795657457030643
D_leave_one_positive_component_out,B_donor__RandomForest_unweighted__M11__imp271707__seed789,B|RandomForest_unweighted|M11|271707,789,f1_val_threshold,6,6,0.0,0.0
D_leave_one_positive_component_out,B_donor__RandomForest_unweighted__M11__imp271707__seed789,B|RandomForest_unweighted|M11|271707,789,p_at_5pct,6,6,0.0,0.0
D_leave_one_positive_component_out,B_donor__RandomForest_unweighted__M11__imp271707__seed789,B|RandomForest_unweighted|M11|271707,789,r_at_10fpr,6,6,0.0,0.2
D_leave_one_positive_component_out,B_donor__RandomForest_unweighted__M11__imp271707__seed789,B|RandomForest_unweighted|M11|271707,789,hits_at_budget,6,6,0.0,0.0
D_leave_one_positive_component_out,B_donor__RandomForest_unweighted__M11__imp271707__seed1024,B|RandomForest_unweighted|M11|271707,1024,roc_auc,6,6,0.7284214695979402,0.7896019013666072
D_leave_one_positive_component_out,B_donor__RandomForest_unweighted__M11__imp271707__seed1024,B|RandomForest_unweighted|M11|271707,1024,ap,6,6,0.001631257204759563,0.0017929476548141571
D_leave_one_positive_component_out,B_donor__RandomForest_unweighted__M11__imp271707__seed1024,B|RandomForest_unweighted|M11|271707,1024,f1_val_threshold,6,6,0.0,0.0
D_leave_one_positive_component_out,B_donor__RandomForest_unweighted__M11__imp271707__seed1024,B|RandomForest_unweighted|M11|271707,1024,p_at_5pct,6,6,0.0,0.0
D_leave_one_positive_component_out,B_donor__RandomForest_unweighted__M11__imp271707__seed1024,B|RandomForest_unweighted|M11|271707,1024,r_at_10fpr,6,6,0.0,0.2
D_leave_one_positive_component_out,B_donor__RandomForest_unweighted__M11__imp271707__seed1024,B|RandomForest_unweighted|M11|271707,1024,hits_at_budget,6,6,0.0,0.0
D_leave_one_positive_component_out,B_donor__MLP__M5__imp271708__seed42,B|MLP|M5|271708,42,roc_auc,6,6,0.6617706476530006,0.76712220241632
D_leave_one_positive_component_out,B_donor__MLP__M5__imp271708__seed42,B|MLP|M5|271708,42,ap,6,6,0.0010588099311231443,0.0016688168726207322
D_leave_one_positive_component_out,B_donor__MLP__M5__imp271708__seed42,B|MLP|M5|271708,42,f1_val_threshold,6,6,0.0,0.0
D_leave_one_positive_component_out,B_donor__MLP__M5__imp271708__seed42,B|MLP|M5|271708,42,p_at_5pct,6,6,0.0,0.0
D_leave_one_positive_component_out,B_donor__MLP__M5__imp271708__seed42,B|MLP|M5|271708,42,r_at_10fpr,6,6,0.0,0.0
D_leave_one_positive_component_out,B_donor__MLP__M5__imp271708__seed42,B|MLP|M5|271708,42,hits_at_budget,6,6,0.0,0.0
D_leave_one_positive_component_out,B_donor__MLP__M5__imp271708__seed123,B|MLP|M5|271708,123,roc_auc,6,6,0.6138562091503268,0.697207367795603
D_leave_one_positive_component_out,B_donor__MLP__M5__imp271708__seed123,B|MLP|M5|271708,123,ap,6,6,0.000895545768969642,0.001304148684122057
D_leave_one_positive_component_out,B_donor__MLP__M5__imp271708__seed123,B|MLP|M5|271708,123,f1_val_threshold,6,6,0.0,0.0
D_leave_one_positive_component_out,B_donor__MLP__M5__imp271708__seed123,B|MLP|M5|271708,123,p_at_5pct,6,6,0.0,0.0
D_leave_one_positive_component_out,B_donor__MLP__M5__imp271708__seed123,B|MLP|M5|271708,123,r_at_10fpr,6,6,0.0,0.0
D_leave_one_positive_component_out,B_donor__MLP__M5__imp271708__seed123,B|MLP|M5|271708,123,hits_at_budget,6,6,0.0,0.0
D_leave_one_positive_component_out,B_donor__MLP__M5__imp271708__seed456,B|MLP|M5|271708,456,roc_auc,6,6,0.5559120617944148,0.6594969300851654
D_leave_one_positive_component_out,B_donor__MLP__M5__imp271708__seed456,B|MLP|M5|271708,456,ap,6,6,0.0008189352173954079,0.001254476402106605
D_leave_one_positive_component_out,B_donor__MLP__M5__imp271708__seed456,B|MLP|M5|271708,456,f1_val_threshold,6,6,0.0,0.0
D_leave_one_positive_component_out,B_donor__MLP__M5__imp271708__seed456,B|MLP|M5|271708,456,p_at_5pct,6,6,0.0,0.0
D_leave_one_positive_component_out,B_donor__MLP__M5__imp271708__seed456,B|MLP|M5|271708,456,r_at_10fpr,6,6,0.0,0.0
D_leave_one_positive_component_out,B_donor__MLP__M5__imp271708__seed456,B|MLP|M5|271708,456,hits_at_budget,6,6,0.0,0.0
D_leave_one_positive_component_out,B_donor__MLP__M5__imp271708__seed789,B|MLP|M5|271708,789,roc_auc,6,6,0.6190136660724896,0.7366211130917013
D_leave_one_positive_component_out,B_donor__MLP__M5__imp271708__seed789,B|MLP|M5|271708,789,ap,6,6,0.0009179011069231965,0.001549610073444514
D_leave_one_positive_component_out,B_donor__MLP__M5__imp271708__seed789,B|MLP|M5|271708,789,f1_val_threshold,6,6,0.0,0.0
D_leave_one_positive_component_out,B_donor__MLP__M5__imp271708__seed789,B|MLP|M5|271708,789,p_at_5pct,6,6,0.0,0.0
D_leave_one_positive_component_out,B_donor__MLP__M5__imp271708__seed789,B|MLP|M5|271708,789,r_at_10fpr,6,6,0.0,0.16666666666666666
D_leave_one_positive_component_out,B_donor__MLP__M5__imp271708__seed789,B|MLP|M5|271708,789,hits_at_budget,6,6,0.0,0.0
D_leave_one_positive_component_out,B_donor__MLP__M5__imp271708__seed1024,B|MLP|M5|271708,1024,roc_auc,6,6,0.6159001782531195,0.6984353337294514
D_leave_one_positive_component_out,B_donor__MLP__M5__imp271708__seed1024,B|MLP|M5|271708,1024,ap,6,6,0.0008840264493717496,0.0013477613743360477
D_leave_one_positive_component_out,B_donor__MLP__M5__imp271708__seed1024,B|MLP|M5|271708,1024,f1_val_threshold,6,6,0.0,0.0
D_leave_one_positive_component_out,B_donor__MLP__M5__imp271708__seed1024,B|MLP|M5|271708,1024,p_at_5pct,6,6,0.0,0.0
D_leave_one_positive_component_out,B_donor__MLP__M5__imp271708__seed1024,B|MLP|M5|271708,1024,r_at_10fpr,6,6,0.0,0.16666666666666666
D_leave_one_positive_component_out,B_donor__MLP__M5__imp271708__seed1024,B|MLP|M5|271708,1024,hits_at_budget,6,6,0.0,0.0
D_leave_one_positive_component_out,B_donor__MLP__M11__imp271708__seed42,B|MLP|M11|271708,42,roc_auc,6,6,0.6256882551000198,0.6952663893840364
D_leave_one_positive_component_out,B_donor__MLP__M11__imp271708__seed42,B|MLP|M11|271708,42,ap,6,6,0.000959569112507621,0.0013632398746885072
D_leave_one_positive_component_out,B_donor__MLP__M11__imp271708__seed42,B|MLP|M11|271708,42,f1_val_threshold,6,6,0.0,0.0
D_leave_one_positive_component_out,B_donor__MLP__M11__imp271708__seed42,B|MLP|M11|271708,42,p_at_5pct,6,6,0.0,0.0
D_leave_one_positive_component_out,B_donor__MLP__M11__imp271708__seed42,B|MLP|M11|271708,42,r_at_10fpr,6,6,0.0,0.0
D_leave_one_positive_component_out,B_donor__MLP__M11__imp271708__seed42,B|MLP|M11|271708,42,hits_at_budget,6,6,0.0,0.0
D_leave_one_positive_component_out,B_donor__MLP__M11__imp271708__seed123,B|MLP|M11|271708,123,roc_auc,6,6,0.6298276886512181,0.7161021984551397
D_leave_one_positive_component_out,B_donor__MLP__M11__imp271708__seed123,B|MLP|M11|271708,123,ap,6,6,0.0009866444055304556,0.0013888286148057995
D_leave_one_positive_component_out,B_donor__MLP__M11__imp271708__seed123,B|MLP|M11|271708,123,f1_val_threshold,6,6,0.0,0.0
D_leave_one_positive_component_out,B_donor__MLP__M11__imp271708__seed123,B|MLP|M11|271708,123,p_at_5pct,6,6,0.0,0.0
D_leave_one_positive_component_out,B_donor__MLP__M11__imp271708__seed123,B|MLP|M11|271708,123,r_at_10fpr,6,6,0.0,0.0
D_leave_one_positive_component_out,B_donor__MLP__M11__imp271708__seed123,B|MLP|M11|271708,123,hits_at_budget,6,6,0.0,0.0
D_leave_one_positive_component_out,B_donor__MLP__M11__imp271708__seed456,B|MLP|M11|271708,456,roc_auc,6,6,0.6288968112497524,0.6860843731431966
D_leave_one_positive_component_out,B_donor__MLP__M11__imp271708__seed456,B|MLP|M11|271708,456,ap,6,6,0.0010460372117172094,0.0012990149019111567
D_leave_one_positive_component_out,B_donor__MLP__M11__imp271708__seed456,B|MLP|M11|271708,456,f1_val_threshold,6,6,0.0,0.0
D_leave_one_positive_component_out,B_donor__MLP__M11__imp271708__seed456,B|MLP|M11|271708,456,p_at_5pct,6,6,0.0,0.0
D_leave_one_positive_component_out,B_donor__MLP__M11__imp271708__seed456,B|MLP|M11|271708,456,r_at_10fpr,6,6,0.0,0.2
D_leave_one_positive_component_out,B_donor__MLP__M11__imp271708__seed456,B|MLP|M11|271708,456,hits_at_budget,6,6,0.0,0.0
D_leave_one_positive_component_out,B_donor__MLP__M11__imp271708__seed789,B|MLP|M11|271708,789,roc_auc,6,6,0.626302238066944,0.6800950683303624
D_leave_one_positive_component_out,B_donor__MLP__M11__imp271708__seed789,B|MLP|M11|271708,789,ap,6,6,0.0009393167422066407,0.0012308626315957766
D_leave_one_positive_component_out,B_donor__MLP__M11__imp271708__seed789,B|MLP|M11|271708,789,f1_val_threshold,6,6,0.0,0.0
D_leave_one_positive_component_out,B_donor__MLP__M11__imp271708__seed789,B|MLP|M11|271708,789,p_at_5pct,6,6,0.0,0.0
D_leave_one_positive_component_out,B_donor__MLP__M11__imp271708__seed789,B|MLP|M11|271708,789,r_at_10fpr,6,6,0.0,0.0
D_leave_one_positive_component_out,B_donor__MLP__M11__imp271708__seed789,B|MLP|M11|271708,789,hits_at_budget,6,6,0.0,0.0
D_leave_one_positive_component_out,B_donor__MLP__M11__imp271708__seed1024,B|MLP|M11|271708,1024,roc_auc,6,6,0.6508377896613191,0.741968706674589
D_leave_one_positive_component_out,B_donor__MLP__M11__imp271708__seed1024,B|MLP|M11|271708,1024,ap,6,6,0.0010489880551270815,0.0015910807432642773
D_leave_one_positive_component_out,B_donor__MLP__M11__imp271708__seed1024,B|MLP|M11|271708,1024,f1_val_threshold,6,6,0.0,0.0
D_leave_one_positive_component_out,B_donor__MLP__M11__imp271708__seed1024,B|MLP|M11|271708,1024,p_at_5pct,6,6,0.0,0.0
D_leave_one_positive_component_out,B_donor__MLP__M11__imp271708__seed1024,B|MLP|M11|271708,1024,r_at_10fpr,6,6,0.0,0.0
D_leave_one_positive_component_out,B_donor__MLP__M11__imp271708__seed1024,B|MLP|M11|271708,1024,hits_at_budget,6,6,0.0,0.0
D_leave_one_positive_component_out,B_donor__RandomForest_unweighted__M5__imp271708__seed42,B|RandomForest_unweighted|M5|271708,42,roc_auc,6,6,0.6030699148346206,0.6963953258070904
D_leave_one_positive_component_out,B_donor__RandomForest_unweighted__M5__imp271708__seed42,B|RandomForest_unweighted|M5|271708,42,ap,6,6,0.0010402204251909752,0.0015393325741942083
D_leave_one_positive_component_out,B_donor__RandomForest_unweighted__M5__imp271708__seed42,B|RandomForest_unweighted|M5|271708,42,f1_val_threshold,6,6,0.0,0.0
D_leave_one_positive_component_out,B_donor__RandomForest_unweighted__M5__imp271708__seed42,B|RandomForest_unweighted|M5|271708,42,p_at_5pct,6,6,0.0,0.0023752969121140144
D_leave_one_positive_component_out,B_donor__RandomForest_unweighted__M5__imp271708__seed42,B|RandomForest_unweighted|M5|271708,42,r_at_10fpr,6,6,0.0,0.2
D_leave_one_positive_component_out,B_donor__RandomForest_unweighted__M5__imp271708__seed42,B|RandomForest_unweighted|M5|271708,42,hits_at_budget,6,6,0.0,1.0
D_leave_one_positive_component_out,B_donor__RandomForest_unweighted__M5__imp271708__seed123,B|RandomForest_unweighted|M5|271708,123,roc_auc,6,6,0.6344721727074669,0.7242622301445831
D_leave_one_positive_component_out,B_donor__RandomForest_unweighted__M5__imp271708__seed123,B|RandomForest_unweighted|M5|271708,123,ap,6,6,0.0010604033224662223,0.001487615555048207
D_leave_one_positive_component_out,B_donor__RandomForest_unweighted__M5__imp271708__seed123,B|RandomForest_unweighted|M5|271708,123,f1_val_threshold,6,6,0.0,0.0
D_leave_one_positive_component_out,B_donor__RandomForest_unweighted__M5__imp271708__seed123,B|RandomForest_unweighted|M5|271708,123,p_at_5pct,6,6,0.0,0.0
D_leave_one_positive_component_out,B_donor__RandomForest_unweighted__M5__imp271708__seed123,B|RandomForest_unweighted|M5|271708,123,r_at_10fpr,6,6,0.0,0.2
D_leave_one_positive_component_out,B_donor__RandomForest_unweighted__M5__imp271708__seed123,B|RandomForest_unweighted|M5|271708,123,hits_at_budget,6,6,0.0,0.0
D_leave_one_positive_component_out,B_donor__RandomForest_unweighted__M5__imp271708__seed456,B|RandomForest_unweighted|M5|271708,456,roc_auc,6,6,0.5946524064171124,0.7263814616755793
D_leave_one_positive_component_out,B_donor__RandomForest_unweighted__M5__imp271708__seed456,B|RandomForest_unweighted|M5|271708,456,ap,6,6,0.0009476799864859619,0.0015187817660710027
D_leave_one_positive_component_out,B_donor__RandomForest_unweighted__M5__imp271708__seed456,B|RandomForest_unweighted|M5|271708,456,f1_val_threshold,6,6,0.0,0.0
D_leave_one_positive_component_out,B_donor__RandomForest_unweighted__M5__imp271708__seed456,B|RandomForest_unweighted|M5|271708,456,p_at_5pct,6,6,0.0,0.0
D_leave_one_positive_component_out,B_donor__RandomForest_unweighted__M5__imp271708__seed456,B|RandomForest_unweighted|M5|271708,456,r_at_10fpr,6,6,0.0,0.2
D_leave_one_positive_component_out,B_donor__RandomForest_unweighted__M5__imp271708__seed456,B|RandomForest_unweighted|M5|271708,456,hits_at_budget,6,6,0.0,0.0
D_leave_one_positive_component_out,B_donor__RandomForest_unweighted__M5__imp271708__seed789,B|RandomForest_unweighted|M5|271708,789,roc_auc,6,6,0.5553891859774213,0.7110219845513963
D_leave_one_positive_component_out,B_donor__RandomForest_unweighted__M5__imp271708__seed789,B|RandomForest_unweighted|M5|271708,789,ap,6,6,0.0009648372187716792,0.0016850916762636318
D_leave_one_positive_component_out,B_donor__RandomForest_unweighted__M5__imp271708__seed789,B|RandomForest_unweighted|M5|271708,789,f1_val_threshold,6,6,0.0,0.0
D_leave_one_positive_component_out,B_donor__RandomForest_unweighted__M5__imp271708__seed789,B|RandomForest_unweighted|M5|271708,789,p_at_5pct,6,6,0.0,0.0023752969121140144
D_leave_one_positive_component_out,B_donor__RandomForest_unweighted__M5__imp271708__seed789,B|RandomForest_unweighted|M5|271708,789,r_at_10fpr,6,6,0.0,0.2
D_leave_one_positive_component_out,B_donor__RandomForest_unweighted__M5__imp271708__seed789,B|RandomForest_unweighted|M5|271708,789,hits_at_budget,6,6,0.0,1.0
D_leave_one_positive_component_out,B_donor__RandomForest_unweighted__M5__imp271708__seed1024,B|RandomForest_unweighted|M5|271708,1024,roc_auc,6,6,0.6738463061992473,0.7313428401663695
D_leave_one_positive_component_out,B_donor__RandomForest_unweighted__M5__imp271708__seed1024,B|RandomForest_unweighted|M5|271708,1024,ap,6,6,0.00116580707723119,0.0014612600465557222
D_leave_one_positive_component_out,B_donor__RandomForest_unweighted__M5__imp271708__seed1024,B|RandomForest_unweighted|M5|271708,1024,f1_val_threshold,6,6,0.0,0.0
D_leave_one_positive_component_out,B_donor__RandomForest_unweighted__M5__imp271708__seed1024,B|RandomForest_unweighted|M5|271708,1024,p_at_5pct,6,6,0.0,0.0
D_leave_one_positive_component_out,B_donor__RandomForest_unweighted__M5__imp271708__seed1024,B|RandomForest_unweighted|M5|271708,1024,r_at_10fpr,6,6,0.0,0.2
D_leave_one_positive_component_out,B_donor__RandomForest_unweighted__M5__imp271708__seed1024,B|RandomForest_unweighted|M5|271708,1024,hits_at_budget,6,6,0.0,0.0
D_leave_one_positive_component_out,B_donor__RandomForest_unweighted__M11__imp271708__seed42,B|RandomForest_unweighted|M11|271708,42,roc_auc,6,6,0.6544662309368192,0.7389285006932066
D_leave_one_positive_component_out,B_donor__RandomForest_unweighted__M11__imp271708__seed42,B|RandomForest_unweighted|M11|271708,42,ap,6,6,0.0011207918690504443,0.0015913994459042194
D_leave_one_positive_component_out,B_donor__RandomForest_unweighted__M11__imp271708__seed42,B|RandomForest_unweighted|M11|271708,42,f1_val_threshold,6,6,0.0,0.0
D_leave_one_positive_component_out,B_donor__RandomForest_unweighted__M11__imp271708__seed42,B|RandomForest_unweighted|M11|271708,42,p_at_5pct,6,6,0.0,0.0
D_leave_one_positive_component_out,B_donor__RandomForest_unweighted__M11__imp271708__seed42,B|RandomForest_unweighted|M11|271708,42,r_at_10fpr,6,6,0.0,0.2
D_leave_one_positive_component_out,B_donor__RandomForest_unweighted__M11__imp271708__seed42,B|RandomForest_unweighted|M11|271708,42,hits_at_budget,6,6,0.0,0.0
D_leave_one_positive_component_out,B_donor__RandomForest_unweighted__M11__imp271708__seed123,B|RandomForest_unweighted|M11|271708,123,roc_auc,6,6,0.6214101802337096,0.7060209942562883
D_leave_one_positive_component_out,B_donor__RandomForest_unweighted__M11__imp271708__seed123,B|RandomForest_unweighted|M11|271708,123,ap,6,6,0.0010087890247070972,0.001426719268976912
D_leave_one_positive_component_out,B_donor__RandomForest_unweighted__M11__imp271708__seed123,B|RandomForest_unweighted|M11|271708,123,f1_val_threshold,6,6,0.0,0.0
D_leave_one_positive_component_out,B_donor__RandomForest_unweighted__M11__imp271708__seed123,B|RandomForest_unweighted|M11|271708,123,p_at_5pct,6,6,0.0,0.0
D_leave_one_positive_component_out,B_donor__RandomForest_unweighted__M11__imp271708__seed123,B|RandomForest_unweighted|M11|271708,123,r_at_10fpr,6,6,0.0,0.2
D_leave_one_positive_component_out,B_donor__RandomForest_unweighted__M11__imp271708__seed123,B|RandomForest_unweighted|M11|271708,123,hits_at_budget,6,6,0.0,0.0
D_leave_one_positive_component_out,B_donor__RandomForest_unweighted__M11__imp271708__seed456,B|RandomForest_unweighted|M11|271708,456,roc_auc,6,6,0.6071004159239454,0.7205109922756981
D_leave_one_positive_component_out,B_donor__RandomForest_unweighted__M11__imp271708__seed456,B|RandomForest_unweighted|M11|271708,456,ap,6,6,0.0009541677328730483,0.0012368025177735657
D_leave_one_positive_component_out,B_donor__RandomForest_unweighted__M11__imp271708__seed456,B|RandomForest_unweighted|M11|271708,456,f1_val_threshold,6,6,0.0,0.0
D_leave_one_positive_component_out,B_donor__RandomForest_unweighted__M11__imp271708__seed456,B|RandomForest_unweighted|M11|271708,456,p_at_5pct,6,6,0.0,0.0
D_leave_one_positive_component_out,B_donor__RandomForest_unweighted__M11__imp271708__seed456,B|RandomForest_unweighted|M11|271708,456,r_at_10fpr,6,6,0.0,0.2
D_leave_one_positive_component_out,B_donor__RandomForest_unweighted__M11__imp271708__seed456,B|RandomForest_unweighted|M11|271708,456,hits_at_budget,6,6,0.0,0.0
D_leave_one_positive_component_out,B_donor__RandomForest_unweighted__M11__imp271708__seed789,B|RandomForest_unweighted|M11|271708,789,roc_auc,6,6,0.6731035848682908,0.7492691622103387
D_leave_one_positive_component_out,B_donor__RandomForest_unweighted__M11__imp271708__seed789,B|RandomForest_unweighted|M11|271708,789,ap,6,6,0.0011394852362427927,0.0014303428914578715
D_leave_one_positive_component_out,B_donor__RandomForest_unweighted__M11__imp271708__seed789,B|RandomForest_unweighted|M11|271708,789,f1_val_threshold,6,6,0.0,0.0
D_leave_one_positive_component_out,B_donor__RandomForest_unweighted__M11__imp271708__seed789,B|RandomForest_unweighted|M11|271708,789,p_at_5pct,6,6,0.0,0.0
D_leave_one_positive_component_out,B_donor__RandomForest_unweighted__M11__imp271708__seed789,B|RandomForest_unweighted|M11|271708,789,r_at_10fpr,6,6,0.0,0.2
D_leave_one_positive_component_out,B_donor__RandomForest_unweighted__M11__imp271708__seed789,B|RandomForest_unweighted|M11|271708,789,hits_at_budget,6,6,0.0,0.0
D_leave_one_positive_component_out,B_donor__RandomForest_unweighted__M11__imp271708__seed1024,B|RandomForest_unweighted|M11|271708,1024,roc_auc,6,6,0.6674291938997821,0.7274034462269756
D_leave_one_positive_component_out,B_donor__RandomForest_unweighted__M11__imp271708__seed1024,B|RandomForest_unweighted|M11|271708,1024,ap,6,6,0.001246554386149274,0.0013981301898828827
D_leave_one_positive_component_out,B_donor__RandomForest_unweighted__M11__imp271708__seed1024,B|RandomForest_unweighted|M11|271708,1024,f1_val_threshold,6,6,0.0,0.0
D_leave_one_positive_component_out,B_donor__RandomForest_unweighted__M11__imp271708__seed1024,B|RandomForest_unweighted|M11|271708,1024,p_at_5pct,6,6,0.0,0.0
D_leave_one_positive_component_out,B_donor__RandomForest_unweighted__M11__imp271708__seed1024,B|RandomForest_unweighted|M11|271708,1024,r_at_10fpr,6,6,0.0,0.2
D_leave_one_positive_component_out,B_donor__RandomForest_unweighted__M11__imp271708__seed1024,B|RandomForest_unweighted|M11|271708,1024,hits_at_budget,6,6,0.0,0.0
D_leave_one_positive_component_out,B_donor__MLP__M5__imp271709__seed42,B|MLP|M5|271709,42,roc_auc,6,6,0.6655575361457715,0.7474945533769063
D_leave_one_positive_component_out,B_donor__MLP__M5__imp271709__seed42,B|MLP|M5|271709,42,ap,6,6,0.001156892858243186,0.0016693718196310137
D_leave_one_positive_component_out,B_donor__MLP__M5__imp271709__seed42,B|MLP|M5|271709,42,f1_val_threshold,6,6,0.0,0.0
D_leave_one_positive_component_out,B_donor__MLP__M5__imp271709__seed42,B|MLP|M5|271709,42,p_at_5pct,6,6,0.0,0.0
D_leave_one_positive_component_out,B_donor__MLP__M5__imp271709__seed42,B|MLP|M5|271709,42,r_at_10fpr,6,6,0.0,0.0
D_leave_one_positive_component_out,B_donor__MLP__M5__imp271709__seed42,B|MLP|M5|271709,42,hits_at_budget,6,6,0.0,0.0
D_leave_one_positive_component_out,B_donor__MLP__M5__imp271709__seed123,B|MLP|M5|271709,123,roc_auc,6,6,0.5903267973856209,0.679520697167756
D_leave_one_positive_component_out,B_donor__MLP__M5__imp271709__seed123,B|MLP|M5|271709,123,ap,6,6,0.0008328180697753324,0.001238583628943423
D_leave_one_positive_component_out,B_donor__MLP__M5__imp271709__seed123,B|MLP|M5|271709,123,f1_val_threshold,6,6,0.0,0.0
D_leave_one_positive_component_out,B_donor__MLP__M5__imp271709__seed123,B|MLP|M5|271709,123,p_at_5pct,6,6,0.0,0.0
D_leave_one_positive_component_out,B_donor__MLP__M5__imp271709__seed123,B|MLP|M5|271709,123,r_at_10fpr,6,6,0.0,0.0
D_leave_one_positive_component_out,B_donor__MLP__M5__imp271709__seed123,B|MLP|M5|271709,123,hits_at_budget,6,6,0.0,0.0
D_leave_one_positive_component_out,B_donor__MLP__M5__imp271709__seed456,B|MLP|M5|271709,456,roc_auc,6,6,0.5476331946920182,0.6337888690829867
D_leave_one_positive_component_out,B_donor__MLP__M5__imp271709__seed456,B|MLP|M5|271709,456,ap,6,6,0.0008406173483756983,0.0012184736093727646
D_leave_one_positive_component_out,B_donor__MLP__M5__imp271709__seed456,B|MLP|M5|271709,456,f1_val_threshold,6,6,0.0,0.0
D_leave_one_positive_component_out,B_donor__MLP__M5__imp271709__seed456,B|MLP|M5|271709,456,p_at_5pct,6,6,0.0,0.0
D_leave_one_positive_component_out,B_donor__MLP__M5__imp271709__seed456,B|MLP|M5|271709,456,r_at_10fpr,6,6,0.0,0.0
D_leave_one_positive_component_out,B_donor__MLP__M5__imp271709__seed456,B|MLP|M5|271709,456,hits_at_budget,6,6,0.0,0.0
D_leave_one_positive_component_out,B_donor__MLP__M5__imp271709__seed789,B|MLP|M5|271709,789,roc_auc,6,6,0.580273321449792,0.6954248366013072
D_leave_one_positive_component_out,B_donor__MLP__M5__imp271709__seed789,B|MLP|M5|271709,789,ap,6,6,0.0008301002929362739,0.001406114811936161
D_leave_one_positive_component_out,B_donor__MLP__M5__imp271709__seed789,B|MLP|M5|271709,789,f1_val_threshold,6,6,0.0,0.0032414910858995136
D_leave_one_positive_component_out,B_donor__MLP__M5__imp271709__seed789,B|MLP|M5|271709,789,p_at_5pct,6,6,0.0,0.0
D_leave_one_positive_component_out,B_donor__MLP__M5__imp271709__seed789,B|MLP|M5|271709,789,r_at_10fpr,6,6,0.0,0.16666666666666666
D_leave_one_positive_component_out,B_donor__MLP__M5__imp271709__seed789,B|MLP|M5|271709,789,hits_at_budget,6,6,0.0,0.0
D_leave_one_positive_component_out,B_donor__MLP__M5__imp271709__seed1024,B|MLP|M5|271709,1024,roc_auc,6,6,0.6110754604872253,0.6745494157258863
D_leave_one_positive_component_out,B_donor__MLP__M5__imp271709__seed1024,B|MLP|M5|271709,1024,ap,6,6,0.0008618354197443948,0.0012341428351777877
D_leave_one_positive_component_out,B_donor__MLP__M5__imp271709__seed1024,B|MLP|M5|271709,1024,f1_val_threshold,6,6,0.0,0.0
D_leave_one_positive_component_out,B_donor__MLP__M5__imp271709__seed1024,B|MLP|M5|271709,1024,p_at_5pct,6,6,0.0,0.0
D_leave_one_positive_component_out,B_donor__MLP__M5__imp271709__seed1024,B|MLP|M5|271709,1024,r_at_10fpr,6,6,0.0,0.0
D_leave_one_positive_component_out,B_donor__MLP__M5__imp271709__seed1024,B|MLP|M5|271709,1024,hits_at_budget,6,6,0.0,0.0
D_leave_one_positive_component_out,B_donor__MLP__M11__imp271709__seed42,B|MLP|M11|271709,42,roc_auc,6,6,0.6220439691027926,0.6909883145177262
D_leave_one_positive_component_out,B_donor__MLP__M11__imp271709__seed42,B|MLP|M11|271709,42,ap,6,6,0.0009902904602897768,0.0013815766252457682
D_leave_one_positive_component_out,B_donor__MLP__M11__imp271709__seed42,B|MLP|M11|271709,42,f1_val_threshold,6,6,0.0,0.0
D_leave_one_positive_component_out,B_donor__MLP__M11__imp271709__seed42,B|MLP|M11|271709,42,p_at_5pct,6,6,0.0,0.0
D_leave_one_positive_component_out,B_donor__MLP__M11__imp271709__seed42,B|MLP|M11|271709,42,r_at_10fpr,6,6,0.0,0.0
D_leave_one_positive_component_out,B_donor__MLP__M11__imp271709__seed42,B|MLP|M11|271709,42,hits_at_budget,6,6,0.0,0.0
D_leave_one_positive_component_out,B_donor__MLP__M11__imp271709__seed123,B|MLP|M11|271709,123,roc_auc,6,6,0.5899584076054665,0.6655575361457714
D_leave_one_positive_component_out,B_donor__MLP__M11__imp271709__seed123,B|MLP|M11|271709,123,ap,6,6,0.0009325875846382159,0.0012234948537393673
D_leave_one_positive_component_out,B_donor__MLP__M11__imp271709__seed123,B|MLP|M11|271709,123,f1_val_threshold,6,6,0.0,0.0
D_leave_one_positive_component_out,B_donor__MLP__M11__imp271709__seed123,B|MLP|M11|271709,123,p_at_5pct,6,6,0.0,0.0
D_leave_one_positive_component_out,B_donor__MLP__M11__imp271709__seed123,B|MLP|M11|271709,123,r_at_10fpr,6,6,0.0,0.0
D_leave_one_positive_component_out,B_donor__MLP__M11__imp271709__seed123,B|MLP|M11|271709,123,hits_at_budget,6,6,0.0,0.0
D_leave_one_positive_component_out,B_donor__MLP__M11__imp271709__seed456,B|MLP|M11|271709,456,roc_auc,6,6,0.6113289760348584,0.6716181422063775
D_leave_one_positive_component_out,B_donor__MLP__M11__imp271709__seed456,B|MLP|M11|271709,456,ap,6,6,0.0010092584624690174,0.001291237245172079
D_leave_one_positive_component_out,B_donor__MLP__M11__imp271709__seed456,B|MLP|M11|271709,456,f1_val_threshold,6,6,0.0,0.0
D_leave_one_positive_component_out,B_donor__MLP__M11__imp271709__seed456,B|MLP|M11|271709,456,p_at_5pct,6,6,0.0,0.0
D_leave_one_positive_component_out,B_donor__MLP__M11__imp271709__seed456,B|MLP|M11|271709,456,r_at_10fpr,6,6,0.0,0.2
D_leave_one_positive_component_out,B_donor__MLP__M11__imp271709__seed456,B|MLP|M11|271709,456,hits_at_budget,6,6,0.0,0.0
D_leave_one_positive_component_out,B_donor__MLP__M11__imp271709__seed789,B|MLP|M11|271709,789,roc_auc,6,6,0.6190532778768072,0.6844127550009903
D_leave_one_positive_component_out,B_donor__MLP__M11__imp271709__seed789,B|MLP|M11|271709,789,ap,6,6,0.0009127863569524188,0.0012663320560589767
D_leave_one_positive_component_out,B_donor__MLP__M11__imp271709__seed789,B|MLP|M11|271709,789,f1_val_threshold,6,6,0.0,0.0
D_leave_one_positive_component_out,B_donor__MLP__M11__imp271709__seed789,B|MLP|M11|271709,789,p_at_5pct,6,6,0.0,0.0
D_leave_one_positive_component_out,B_donor__MLP__M11__imp271709__seed789,B|MLP|M11|271709,789,r_at_10fpr,6,6,0.0,0.0
D_leave_one_positive_component_out,B_donor__MLP__M11__imp271709__seed789,B|MLP|M11|271709,789,hits_at_budget,6,6,0.0,0.0
D_leave_one_positive_component_out,B_donor__MLP__M11__imp271709__seed1024,B|MLP|M11|271709,1024,roc_auc,6,6,0.6593384828678946,0.7245395127748069
D_leave_one_positive_component_out,B_donor__MLP__M11__imp271709__seed1024,B|MLP|M11|271709,1024,ap,6,6,0.0010238128254088825,0.0014539390496031966
D_leave_one_positive_component_out,B_donor__MLP__M11__imp271709__seed1024,B|MLP|M11|271709,1024,f1_val_threshold,6,6,0.0,0.0
D_leave_one_positive_component_out,B_donor__MLP__M11__imp271709__seed1024,B|MLP|M11|271709,1024,p_at_5pct,6,6,0.0,0.0
D_leave_one_positive_component_out,B_donor__MLP__M11__imp271709__seed1024,B|MLP|M11|271709,1024,r_at_10fpr,6,6,0.0,0.0
D_leave_one_positive_component_out,B_donor__MLP__M11__imp271709__seed1024,B|MLP|M11|271709,1024,hits_at_budget,6,6,0.0,0.0
D_leave_one_positive_component_out,B_donor__RandomForest_unweighted__M5__imp271709__seed42,B|RandomForest_unweighted|M5|271709,42,roc_auc,6,6,0.6248663101604278,0.716181422063775
D_leave_one_positive_component_out,B_donor__RandomForest_unweighted__M5__imp271709__seed42,B|RandomForest_unweighted|M5|271709,42,ap,6,6,0.0010779753936466057,0.001574382422112829
D_leave_one_positive_component_out,B_donor__RandomForest_unweighted__M5__imp271709__seed42,B|RandomForest_unweighted|M5|271709,42,f1_val_threshold,6,6,0.0,0.0
D_leave_one_positive_component_out,B_donor__RandomForest_unweighted__M5__imp271709__seed42,B|RandomForest_unweighted|M5|271709,42,p_at_5pct,6,6,0.0,0.0
D_leave_one_positive_component_out,B_donor__RandomForest_unweighted__M5__imp271709__seed42,B|RandomForest_unweighted|M5|271709,42,r_at_10fpr,6,6,0.0,0.2
D_leave_one_positive_component_out,B_donor__RandomForest_unweighted__M5__imp271709__seed42,B|RandomForest_unweighted|M5|271709,42,hits_at_budget,6,6,0.0,0.0
D_leave_one_positive_component_out,B_donor__RandomForest_unweighted__M5__imp271709__seed123,B|RandomForest_unweighted|M5|271709,123,roc_auc,6,6,0.6232818379877203,0.7177956030897208
D_leave_one_positive_component_out,B_donor__RandomForest_unweighted__M5__imp271709__seed123,B|RandomForest_unweighted|M5|271709,123,ap,6,6,0.0009716402065371281,0.0016871622546079529
D_leave_one_positive_component_out,B_donor__RandomForest_unweighted__M5__imp271709__seed123,B|RandomForest_unweighted|M5|271709,123,f1_val_threshold,6,6,0.0,0.006042296072507553
D_leave_one_positive_component_out,B_donor__RandomForest_unweighted__M5__imp271709__seed123,B|RandomForest_unweighted|M5|271709,123,p_at_5pct,6,6,0.0,0.0023752969121140144
D_leave_one_positive_component_out,B_donor__RandomForest_unweighted__M5__imp271709__seed123,B|RandomForest_unweighted|M5|271709,123,r_at_10fpr,6,6,0.0,0.2
D_leave_one_positive_component_out,B_donor__RandomForest_unweighted__M5__imp271709__seed123,B|RandomForest_unweighted|M5|271709,123,hits_at_budget,6,6,0.0,1.0
D_leave_one_positive_component_out,B_donor__RandomForest_unweighted__M5__imp271709__seed456,B|RandomForest_unweighted|M5|271709,456,roc_auc,6,6,0.6969399881164586,0.7730540701128936
D_leave_one_positive_component_out,B_donor__RandomForest_unweighted__M5__imp271709__seed456,B|RandomForest_unweighted|M5|271709,456,ap,6,6,0.0012481947199335305,0.002045952947834168
D_leave_one_positive_component_out,B_donor__RandomForest_unweighted__M5__imp271709__seed456,B|RandomForest_unweighted|M5|271709,456,f1_val_threshold,6,6,0.0,0.005037783375314861
D_leave_one_positive_component_out,B_donor__RandomForest_unweighted__M5__imp271709__seed456,B|RandomForest_unweighted|M5|271709,456,p_at_5pct,6,6,0.0,0.0023752969121140144
D_leave_one_positive_component_out,B_donor__RandomForest_unweighted__M5__imp271709__seed456,B|RandomForest_unweighted|M5|271709,456,r_at_10fpr,6,6,0.0,0.2
D_leave_one_positive_component_out,B_donor__RandomForest_unweighted__M5__imp271709__seed456,B|RandomForest_unweighted|M5|271709,456,hits_at_budget,6,6,0.0,1.0
D_leave_one_positive_component_out,B_donor__RandomForest_unweighted__M5__imp271709__seed789,B|RandomForest_unweighted|M5|271709,789,roc_auc,6,6,0.56815210932858,0.7005644682115271
D_leave_one_positive_component_out,B_donor__RandomForest_unweighted__M5__imp271709__seed789,B|RandomForest_unweighted|M5|271709,789,ap,6,6,0.0009273038878174959,0.0015741712500813626
D_leave_one_positive_component_out,B_donor__RandomForest_unweighted__M5__imp271709__seed789,B|RandomForest_unweighted|M5|271709,789,f1_val_threshold,6,6,0.0,0.0
D_leave_one_positive_component_out,B_donor__RandomForest_unweighted__M5__imp271709__seed789,B|RandomForest_unweighted|M5|271709,789,p_at_5pct,6,6,0.0,0.0023752969121140144
D_leave_one_positive_component_out,B_donor__RandomForest_unweighted__M5__imp271709__seed789,B|RandomForest_unweighted|M5|271709,789,r_at_10fpr,6,6,0.0,0.2
D_leave_one_positive_component_out,B_donor__RandomForest_unweighted__M5__imp271709__seed789,B|RandomForest_unweighted|M5|271709,789,hits_at_budget,6,6,0.0,1.0
D_leave_one_positive_component_out,B_donor__RandomForest_unweighted__M5__imp271709__seed1024,B|RandomForest_unweighted|M5|271709,1024,roc_auc,6,6,0.5887403446226975,0.7214795008912656
D_leave_one_positive_component_out,B_donor__RandomForest_unweighted__M5__imp271709__seed1024,B|RandomForest_unweighted|M5|271709,1024,ap,6,6,0.0010420229531476388,0.001757794989273021
D_leave_one_positive_component_out,B_donor__RandomForest_unweighted__M5__imp271709__seed1024,B|RandomForest_unweighted|M5|271709,1024,f1_val_threshold,6,6,0.0,0.0
D_leave_one_positive_component_out,B_donor__RandomForest_unweighted__M5__imp271709__seed1024,B|RandomForest_unweighted|M5|271709,1024,p_at_5pct,6,6,0.0,0.0023752969121140144
D_leave_one_positive_component_out,B_donor__RandomForest_unweighted__M5__imp271709__seed1024,B|RandomForest_unweighted|M5|271709,1024,r_at_10fpr,6,6,0.0,0.2
D_leave_one_positive_component_out,B_donor__RandomForest_unweighted__M5__imp271709__seed1024,B|RandomForest_unweighted|M5|271709,1024,hits_at_budget,6,6,0.0,1.0
D_leave_one_positive_component_out,B_donor__RandomForest_unweighted__M11__imp271709__seed42,B|RandomForest_unweighted|M11|271709,42,roc_auc,6,6,0.6920974450386215,0.7543077837195484
D_leave_one_positive_component_out,B_donor__RandomForest_unweighted__M11__imp271709__seed42,B|RandomForest_unweighted|M11|271709,42,ap,6,6,0.0014882332040384947,0.0017770918478535373
D_leave_one_positive_component_out,B_donor__RandomForest_unweighted__M11__imp271709__seed42,B|RandomForest_unweighted|M11|271709,42,f1_val_threshold,6,6,0.0,0.0
D_leave_one_positive_component_out,B_donor__RandomForest_unweighted__M11__imp271709__seed42,B|RandomForest_unweighted|M11|271709,42,p_at_5pct,6,6,0.0,0.0
D_leave_one_positive_component_out,B_donor__RandomForest_unweighted__M11__imp271709__seed42,B|RandomForest_unweighted|M11|271709,42,r_at_10fpr,6,6,0.0,0.2
D_leave_one_positive_component_out,B_donor__RandomForest_unweighted__M11__imp271709__seed42,B|RandomForest_unweighted|M11|271709,42,hits_at_budget,6,6,0.0,0.0
D_leave_one_positive_component_out,B_donor__RandomForest_unweighted__M11__imp271709__seed123,B|RandomForest_unweighted|M11|271709,123,roc_auc,6,6,0.6232521291344821,0.7050623885918004
D_leave_one_positive_component_out,B_donor__RandomForest_unweighted__M11__imp271709__seed123,B|RandomForest_unweighted|M11|271709,123,ap,6,6,0.0010176627821120202,0.0012823480876968916
D_leave_one_positive_component_out,B_donor__RandomForest_unweighted__M11__imp271709__seed123,B|RandomForest_unweighted|M11|271709,123,f1_val_threshold,6,6,0.0,0.0
D_leave_one_positive_component_out,B_donor__RandomForest_unweighted__M11__imp271709__seed123,B|RandomForest_unweighted|M11|271709,123,p_at_5pct,6,6,0.0,0.0
D_leave_one_positive_component_out,B_donor__RandomForest_unweighted__M11__imp271709__seed123,B|RandomForest_unweighted|M11|271709,123,r_at_10fpr,6,6,0.0,0.2
D_leave_one_positive_component_out,B_donor__RandomForest_unweighted__M11__imp271709__seed123,B|RandomForest_unweighted|M11|271709,123,hits_at_budget,6,6,0.0,0.0
D_leave_one_positive_component_out,B_donor__RandomForest_unweighted__M11__imp271709__seed456,B|RandomForest_unweighted|M11|271709,456,roc_auc,6,6,0.7004159239453358,0.7851752822341058
D_leave_one_positive_component_out,B_donor__RandomForest_unweighted__M11__imp271709__seed456,B|RandomForest_unweighted|M11|271709,456,ap,6,6,0.0012836957688411657,0.001779188178588333
D_leave_one_positive_component_out,B_donor__RandomForest_unweighted__M11__imp271709__seed456,B|RandomForest_unweighted|M11|271709,456,f1_val_threshold,6,6,0.0,0.0
D_leave_one_positive_component_out,B_donor__RandomForest_unweighted__M11__imp271709__seed456,B|RandomForest_unweighted|M11|271709,456,p_at_5pct,6,6,0.0,0.0
D_leave_one_positive_component_out,B_donor__RandomForest_unweighted__M11__imp271709__seed456,B|RandomForest_unweighted|M11|271709,456,r_at_10fpr,6,6,0.0,0.2
D_leave_one_positive_component_out,B_donor__RandomForest_unweighted__M11__imp271709__seed456,B|RandomForest_unweighted|M11|271709,456,hits_at_budget,6,6,0.0,0.0
D_leave_one_positive_component_out,B_donor__RandomForest_unweighted__M11__imp271709__seed789,B|RandomForest_unweighted|M11|271709,789,roc_auc,6,6,0.7300653594771243,0.7774212715389186
D_leave_one_positive_component_out,B_donor__RandomForest_unweighted__M11__imp271709__seed789,B|RandomForest_unweighted|M11|271709,789,ap,6,6,0.0014555917430282333,0.0018430319175406972
D_leave_one_positive_component_out,B_donor__RandomForest_unweighted__M11__imp271709__seed789,B|RandomForest_unweighted|M11|271709,789,f1_val_threshold,6,6,0.0,0.0
D_leave_one_positive_component_out,B_donor__RandomForest_unweighted__M11__imp271709__seed789,B|RandomForest_unweighted|M11|271709,789,p_at_5pct,6,6,0.0,0.0
D_leave_one_positive_component_out,B_donor__RandomForest_unweighted__M11__imp271709__seed789,B|RandomForest_unweighted|M11|271709,789,r_at_10fpr,6,6,0.0,0.2
D_leave_one_positive_component_out,B_donor__RandomForest_unweighted__M11__imp271709__seed789,B|RandomForest_unweighted|M11|271709,789,hits_at_budget,6,6,0.0,0.0
D_leave_one_positive_component_out,B_donor__RandomForest_unweighted__M11__imp271709__seed1024,B|RandomForest_unweighted|M11|271709,1024,roc_auc,6,6,0.6657853040205981,0.7343434343434343
D_leave_one_positive_component_out,B_donor__RandomForest_unweighted__M11__imp271709__seed1024,B|RandomForest_unweighted|M11|271709,1024,ap,6,6,0.0011528815022847402,0.0016229474069534948
D_leave_one_positive_component_out,B_donor__RandomForest_unweighted__M11__imp271709__seed1024,B|RandomForest_unweighted|M11|271709,1024,f1_val_threshold,6,6,0.0,0.0
D_leave_one_positive_component_out,B_donor__RandomForest_unweighted__M11__imp271709__seed1024,B|RandomForest_unweighted|M11|271709,1024,p_at_5pct,6,6,0.0,0.0
D_leave_one_positive_component_out,B_donor__RandomForest_unweighted__M11__imp271709__seed1024,B|RandomForest_unweighted|M11|271709,1024,r_at_10fpr,6,6,0.0,0.2
D_leave_one_positive_component_out,B_donor__RandomForest_unweighted__M11__imp271709__seed1024,B|RandomForest_unweighted|M11|271709,1024,hits_at_budget,6,6,0.0,0.0
D_leave_one_positive_component_out,B0_dropFIN87__MLP__M5_no_FIN87__seed42,B0|MLP|M5_no_FIN87,42,roc_auc,6,6,0.38380867498514554,0.5293285799168153
D_leave_one_positive_component_out,B0_dropFIN87__MLP__M5_no_FIN87__seed42,B0|MLP|M5_no_FIN87,42,ap,6,6,0.0006122822659920206,0.0007167469188157751
D_leave_one_positive_component_out,B0_dropFIN87__MLP__M5_no_FIN87__seed42,B0|MLP|M5_no_FIN87,42,f1_val_threshold,6,6,0.0,0.0
D_leave_one_positive_component_out,B0_dropFIN87__MLP__M5_no_FIN87__seed42,B0|MLP|M5_no_FIN87,42,p_at_5pct,6,6,0.0,0.0
D_leave_one_positive_component_out,B0_dropFIN87__MLP__M5_no_FIN87__seed42,B0|MLP|M5_no_FIN87,42,r_at_10fpr,6,6,0.0,0.0
D_leave_one_positive_component_out,B0_dropFIN87__MLP__M5_no_FIN87__seed42,B0|MLP|M5_no_FIN87,42,hits_at_budget,6,6,0.0,0.0
D_leave_one_positive_component_out,B0_dropFIN87__MLP__M5_no_FIN87__seed123,B0|MLP|M5_no_FIN87,123,roc_auc,6,6,0.4644385026737967,0.6573618538324421
D_leave_one_positive_component_out,B0_dropFIN87__MLP__M5_no_FIN87__seed123,B0|MLP|M5_no_FIN87,123,ap,6,6,0.0008682353518880304,0.0014226231271363956
D_leave_one_positive_component_out,B0_dropFIN87__MLP__M5_no_FIN87__seed123,B0|MLP|M5_no_FIN87,123,f1_val_threshold,6,6,0.002028397565922921,0.0030425963488843813
D_leave_one_positive_component_out,B0_dropFIN87__MLP__M5_no_FIN87__seed123,B0|MLP|M5_no_FIN87,123,p_at_5pct,6,6,0.0,0.0
D_leave_one_positive_component_out,B0_dropFIN87__MLP__M5_no_FIN87__seed123,B0|MLP|M5_no_FIN87,123,r_at_10fpr,6,6,0.0,0.2
D_leave_one_positive_component_out,B0_dropFIN87__MLP__M5_no_FIN87__seed123,B0|MLP|M5_no_FIN87,123,hits_at_budget,6,6,0.0,0.0
D_leave_one_positive_component_out,B0_dropFIN87__MLP__M5_no_FIN87__seed456,B0|MLP|M5_no_FIN87,456,roc_auc,6,6,0.29430778371954847,0.4510992275698158
D_leave_one_positive_component_out,B0_dropFIN87__MLP__M5_no_FIN87__seed456,B0|MLP|M5_no_FIN87,456,ap,6,6,0.000451494709806698,0.0007118453817801265
D_leave_one_positive_component_out,B0_dropFIN87__MLP__M5_no_FIN87__seed456,B0|MLP|M5_no_FIN87,456,f1_val_threshold,6,6,0.0,0.0
D_leave_one_positive_component_out,B0_dropFIN87__MLP__M5_no_FIN87__seed456,B0|MLP|M5_no_FIN87,456,p_at_5pct,6,6,0.0,0.0
D_leave_one_positive_component_out,B0_dropFIN87__MLP__M5_no_FIN87__seed456,B0|MLP|M5_no_FIN87,456,r_at_10fpr,6,6,0.0,0.0
D_leave_one_positive_component_out,B0_dropFIN87__MLP__M5_no_FIN87__seed456,B0|MLP|M5_no_FIN87,456,hits_at_budget,6,6,0.0,0.0
D_leave_one_positive_component_out,B0_dropFIN87__MLP__M5_no_FIN87__seed789,B0|MLP|M5_no_FIN87,789,roc_auc,6,6,0.5283719548425431,0.6590255496137848
D_leave_one_positive_component_out,B0_dropFIN87__MLP__M5_no_FIN87__seed789,B0|MLP|M5_no_FIN87,789,ap,6,6,0.0008754949509743788,0.003100599533033964
D_leave_one_positive_component_out,B0_dropFIN87__MLP__M5_no_FIN87__seed789,B0|MLP|M5_no_FIN87,789,f1_val_threshold,6,6,0.0,0.0
D_leave_one_positive_component_out,B0_dropFIN87__MLP__M5_no_FIN87__seed789,B0|MLP|M5_no_FIN87,789,p_at_5pct,6,6,0.0,0.0023752969121140144
D_leave_one_positive_component_out,B0_dropFIN87__MLP__M5_no_FIN87__seed789,B0|MLP|M5_no_FIN87,789,r_at_10fpr,6,6,0.0,0.2
D_leave_one_positive_component_out,B0_dropFIN87__MLP__M5_no_FIN87__seed789,B0|MLP|M5_no_FIN87,789,hits_at_budget,6,6,0.0,1.0
D_leave_one_positive_component_out,B0_dropFIN87__MLP__M5_no_FIN87__seed1024,B0|MLP|M5_no_FIN87,1024,roc_auc,6,6,0.364161220043573,0.5042483660130719
D_leave_one_positive_component_out,B0_dropFIN87__MLP__M5_no_FIN87__seed1024,B0|MLP|M5_no_FIN87,1024,ap,6,6,0.000600651756781329,0.0008072941868390569
D_leave_one_positive_component_out,B0_dropFIN87__MLP__M5_no_FIN87__seed1024,B0|MLP|M5_no_FIN87,1024,f1_val_threshold,6,6,0.0007283321194464676,0.0014566642388929353
D_leave_one_positive_component_out,B0_dropFIN87__MLP__M5_no_FIN87__seed1024,B0|MLP|M5_no_FIN87,1024,p_at_5pct,6,6,0.0,0.0
D_leave_one_positive_component_out,B0_dropFIN87__MLP__M5_no_FIN87__seed1024,B0|MLP|M5_no_FIN87,1024,r_at_10fpr,6,6,0.0,0.0
D_leave_one_positive_component_out,B0_dropFIN87__MLP__M5_no_FIN87__seed1024,B0|MLP|M5_no_FIN87,1024,hits_at_budget,6,6,0.0,0.0
D_leave_one_positive_component_out,B0_dropFIN87__MLP__M11_no_FIN87__seed42,B0|MLP|M11_no_FIN87,42,roc_auc,6,6,0.5143790849673202,0.7027213309566251
D_leave_one_positive_component_out,B0_dropFIN87__MLP__M11_no_FIN87__seed42,B0|MLP|M11_no_FIN87,42,ap,6,6,0.000843712620203941,0.0011430876534659887
D_leave_one_positive_component_out,B0_dropFIN87__MLP__M11_no_FIN87__seed42,B0|MLP|M11_no_FIN87,42,f1_val_threshold,6,6,0.0,0.0
D_leave_one_positive_component_out,B0_dropFIN87__MLP__M11_no_FIN87__seed42,B0|MLP|M11_no_FIN87,42,p_at_5pct,6,6,0.0,0.0
D_leave_one_positive_component_out,B0_dropFIN87__MLP__M11_no_FIN87__seed42,B0|MLP|M11_no_FIN87,42,r_at_10fpr,6,6,0.0,0.0
D_leave_one_positive_component_out,B0_dropFIN87__MLP__M11_no_FIN87__seed42,B0|MLP|M11_no_FIN87,42,hits_at_budget,6,6,0.0,0.0
D_leave_one_positive_component_out,B0_dropFIN87__MLP__M11_no_FIN87__seed123,B0|MLP|M11_no_FIN87,123,roc_auc,6,6,0.4785700138641315,0.6260724896019013
D_leave_one_positive_component_out,B0_dropFIN87__MLP__M11_no_FIN87__seed123,B0|MLP|M11_no_FIN87,123,ap,6,6,0.0007529140616395341,0.0011905703200590745
D_leave_one_positive_component_out,B0_dropFIN87__MLP__M11_no_FIN87__seed123,B0|MLP|M11_no_FIN87,123,f1_val_threshold,6,6,0.0,0.0
D_leave_one_positive_component_out,B0_dropFIN87__MLP__M11_no_FIN87__seed123,B0|MLP|M11_no_FIN87,123,p_at_5pct,6,6,0.0,0.0
D_leave_one_positive_component_out,B0_dropFIN87__MLP__M11_no_FIN87__seed123,B0|MLP|M11_no_FIN87,123,r_at_10fpr,6,6,0.0,0.2
D_leave_one_positive_component_out,B0_dropFIN87__MLP__M11_no_FIN87__seed123,B0|MLP|M11_no_FIN87,123,hits_at_budget,6,6,0.0,0.0
D_leave_one_positive_component_out,B0_dropFIN87__MLP__M11_no_FIN87__seed456,B0|MLP|M11_no_FIN87,456,roc_auc,6,6,0.5003466032877797,0.6656922162804515
D_leave_one_positive_component_out,B0_dropFIN87__MLP__M11_no_FIN87__seed456,B0|MLP|M11_no_FIN87,456,ap,6,6,0.00088726904011515,0.0013244276488424513
D_leave_one_positive_component_out,B0_dropFIN87__MLP__M11_no_FIN87__seed456,B0|MLP|M11_no_FIN87,456,f1_val_threshold,6,6,0.0,0.0
D_leave_one_positive_component_out,B0_dropFIN87__MLP__M11_no_FIN87__seed456,B0|MLP|M11_no_FIN87,456,p_at_5pct,6,6,0.0,0.0
D_leave_one_positive_component_out,B0_dropFIN87__MLP__M11_no_FIN87__seed456,B0|MLP|M11_no_FIN87,456,r_at_10fpr,6,6,0.0,0.0
D_leave_one_positive_component_out,B0_dropFIN87__MLP__M11_no_FIN87__seed456,B0|MLP|M11_no_FIN87,456,hits_at_budget,6,6,0.0,0.0
D_leave_one_positive_component_out,B0_dropFIN87__MLP__M11_no_FIN87__seed789,B0|MLP|M11_no_FIN87,789,roc_auc,6,6,0.5307387601505249,0.6754406813230343
D_leave_one_positive_component_out,B0_dropFIN87__MLP__M11_no_FIN87__seed789,B0|MLP|M11_no_FIN87,789,ap,6,6,0.0009355601847527966,0.0013693751154054763
D_leave_one_positive_component_out,B0_dropFIN87__MLP__M11_no_FIN87__seed789,B0|MLP|M11_no_FIN87,789,f1_val_threshold,6,6,0.0,0.0
D_leave_one_positive_component_out,B0_dropFIN87__MLP__M11_no_FIN87__seed789,B0|MLP|M11_no_FIN87,789,p_at_5pct,6,6,0.0,0.0
D_leave_one_positive_component_out,B0_dropFIN87__MLP__M11_no_FIN87__seed789,B0|MLP|M11_no_FIN87,789,r_at_10fpr,6,6,0.0,0.2
D_leave_one_positive_component_out,B0_dropFIN87__MLP__M11_no_FIN87__seed789,B0|MLP|M11_no_FIN87,789,hits_at_budget,6,6,0.0,0.0
D_leave_one_positive_component_out,B0_dropFIN87__MLP__M11_no_FIN87__seed1024,B0|MLP|M11_no_FIN87,1024,roc_auc,6,6,0.4820162408397703,0.6334878193701723
D_leave_one_positive_component_out,B0_dropFIN87__MLP__M11_no_FIN87__seed1024,B0|MLP|M11_no_FIN87,1024,ap,6,6,0.0007576415201978505,0.0009180905864685496
D_leave_one_positive_component_out,B0_dropFIN87__MLP__M11_no_FIN87__seed1024,B0|MLP|M11_no_FIN87,1024,f1_val_threshold,6,6,0.0,0.0
D_leave_one_positive_component_out,B0_dropFIN87__MLP__M11_no_FIN87__seed1024,B0|MLP|M11_no_FIN87,1024,p_at_5pct,6,6,0.0,0.0
D_leave_one_positive_component_out,B0_dropFIN87__MLP__M11_no_FIN87__seed1024,B0|MLP|M11_no_FIN87,1024,r_at_10fpr,6,6,0.0,0.0
D_leave_one_positive_component_out,B0_dropFIN87__MLP__M11_no_FIN87__seed1024,B0|MLP|M11_no_FIN87,1024,hits_at_budget,6,6,0.0,0.0
D_leave_one_positive_component_out,B0_dropFIN87__RandomForest_unweighted__M5_no_FIN87__seed42,B0|RandomForest_unweighted|M5_no_FIN87,42,roc_auc,6,6,0.4650722915428797,0.6059417706476531
D_leave_one_positive_component_out,B0_dropFIN87__RandomForest_unweighted__M5_no_FIN87__seed42,B0|RandomForest_unweighted|M5_no_FIN87,42,ap,6,6,0.0007179390166969332,0.0013044673451831014
D_leave_one_positive_component_out,B0_dropFIN87__RandomForest_unweighted__M5_no_FIN87__seed42,B0|RandomForest_unweighted|M5_no_FIN87,42,f1_val_threshold,6,6,0.0,0.0016299918500407497
D_leave_one_positive_component_out,B0_dropFIN87__RandomForest_unweighted__M5_no_FIN87__seed42,B0|RandomForest_unweighted|M5_no_FIN87,42,p_at_5pct,6,6,0.0,0.0023752969121140144
D_leave_one_positive_component_out,B0_dropFIN87__RandomForest_unweighted__M5_no_FIN87__seed42,B0|RandomForest_unweighted|M5_no_FIN87,42,r_at_10fpr,6,6,0.0,0.2
D_leave_one_positive_component_out,B0_dropFIN87__RandomForest_unweighted__M5_no_FIN87__seed42,B0|RandomForest_unweighted|M5_no_FIN87,42,hits_at_budget,6,6,0.0,1.0
D_leave_one_positive_component_out,B0_dropFIN87__RandomForest_unweighted__M5_no_FIN87__seed123,B0|RandomForest_unweighted|M5_no_FIN87,123,roc_auc,6,6,0.46527035056446814,0.6073776985541691
D_leave_one_positive_component_out,B0_dropFIN87__RandomForest_unweighted__M5_no_FIN87__seed123,B0|RandomForest_unweighted|M5_no_FIN87,123,ap,6,6,0.0007159985599323676,0.0014176353356719006
D_leave_one_positive_component_out,B0_dropFIN87__RandomForest_unweighted__M5_no_FIN87__seed123,B0|RandomForest_unweighted|M5_no_FIN87,123,f1_val_threshold,6,6,0.0011869436201780415,0.001423994304022784
D_leave_one_positive_component_out,B0_dropFIN87__RandomForest_unweighted__M5_no_FIN87__seed123,B0|RandomForest_unweighted|M5_no_FIN87,123,p_at_5pct,6,6,0.0,0.0023752969121140144
D_leave_one_positive_component_out,B0_dropFIN87__RandomForest_unweighted__M5_no_FIN87__seed123,B0|RandomForest_unweighted|M5_no_FIN87,123,r_at_10fpr,6,6,0.0,0.2
D_leave_one_positive_component_out,B0_dropFIN87__RandomForest_unweighted__M5_no_FIN87__seed123,B0|RandomForest_unweighted|M5_no_FIN87,123,hits_at_budget,6,6,0.0,1.0
D_leave_one_positive_component_out,B0_dropFIN87__RandomForest_unweighted__M5_no_FIN87__seed456,B0|RandomForest_unweighted|M5_no_FIN87,456,roc_auc,6,6,0.4687363834422658,0.6081699346405228
D_leave_one_positive_component_out,B0_dropFIN87__RandomForest_unweighted__M5_no_FIN87__seed456,B0|RandomForest_unweighted|M5_no_FIN87,456,ap,6,6,0.0007197401846643378,0.0012401276428226603
D_leave_one_positive_component_out,B0_dropFIN87__RandomForest_unweighted__M5_no_FIN87__seed456,B0|RandomForest_unweighted|M5_no_FIN87,456,f1_val_threshold,6,6,0.0011869436201780415,0.001423994304022784
D_leave_one_positive_component_out,B0_dropFIN87__RandomForest_unweighted__M5_no_FIN87__seed456,B0|RandomForest_unweighted|M5_no_FIN87,456,p_at_5pct,6,6,0.0,0.0023752969121140144
D_leave_one_positive_component_out,B0_dropFIN87__RandomForest_unweighted__M5_no_FIN87__seed456,B0|RandomForest_unweighted|M5_no_FIN87,456,r_at_10fpr,6,6,0.0,0.2
D_leave_one_positive_component_out,B0_dropFIN87__RandomForest_unweighted__M5_no_FIN87__seed456,B0|RandomForest_unweighted|M5_no_FIN87,456,hits_at_budget,6,6,0.0,1.0
D_leave_one_positive_component_out,B0_dropFIN87__RandomForest_unweighted__M5_no_FIN87__seed789,B0|RandomForest_unweighted|M5_no_FIN87,789,roc_auc,6,6,0.4989998019409784,0.6359378094672213
D_leave_one_positive_component_out,B0_dropFIN87__RandomForest_unweighted__M5_no_FIN87__seed789,B0|RandomForest_unweighted|M5_no_FIN87,789,ap,6,6,0.000740538496332834,0.0011567373063311511
D_leave_one_positive_component_out,B0_dropFIN87__RandomForest_unweighted__M5_no_FIN87__seed789,B0|RandomForest_unweighted|M5_no_FIN87,789,f1_val_threshold,6,6,0.0012372409526755336,0.0018550007729169888
D_leave_one_positive_component_out,B0_dropFIN87__RandomForest_unweighted__M5_no_FIN87__seed789,B0|RandomForest_unweighted|M5_no_FIN87,789,p_at_5pct,6,6,0.0,0.0
D_leave_one_positive_component_out,B0_dropFIN87__RandomForest_unweighted__M5_no_FIN87__seed789,B0|RandomForest_unweighted|M5_no_FIN87,789,r_at_10fpr,6,6,0.0,0.2
D_leave_one_positive_component_out,B0_dropFIN87__RandomForest_unweighted__M5_no_FIN87__seed789,B0|RandomForest_unweighted|M5_no_FIN87,789,hits_at_budget,6,6,0.0,0.0
D_leave_one_positive_component_out,B0_dropFIN87__RandomForest_unweighted__M5_no_FIN87__seed1024,B0|RandomForest_unweighted|M5_no_FIN87,1024,roc_auc,6,6,0.4637651020003961,0.6014062190532778
D_leave_one_positive_component_out,B0_dropFIN87__RandomForest_unweighted__M5_no_FIN87__seed1024,B0|RandomForest_unweighted|M5_no_FIN87,1024,ap,6,6,0.0007160638741861024,0.0011137219470887382
D_leave_one_positive_component_out,B0_dropFIN87__RandomForest_unweighted__M5_no_FIN87__seed1024,B0|RandomForest_unweighted|M5_no_FIN87,1024,f1_val_threshold,6,6,0.0009282178217821782,0.0015463120457708365
D_leave_one_positive_component_out,B0_dropFIN87__RandomForest_unweighted__M5_no_FIN87__seed1024,B0|RandomForest_unweighted|M5_no_FIN87,1024,p_at_5pct,6,6,0.0,0.0
D_leave_one_positive_component_out,B0_dropFIN87__RandomForest_unweighted__M5_no_FIN87__seed1024,B0|RandomForest_unweighted|M5_no_FIN87,1024,r_at_10fpr,6,6,0.0,0.2
D_leave_one_positive_component_out,B0_dropFIN87__RandomForest_unweighted__M5_no_FIN87__seed1024,B0|RandomForest_unweighted|M5_no_FIN87,1024,hits_at_budget,6,6,0.0,0.0
D_leave_one_positive_component_out,B0_dropFIN87__RandomForest_unweighted__M11_no_FIN87__seed42,B0|RandomForest_unweighted|M11_no_FIN87,42,roc_auc,6,6,0.40714993067934246,0.6034105763517528
D_leave_one_positive_component_out,B0_dropFIN87__RandomForest_unweighted__M11_no_FIN87__seed42,B0|RandomForest_unweighted|M11_no_FIN87,42,ap,6,6,0.00068092102847642,0.0010239636660861213
D_leave_one_positive_component_out,B0_dropFIN87__RandomForest_unweighted__M11_no_FIN87__seed42,B0|RandomForest_unweighted|M11_no_FIN87,42,f1_val_threshold,6,6,0.0,0.0
D_leave_one_positive_component_out,B0_dropFIN87__RandomForest_unweighted__M11_no_FIN87__seed42,B0|RandomForest_unweighted|M11_no_FIN87,42,p_at_5pct,6,6,0.0,0.0
D_leave_one_positive_component_out,B0_dropFIN87__RandomForest_unweighted__M11_no_FIN87__seed42,B0|RandomForest_unweighted|M11_no_FIN87,42,r_at_10fpr,6,6,0.0,0.2
D_leave_one_positive_component_out,B0_dropFIN87__RandomForest_unweighted__M11_no_FIN87__seed42,B0|RandomForest_unweighted|M11_no_FIN87,42,hits_at_budget,6,6,0.0,0.0
D_leave_one_positive_component_out,B0_dropFIN87__RandomForest_unweighted__M11_no_FIN87__seed123,B0|RandomForest_unweighted|M11_no_FIN87,123,roc_auc,6,6,0.4706179441473559,0.6769459298871063
D_leave_one_positive_component_out,B0_dropFIN87__RandomForest_unweighted__M11_no_FIN87__seed123,B0|RandomForest_unweighted|M11_no_FIN87,123,ap,6,6,0.0008180484872567157,0.0013223726202118498
D_leave_one_positive_component_out,B0_dropFIN87__RandomForest_unweighted__M11_no_FIN87__seed123,B0|RandomForest_unweighted|M11_no_FIN87,123,f1_val_threshold,6,6,0.0,0.0
D_leave_one_positive_component_out,B0_dropFIN87__RandomForest_unweighted__M11_no_FIN87__seed123,B0|RandomForest_unweighted|M11_no_FIN87,123,p_at_5pct,6,6,0.0,0.0
D_leave_one_positive_component_out,B0_dropFIN87__RandomForest_unweighted__M11_no_FIN87__seed123,B0|RandomForest_unweighted|M11_no_FIN87,123,r_at_10fpr,6,6,0.0,0.2
D_leave_one_positive_component_out,B0_dropFIN87__RandomForest_unweighted__M11_no_FIN87__seed123,B0|RandomForest_unweighted|M11_no_FIN87,123,hits_at_budget,6,6,0.0,0.0
D_leave_one_positive_component_out,B0_dropFIN87__RandomForest_unweighted__M11_no_FIN87__seed456,B0|RandomForest_unweighted|M11_no_FIN87,456,roc_auc,6,6,0.47410378292731226,0.6370766488413547
D_leave_one_positive_component_out,B0_dropFIN87__RandomForest_unweighted__M11_no_FIN87__seed456,B0|RandomForest_unweighted|M11_no_FIN87,456,ap,6,6,0.0007014579001315942,0.0011002278759854704
D_leave_one_positive_component_out,B0_dropFIN87__RandomForest_unweighted__M11_no_FIN87__seed456,B0|RandomForest_unweighted|M11_no_FIN87,456,f1_val_threshold,6,6,0.0,0.0
D_leave_one_positive_component_out,B0_dropFIN87__RandomForest_unweighted__M11_no_FIN87__seed456,B0|RandomForest_unweighted|M11_no_FIN87,456,p_at_5pct,6,6,0.0,0.0
D_leave_one_positive_component_out,B0_dropFIN87__RandomForest_unweighted__M11_no_FIN87__seed456,B0|RandomForest_unweighted|M11_no_FIN87,456,r_at_10fpr,6,6,0.0,0.2
D_leave_one_positive_component_out,B0_dropFIN87__RandomForest_unweighted__M11_no_FIN87__seed456,B0|RandomForest_unweighted|M11_no_FIN87,456,hits_at_budget,6,6,0.0,0.0
D_leave_one_positive_component_out,B0_dropFIN87__RandomForest_unweighted__M11_no_FIN87__seed789,B0|RandomForest_unweighted|M11_no_FIN87,789,roc_auc,6,6,0.40512972865914043,0.594640522875817
D_leave_one_positive_component_out,B0_dropFIN87__RandomForest_unweighted__M11_no_FIN87__seed789,B0|RandomForest_unweighted|M11_no_FIN87,789,ap,6,6,0.0006683994489217985,0.0009263045773329798
D_leave_one_positive_component_out,B0_dropFIN87__RandomForest_unweighted__M11_no_FIN87__seed789,B0|RandomForest_unweighted|M11_no_FIN87,789,f1_val_threshold,6,6,0.0,0.0
D_leave_one_positive_component_out,B0_dropFIN87__RandomForest_unweighted__M11_no_FIN87__seed789,B0|RandomForest_unweighted|M11_no_FIN87,789,p_at_5pct,6,6,0.0,0.0
D_leave_one_positive_component_out,B0_dropFIN87__RandomForest_unweighted__M11_no_FIN87__seed789,B0|RandomForest_unweighted|M11_no_FIN87,789,r_at_10fpr,6,6,0.0,0.0
D_leave_one_positive_component_out,B0_dropFIN87__RandomForest_unweighted__M11_no_FIN87__seed789,B0|RandomForest_unweighted|M11_no_FIN87,789,hits_at_budget,6,6,0.0,0.0
D_leave_one_positive_component_out,B0_dropFIN87__RandomForest_unweighted__M11_no_FIN87__seed1024,B0|RandomForest_unweighted|M11_no_FIN87,1024,roc_auc,6,6,0.42829273123390765,0.6327035056446821
D_leave_one_positive_component_out,B0_dropFIN87__RandomForest_unweighted__M11_no_FIN87__seed1024,B0|RandomForest_unweighted|M11_no_FIN87,1024,ap,6,6,0.0007719965305192229,0.0012533975109160368
D_leave_one_positive_component_out,B0_dropFIN87__RandomForest_unweighted__M11_no_FIN87__seed1024,B0|RandomForest_unweighted|M11_no_FIN87,1024,f1_val_threshold,6,6,0.0,0.0
D_leave_one_positive_component_out,B0_dropFIN87__RandomForest_unweighted__M11_no_FIN87__seed1024,B0|RandomForest_unweighted|M11_no_FIN87,1024,p_at_5pct,6,6,0.0,0.0
D_leave_one_positive_component_out,B0_dropFIN87__RandomForest_unweighted__M11_no_FIN87__seed1024,B0|RandomForest_unweighted|M11_no_FIN87,1024,r_at_10fpr,6,6,0.0,0.2
D_leave_one_positive_component_out,B0_dropFIN87__RandomForest_unweighted__M11_no_FIN87__seed1024,B0|RandomForest_unweighted|M11_no_FIN87,1024,hits_at_budget,6,6,0.0,0.0
D_leave_one_positive_component_out,C_flags__RandomForest_unweighted__flags3__seed42,C|RandomForest_unweighted|flags3,42,roc_auc,6,6,0.705086155674391,0.8514161220043575
D_leave_one_positive_component_out,C_flags__RandomForest_unweighted__flags3__seed42,C|RandomForest_unweighted|flags3,42,ap,6,6,0.0017079722647110188,0.006712575874901795
D_leave_one_positive_component_out,C_flags__RandomForest_unweighted__flags3__seed42,C|RandomForest_unweighted|flags3,42,f1_val_threshold,6,6,0.007380073800738007,0.021897810218978103
D_leave_one_positive_component_out,C_flags__RandomForest_unweighted__flags3__seed42,C|RandomForest_unweighted|flags3,42,p_at_5pct,6,6,0.004750593824228029,0.009478672985781991
D_leave_one_positive_component_out,C_flags__RandomForest_unweighted__flags3__seed42,C|RandomForest_unweighted|flags3,42,r_at_10fpr,6,6,0.2,0.5
D_leave_one_positive_component_out,C_flags__RandomForest_unweighted__flags3__seed42,C|RandomForest_unweighted|flags3,42,hits_at_budget,6,6,2.0,4.0
D_leave_one_positive_component_out,C_flags__RandomForest_unweighted__flags3__seed123,C|RandomForest_unweighted|flags3,123,roc_auc,6,6,0.705086155674391,0.8514161220043575
D_leave_one_positive_component_out,C_flags__RandomForest_unweighted__flags3__seed123,C|RandomForest_unweighted|flags3,123,ap,6,6,0.0017079722647110188,0.006712575874901795
D_leave_one_positive_component_out,C_flags__RandomForest_unweighted__flags3__seed123,C|RandomForest_unweighted|flags3,123,f1_val_threshold,6,6,0.007380073800738007,0.021897810218978103
D_leave_one_positive_component_out,C_flags__RandomForest_unweighted__flags3__seed123,C|RandomForest_unweighted|flags3,123,p_at_5pct,6,6,0.004750593824228029,0.009478672985781991
D_leave_one_positive_component_out,C_flags__RandomForest_unweighted__flags3__seed123,C|RandomForest_unweighted|flags3,123,r_at_10fpr,6,6,0.2,0.5
D_leave_one_positive_component_out,C_flags__RandomForest_unweighted__flags3__seed123,C|RandomForest_unweighted|flags3,123,hits_at_budget,6,6,2.0,4.0
D_leave_one_positive_component_out,C_flags__RandomForest_unweighted__flags3__seed456,C|RandomForest_unweighted|flags3,456,roc_auc,6,6,0.705086155674391,0.8514161220043575
D_leave_one_positive_component_out,C_flags__RandomForest_unweighted__flags3__seed456,C|RandomForest_unweighted|flags3,456,ap,6,6,0.0017079722647110188,0.006712575874901795
D_leave_one_positive_component_out,C_flags__RandomForest_unweighted__flags3__seed456,C|RandomForest_unweighted|flags3,456,f1_val_threshold,6,6,0.007380073800738007,0.021897810218978103
D_leave_one_positive_component_out,C_flags__RandomForest_unweighted__flags3__seed456,C|RandomForest_unweighted|flags3,456,p_at_5pct,6,6,0.004750593824228029,0.009478672985781991
D_leave_one_positive_component_out,C_flags__RandomForest_unweighted__flags3__seed456,C|RandomForest_unweighted|flags3,456,r_at_10fpr,6,6,0.2,0.5
D_leave_one_positive_component_out,C_flags__RandomForest_unweighted__flags3__seed456,C|RandomForest_unweighted|flags3,456,hits_at_budget,6,6,2.0,4.0
D_leave_one_positive_component_out,C_flags__RandomForest_unweighted__flags3__seed789,C|RandomForest_unweighted|flags3,789,roc_auc,6,6,0.7051336898395723,0.8514557338086751
D_leave_one_positive_component_out,C_flags__RandomForest_unweighted__flags3__seed789,C|RandomForest_unweighted|flags3,789,ap,6,6,0.001708402799686604,0.0067131724100348514
D_leave_one_positive_component_out,C_flags__RandomForest_unweighted__flags3__seed789,C|RandomForest_unweighted|flags3,789,f1_val_threshold,6,6,0.007380073800738007,0.021897810218978103
D_leave_one_positive_component_out,C_flags__RandomForest_unweighted__flags3__seed789,C|RandomForest_unweighted|flags3,789,p_at_5pct,6,6,0.004750593824228029,0.009478672985781991
D_leave_one_positive_component_out,C_flags__RandomForest_unweighted__flags3__seed789,C|RandomForest_unweighted|flags3,789,r_at_10fpr,6,6,0.2,0.5
D_leave_one_positive_component_out,C_flags__RandomForest_unweighted__flags3__seed789,C|RandomForest_unweighted|flags3,789,hits_at_budget,6,6,2.0,4.0
D_leave_one_positive_component_out,C_flags__RandomForest_unweighted__flags3__seed1024,C|RandomForest_unweighted|flags3,1024,roc_auc,6,6,0.705086155674391,0.8514161220043575
D_leave_one_positive_component_out,C_flags__RandomForest_unweighted__flags3__seed1024,C|RandomForest_unweighted|flags3,1024,ap,6,6,0.0017079722647110188,0.006712575874901795
D_leave_one_positive_component_out,C_flags__RandomForest_unweighted__flags3__seed1024,C|RandomForest_unweighted|flags3,1024,f1_val_threshold,6,6,0.007380073800738007,0.021897810218978103
D_leave_one_positive_component_out,C_flags__RandomForest_unweighted__flags3__seed1024,C|RandomForest_unweighted|flags3,1024,p_at_5pct,6,6,0.004750593824228029,0.009478672985781991
D_leave_one_positive_component_out,C_flags__RandomForest_unweighted__flags3__seed1024,C|RandomForest_unweighted|flags3,1024,r_at_10fpr,6,6,0.2,0.5
D_leave_one_positive_component_out,C_flags__RandomForest_unweighted__flags3__seed1024,C|RandomForest_unweighted|flags3,1024,hits_at_budget,6,6,2.0,4.0
D_leave_one_positive_component_out,REF__V26_original_MLP_M11__42,V26|MLP|M11,42,roc_auc,6,6,0.6446623093681918,0.7191126955832838
D_leave_one_positive_component_out,REF__V26_original_MLP_M11__42,V26|MLP|M11,42,ap,6,6,0.0010421637966984668,0.0015135383715777285
D_leave_one_positive_component_out,REF__V26_original_MLP_M11__42,V26|MLP|M11,42,f1_val_threshold,6,6,0.0,0.0
D_leave_one_positive_component_out,REF__V26_original_MLP_M11__42,V26|MLP|M11,42,p_at_5pct,6,6,0.0,0.0
D_leave_one_positive_component_out,REF__V26_original_MLP_M11__42,V26|MLP|M11,42,r_at_10fpr,6,6,0.0,0.2
D_leave_one_positive_component_out,REF__V26_original_MLP_M11__42,V26|MLP|M11,42,hits_at_budget,6,6,0.0,0.0
D_leave_one_positive_component_out,REF__V26_primary_unweighted_RF_M11__42,V26|RandomForest_unweighted|M11,42,roc_auc,6,6,0.6745395127748068,0.7573499702911468
D_leave_one_positive_component_out,REF__V26_primary_unweighted_RF_M11__42,V26|RandomForest_unweighted|M11,42,ap,6,6,0.0011341167807650864,0.0013706109849369215
D_leave_one_positive_component_out,REF__V26_primary_unweighted_RF_M11__42,V26|RandomForest_unweighted|M11,42,f1_val_threshold,6,6,0.0,0.0
D_leave_one_positive_component_out,REF__V26_primary_unweighted_RF_M11__42,V26|RandomForest_unweighted|M11,42,p_at_5pct,6,6,0.0,0.0
D_leave_one_positive_component_out,REF__V26_primary_unweighted_RF_M11__42,V26|RandomForest_unweighted|M11,42,r_at_10fpr,6,6,0.0,0.0
D_leave_one_positive_component_out,REF__V26_primary_unweighted_RF_M11__42,V26|RandomForest_unweighted|M11,42,hits_at_budget,6,6,0.0,0.0
D_leave_one_positive_component_out,REF__V26_reverse_GCN_M11__42,V26|GCN_reverse|M11,42,roc_auc,6,6,0.6268568033273916,0.7370964547435135
D_leave_one_positive_component_out,REF__V26_reverse_GCN_M11__42,V26|GCN_reverse|M11,42,ap,6,6,0.0010878247517436567,0.0031997491137665834
D_leave_one_positive_component_out,REF__V26_reverse_GCN_M11__42,V26|GCN_reverse|M11,42,f1_val_threshold,6,6,0.0,0.011235955056179775
D_leave_one_positive_component_out,REF__V26_reverse_GCN_M11__42,V26|GCN_reverse|M11,42,p_at_5pct,6,6,0.0,0.0023752969121140144
D_leave_one_positive_component_out,REF__V26_reverse_GCN_M11__42,V26|GCN_reverse|M11,42,r_at_10fpr,6,6,0.0,0.2
D_leave_one_positive_component_out,REF__V26_reverse_GCN_M11__42,V26|GCN_reverse|M11,42,hits_at_budget,6,6,0.0,1.0
D_leave_one_positive_component_out,REF__V26_reverse_SAGE_M11__42,V26|GraphSAGE_reverse|M11,42,roc_auc,6,6,0.6491978609625668,0.722020202020202
D_leave_one_positive_component_out,REF__V26_reverse_SAGE_M11__42,V26|GraphSAGE_reverse|M11,42,ap,6,6,0.0013280600332430657,0.0018996743332577075
D_leave_one_positive_component_out,REF__V26_reverse_SAGE_M11__42,V26|GraphSAGE_reverse|M11,42,f1_val_threshold,6,6,0.0,0.0
D_leave_one_positive_component_out,REF__V26_reverse_SAGE_M11__42,V26|GraphSAGE_reverse|M11,42,p_at_5pct,6,6,0.0,0.0
D_leave_one_positive_component_out,REF__V26_reverse_SAGE_M11__42,V26|GraphSAGE_reverse|M11,42,r_at_10fpr,6,6,0.0,0.2
D_leave_one_positive_component_out,REF__V26_reverse_SAGE_M11__42,V26|GraphSAGE_reverse|M11,42,hits_at_budget,6,6,0.0,0.0
D_leave_one_positive_component_out,REF__V26_existing_asof__MLP__M5__seed42__42,ASOF|MLP|M5,42,roc_auc,6,6,0.6737017231134879,0.7621707268766093
D_leave_one_positive_component_out,REF__V26_existing_asof__MLP__M5__seed42__42,ASOF|MLP|M5,42,ap,6,6,0.0010740375202814604,0.001651489805261284
D_leave_one_positive_component_out,REF__V26_existing_asof__MLP__M5__seed42__42,ASOF|MLP|M5,42,f1_val_threshold,6,6,0.0,0.0
D_leave_one_positive_component_out,REF__V26_existing_asof__MLP__M5__seed42__42,ASOF|MLP|M5,42,p_at_5pct,6,6,0.0,0.0
D_leave_one_positive_component_out,REF__V26_existing_asof__MLP__M5__seed42__42,ASOF|MLP|M5,42,r_at_10fpr,6,6,0.0,0.0
D_leave_one_positive_component_out,REF__V26_existing_asof__MLP__M5__seed42__42,ASOF|MLP|M5,42,hits_at_budget,6,6,0.0,0.0
D_leave_one_positive_component_out,REF__V26_existing_asof__MLP__M11__seed42__42,ASOF|MLP|M11,42,roc_auc,6,6,0.6373380867498515,0.7098435333729451
D_leave_one_positive_component_out,REF__V26_existing_asof__MLP__M11__seed42__42,ASOF|MLP|M11,42,ap,6,6,0.0009984195949794953,0.0014939357213195684
D_leave_one_positive_component_out,REF__V26_existing_asof__MLP__M11__seed42__42,ASOF|MLP|M11,42,f1_val_threshold,6,6,0.0,0.0
D_leave_one_positive_component_out,REF__V26_existing_asof__MLP__M11__seed42__42,ASOF|MLP|M11,42,p_at_5pct,6,6,0.0,0.0
D_leave_one_positive_component_out,REF__V26_existing_asof__MLP__M11__seed42__42,ASOF|MLP|M11,42,r_at_10fpr,6,6,0.0,0.2
D_leave_one_positive_component_out,REF__V26_existing_asof__MLP__M11__seed42__42,ASOF|MLP|M11,42,hits_at_budget,6,6,0.0,0.0
D_leave_one_positive_component_out,REF__V26_existing_asof__RandomForest__M5__seed42__42,ASOF|RandomForest_unweighted|M5,42,roc_auc,6,6,0.6990493166963756,0.8747870865517924
D_leave_one_positive_component_out,REF__V26_existing_asof__RandomForest__M5__seed42__42,ASOF|RandomForest_unweighted|M5,42,ap,6,6,0.0020770754036909178,0.004459778247102595
D_leave_one_positive_component_out,REF__V26_existing_asof__RandomForest__M5__seed42__42,ASOF|RandomForest_unweighted|M5,42,f1_val_threshold,6,6,0.0,0.0
D_leave_one_positive_component_out,REF__V26_existing_asof__RandomForest__M5__seed42__42,ASOF|RandomForest_unweighted|M5,42,p_at_5pct,6,6,0.0,0.002369668246445498
D_leave_one_positive_component_out,REF__V26_existing_asof__RandomForest__M5__seed42__42,ASOF|RandomForest_unweighted|M5,42,r_at_10fpr,6,6,0.6,0.8333333333333334
D_leave_one_positive_component_out,REF__V26_existing_asof__RandomForest__M5__seed42__42,ASOF|RandomForest_unweighted|M5,42,hits_at_budget,6,6,0.0,1.0
D_leave_one_positive_component_out,REF__V26_existing_asof__RandomForest__M11__seed42__42,ASOF|RandomForest_unweighted|M11,42,roc_auc,6,6,0.7496494355317885,0.849881164587047
D_leave_one_positive_component_out,REF__V26_existing_asof__RandomForest__M11__seed42__42,ASOF|RandomForest_unweighted|M11,42,ap,6,6,0.0014869333952453323,0.0032471876277966223
D_leave_one_positive_component_out,REF__V26_existing_asof__RandomForest__M11__seed42__42,ASOF|RandomForest_unweighted|M11,42,f1_val_threshold,6,6,0.0,0.0
D_leave_one_positive_component_out,REF__V26_existing_asof__RandomForest__M11__seed42__42,ASOF|RandomForest_unweighted|M11,42,p_at_5pct,6,6,0.0,0.002369668246445498
D_leave_one_positive_component_out,REF__V26_existing_asof__RandomForest__M11__seed42__42,ASOF|RandomForest_unweighted|M11,42,r_at_10fpr,6,6,0.2,0.5
D_leave_one_positive_component_out,REF__V26_existing_asof__RandomForest__M11__seed42__42,ASOF|RandomForest_unweighted|M11,42,hits_at_budget,6,6,0.0,1.0
D_leave_one_positive_component_out,REF__V26_original_MLP_M11__123,V26|MLP|M11,123,roc_auc,6,6,0.6349376114081997,0.7089522677757971
D_leave_one_positive_component_out,REF__V26_original_MLP_M11__123,V26|MLP|M11,123,ap,6,6,0.0009753477266474097,0.0014258119308896424
D_leave_one_positive_component_out,REF__V26_original_MLP_M11__123,V26|MLP|M11,123,f1_val_threshold,6,6,0.0,0.0
D_leave_one_positive_component_out,REF__V26_original_MLP_M11__123,V26|MLP|M11,123,p_at_5pct,6,6,0.0,0.0
D_leave_one_positive_component_out,REF__V26_original_MLP_M11__123,V26|MLP|M11,123,r_at_10fpr,6,6,0.0,0.16666666666666666
D_leave_one_positive_component_out,REF__V26_original_MLP_M11__123,V26|MLP|M11,123,hits_at_budget,6,6,0.0,0.0
D_leave_one_positive_component_out,REF__V26_primary_unweighted_RF_M11__123,V26|RandomForest_unweighted|M11,123,roc_auc,6,6,0.7344622697563874,0.8017349970291148
D_leave_one_positive_component_out,REF__V26_primary_unweighted_RF_M11__123,V26|RandomForest_unweighted|M11,123,ap,6,6,0.0014767998486945456,0.0017906806043114824
D_leave_one_positive_component_out,REF__V26_primary_unweighted_RF_M11__123,V26|RandomForest_unweighted|M11,123,f1_val_threshold,6,6,0.0,0.0
D_leave_one_positive_component_out,REF__V26_primary_unweighted_RF_M11__123,V26|RandomForest_unweighted|M11,123,p_at_5pct,6,6,0.0,0.0
D_leave_one_positive_component_out,REF__V26_primary_unweighted_RF_M11__123,V26|RandomForest_unweighted|M11,123,r_at_10fpr,6,6,0.0,0.2
D_leave_one_positive_component_out,REF__V26_primary_unweighted_RF_M11__123,V26|RandomForest_unweighted|M11,123,hits_at_budget,6,6,0.0,0.0
D_leave_one_positive_component_out,REF__V26_reverse_GCN_M11__123,V26|GCN_reverse|M11,123,roc_auc,6,6,0.733749257278669,0.8055456526044762
D_leave_one_positive_component_out,REF__V26_reverse_GCN_M11__123,V26|GCN_reverse|M11,123,ap,6,6,0.0019523826050379576,0.0044265507684067
D_leave_one_positive_component_out,REF__V26_reverse_GCN_M11__123,V26|GCN_reverse|M11,123,f1_val_threshold,6,6,0.0,0.007751937984496124
D_leave_one_positive_component_out,REF__V26_reverse_GCN_M11__123,V26|GCN_reverse|M11,123,p_at_5pct,6,6,0.0,0.0023752969121140144
D_leave_one_positive_component_out,REF__V26_reverse_GCN_M11__123,V26|GCN_reverse|M11,123,r_at_10fpr,6,6,0.3333333333333333,0.5
D_leave_one_positive_component_out,REF__V26_reverse_GCN_M11__123,V26|GCN_reverse|M11,123,hits_at_budget,6,6,0.0,1.0
D_leave_one_positive_component_out,REF__V26_reverse_SAGE_M11__123,V26|GraphSAGE_reverse|M11,123,roc_auc,6,6,0.6778847296494356,0.7673598732422261
D_leave_one_positive_component_out,REF__V26_reverse_SAGE_M11__123,V26|GraphSAGE_reverse|M11,123,ap,6,6,0.0011238868391612218,0.0017934483743734877
D_leave_one_positive_component_out,REF__V26_reverse_SAGE_M11__123,V26|GraphSAGE_reverse|M11,123,f1_val_threshold,6,6,0.0,0.0
D_leave_one_positive_component_out,REF__V26_reverse_SAGE_M11__123,V26|GraphSAGE_reverse|M11,123,p_at_5pct,6,6,0.0,0.0
D_leave_one_positive_component_out,REF__V26_reverse_SAGE_M11__123,V26|GraphSAGE_reverse|M11,123,r_at_10fpr,6,6,0.0,0.16666666666666666
D_leave_one_positive_component_out,REF__V26_reverse_SAGE_M11__123,V26|GraphSAGE_reverse|M11,123,hits_at_budget,6,6,0.0,0.0
D_leave_one_positive_component_out,REF__V26_existing_asof__MLP__M5__seed123__123,ASOF|MLP|M5,123,roc_auc,6,6,0.5817231134878194,0.6996038819568231
D_leave_one_positive_component_out,REF__V26_existing_asof__MLP__M5__seed123__123,ASOF|MLP|M5,123,ap,6,6,0.0008356498111557753,0.0014202570877731124
D_leave_one_positive_component_out,REF__V26_existing_asof__MLP__M5__seed123__123,ASOF|MLP|M5,123,f1_val_threshold,6,6,0.0,0.0
D_leave_one_positive_component_out,REF__V26_existing_asof__MLP__M5__seed123__123,ASOF|MLP|M5,123,p_at_5pct,6,6,0.0,0.0
D_leave_one_positive_component_out,REF__V26_existing_asof__MLP__M5__seed123__123,ASOF|MLP|M5,123,r_at_10fpr,6,6,0.0,0.16666666666666666
D_leave_one_positive_component_out,REF__V26_existing_asof__MLP__M5__seed123__123,ASOF|MLP|M5,123,hits_at_budget,6,6,0.0,0.0
D_leave_one_positive_component_out,REF__V26_existing_asof__MLP__M11__seed123__123,ASOF|MLP|M11,123,roc_auc,6,6,0.6034660328777975,0.6960586254703901
D_leave_one_positive_component_out,REF__V26_existing_asof__MLP__M11__seed123__123,ASOF|MLP|M11,123,ap,6,6,0.0009191813613799081,0.0013642317802013229
D_leave_one_positive_component_out,REF__V26_existing_asof__MLP__M11__seed123__123,ASOF|MLP|M11,123,f1_val_threshold,6,6,0.0,0.0
D_leave_one_positive_component_out,REF__V26_existing_asof__MLP__M11__seed123__123,ASOF|MLP|M11,123,p_at_5pct,6,6,0.0,0.0
D_leave_one_positive_component_out,REF__V26_existing_asof__MLP__M11__seed123__123,ASOF|MLP|M11,123,r_at_10fpr,6,6,0.0,0.0
D_leave_one_positive_component_out,REF__V26_existing_asof__MLP__M11__seed123__123,ASOF|MLP|M11,123,hits_at_budget,6,6,0.0,0.0
D_leave_one_positive_component_out,REF__V26_existing_asof__RandomForest__M5__seed123__123,ASOF|RandomForest_unweighted|M5,123,roc_auc,6,6,0.7366844919786096,0.8723311546840958
D_leave_one_positive_component_out,REF__V26_existing_asof__RandomForest__M5__seed123__123,ASOF|RandomForest_unweighted|M5,123,ap,6,6,0.0015623465468513557,0.003907534625693407
D_leave_one_positive_component_out,REF__V26_existing_asof__RandomForest__M5__seed123__123,ASOF|RandomForest_unweighted|M5,123,f1_val_threshold,6,6,0.0,0.0
D_leave_one_positive_component_out,REF__V26_existing_asof__RandomForest__M5__seed123__123,ASOF|RandomForest_unweighted|M5,123,p_at_5pct,6,6,0.0,0.004739336492890996
D_leave_one_positive_component_out,REF__V26_existing_asof__RandomForest__M5__seed123__123,ASOF|RandomForest_unweighted|M5,123,r_at_10fpr,6,6,0.2,0.5
D_leave_one_positive_component_out,REF__V26_existing_asof__RandomForest__M5__seed123__123,ASOF|RandomForest_unweighted|M5,123,hits_at_budget,6,6,0.0,2.0
D_leave_one_positive_component_out,REF__V26_existing_asof__RandomForest__M11__seed123__123,ASOF|RandomForest_unweighted|M11,123,roc_auc,6,6,0.7244563279857398,0.8283620518914637
D_leave_one_positive_component_out,REF__V26_existing_asof__RandomForest__M11__seed123__123,ASOF|RandomForest_unweighted|M11,123,ap,6,6,0.001250219062790378,0.002737140408777567
D_leave_one_positive_component_out,REF__V26_existing_asof__RandomForest__M11__seed123__123,ASOF|RandomForest_unweighted|M11,123,f1_val_threshold,6,6,0.0,0.0
D_leave_one_positive_component_out,REF__V26_existing_asof__RandomForest__M11__seed123__123,ASOF|RandomForest_unweighted|M11,123,p_at_5pct,6,6,0.0,0.002369668246445498
D_leave_one_positive_component_out,REF__V26_existing_asof__RandomForest__M11__seed123__123,ASOF|RandomForest_unweighted|M11,123,r_at_10fpr,6,6,0.2,0.5
D_leave_one_positive_component_out,REF__V26_existing_asof__RandomForest__M11__seed123__123,ASOF|RandomForest_unweighted|M11,123,hits_at_budget,6,6,0.0,1.0
D_leave_one_positive_component_out,REF__V26_original_MLP_M11__456,V26|MLP|M11,456,roc_auc,6,6,0.6536739948504655,0.712517330164389
D_leave_one_positive_component_out,REF__V26_original_MLP_M11__456,V26|MLP|M11,456,ap,6,6,0.001129408769668183,0.0014591336201562155
D_leave_one_positive_component_out,REF__V26_original_MLP_M11__456,V26|MLP|M11,456,f1_val_threshold,6,6,0.0,0.0
D_leave_one_positive_component_out,REF__V26_original_MLP_M11__456,V26|MLP|M11,456,p_at_5pct,6,6,0.0,0.0
D_leave_one_positive_component_out,REF__V26_original_MLP_M11__456,V26|MLP|M11,456,r_at_10fpr,6,6,0.0,0.2
D_leave_one_positive_component_out,REF__V26_original_MLP_M11__456,V26|MLP|M11,456,hits_at_budget,6,6,0.0,0.0
D_leave_one_positive_component_out,REF__V26_primary_unweighted_RF_M11__456,V26|RandomForest_unweighted|M11,456,roc_auc,6,6,0.702208358090711,0.7517528223410577
D_leave_one_positive_component_out,REF__V26_primary_unweighted_RF_M11__456,V26|RandomForest_unweighted|M11,456,ap,6,6,0.0014006532445805411,0.001653377806914377
D_leave_one_positive_component_out,REF__V26_primary_unweighted_RF_M11__456,V26|RandomForest_unweighted|M11,456,f1_val_threshold,6,6,0.0,0.0
D_leave_one_positive_component_out,REF__V26_primary_unweighted_RF_M11__456,V26|RandomForest_unweighted|M11,456,p_at_5pct,6,6,0.0,0.0
D_leave_one_positive_component_out,REF__V26_primary_unweighted_RF_M11__456,V26|RandomForest_unweighted|M11,456,r_at_10fpr,6,6,0.0,0.0
D_leave_one_positive_component_out,REF__V26_primary_unweighted_RF_M11__456,V26|RandomForest_unweighted|M11,456,hits_at_budget,6,6,0.0,0.0
D_leave_one_positive_component_out,REF__V26_reverse_GCN_M11__456,V26|GCN_reverse|M11,456,roc_auc,6,6,0.6441473559120618,0.7616557734204792
D_leave_one_positive_component_out,REF__V26_reverse_GCN_M11__456,V26|GCN_reverse|M11,456,ap,6,6,0.0012923844197585785,0.002672420149189097
D_leave_one_positive_component_out,REF__V26_reverse_GCN_M11__456,V26|GCN_reverse|M11,456,f1_val_threshold,6,6,0.0,0.008658008658008658
D_leave_one_positive_component_out,REF__V26_reverse_GCN_M11__456,V26|GCN_reverse|M11,456,p_at_5pct,6,6,0.0,0.0023752969121140144
D_leave_one_positive_component_out,REF__V26_reverse_GCN_M11__456,V26|GCN_reverse|M11,456,r_at_10fpr,6,6,0.16666666666666666,0.3333333333333333
D_leave_one_positive_component_out,REF__V26_reverse_GCN_M11__456,V26|GCN_reverse|M11,456,hits_at_budget,6,6,0.0,1.0
D_leave_one_positive_component_out,REF__V26_reverse_SAGE_M11__456,V26|GraphSAGE_reverse|M11,456,roc_auc,6,6,0.5370172311348782,0.659041394335512
D_leave_one_positive_component_out,REF__V26_reverse_SAGE_M11__456,V26|GraphSAGE_reverse|M11,456,ap,6,6,0.0008979755764480307,0.0013142765522576394
D_leave_one_positive_component_out,REF__V26_reverse_SAGE_M11__456,V26|GraphSAGE_reverse|M11,456,f1_val_threshold,6,6,0.0,0.0
D_leave_one_positive_component_out,REF__V26_reverse_SAGE_M11__456,V26|GraphSAGE_reverse|M11,456,p_at_5pct,6,6,0.0,0.0
D_leave_one_positive_component_out,REF__V26_reverse_SAGE_M11__456,V26|GraphSAGE_reverse|M11,456,r_at_10fpr,6,6,0.0,0.2
D_leave_one_positive_component_out,REF__V26_reverse_SAGE_M11__456,V26|GraphSAGE_reverse|M11,456,hits_at_budget,6,6,0.0,0.0
D_leave_one_positive_component_out,REF__V26_existing_asof__MLP__M5__seed456__456,ASOF|MLP|M5,456,roc_auc,6,6,0.5614022578728461,0.6894434541493365
D_leave_one_positive_component_out,REF__V26_existing_asof__MLP__M5__seed456__456,ASOF|MLP|M5,456,ap,6,6,0.000850748978153081,0.001455928947925753
D_leave_one_positive_component_out,REF__V26_existing_asof__MLP__M5__seed456__456,ASOF|MLP|M5,456,f1_val_threshold,6,6,0.0,0.0
D_leave_one_positive_component_out,REF__V26_existing_asof__MLP__M5__seed456__456,ASOF|MLP|M5,456,p_at_5pct,6,6,0.0,0.0
D_leave_one_positive_component_out,REF__V26_existing_asof__MLP__M5__seed456__456,ASOF|MLP|M5,456,r_at_10fpr,6,6,0.0,0.16666666666666666
D_leave_one_positive_component_out,REF__V26_existing_asof__MLP__M5__seed456__456,ASOF|MLP|M5,456,hits_at_budget,6,6,0.0,0.0
D_leave_one_positive_component_out,REF__V26_existing_asof__MLP__M11__seed456__456,ASOF|MLP|M11,456,roc_auc,6,6,0.6515151515151515,0.7077837195484254
D_leave_one_positive_component_out,REF__V26_existing_asof__MLP__M11__seed456__456,ASOF|MLP|M11,456,ap,6,6,0.0011203166832748667,0.001425057834250227
D_leave_one_positive_component_out,REF__V26_existing_asof__MLP__M11__seed456__456,ASOF|MLP|M11,456,f1_val_threshold,6,6,0.0,0.0
D_leave_one_positive_component_out,REF__V26_existing_asof__MLP__M11__seed456__456,ASOF|MLP|M11,456,p_at_5pct,6,6,0.0,0.0
D_leave_one_positive_component_out,REF__V26_existing_asof__MLP__M11__seed456__456,ASOF|MLP|M11,456,r_at_10fpr,6,6,0.0,0.2
D_leave_one_positive_component_out,REF__V26_existing_asof__MLP__M11__seed456__456,ASOF|MLP|M11,456,hits_at_budget,6,6,0.0,0.0
D_leave_one_positive_component_out,REF__V26_existing_asof__RandomForest__M5__seed456__456,ASOF|RandomForest_unweighted|M5,456,roc_auc,6,6,0.735650623885918,0.8676965735789265
D_leave_one_positive_component_out,REF__V26_existing_asof__RandomForest__M5__seed456__456,ASOF|RandomForest_unweighted|M5,456,ap,6,6,0.0016318654521203487,0.0036223961181082436
D_leave_one_positive_component_out,REF__V26_existing_asof__RandomForest__M5__seed456__456,ASOF|RandomForest_unweighted|M5,456,f1_val_threshold,6,6,0.0,0.0
D_leave_one_positive_component_out,REF__V26_existing_asof__RandomForest__M5__seed456__456,ASOF|RandomForest_unweighted|M5,456,p_at_5pct,6,6,0.0,0.002369668246445498
D_leave_one_positive_component_out,REF__V26_existing_asof__RandomForest__M5__seed456__456,ASOF|RandomForest_unweighted|M5,456,r_at_10fpr,6,6,0.2,0.5
D_leave_one_positive_component_out,REF__V26_existing_asof__RandomForest__M5__seed456__456,ASOF|RandomForest_unweighted|M5,456,hits_at_budget,6,6,0.0,1.0
D_leave_one_positive_component_out,REF__V26_existing_asof__RandomForest__M11__seed456__456,ASOF|RandomForest_unweighted|M11,456,roc_auc,6,6,0.7886512180629828,0.872756981580511
D_leave_one_positive_component_out,REF__V26_existing_asof__RandomForest__M11__seed456__456,ASOF|RandomForest_unweighted|M11,456,ap,6,6,0.0016740956361434212,0.0033990943466166708
D_leave_one_positive_component_out,REF__V26_existing_asof__RandomForest__M11__seed456__456,ASOF|RandomForest_unweighted|M11,456,f1_val_threshold,6,6,0.0,0.0
D_leave_one_positive_component_out,REF__V26_existing_asof__RandomForest__M11__seed456__456,ASOF|RandomForest_unweighted|M11,456,p_at_5pct,6,6,0.0,0.002369668246445498
D_leave_one_positive_component_out,REF__V26_existing_asof__RandomForest__M11__seed456__456,ASOF|RandomForest_unweighted|M11,456,r_at_10fpr,6,6,0.2,0.5
D_leave_one_positive_component_out,REF__V26_existing_asof__RandomForest__M11__seed456__456,ASOF|RandomForest_unweighted|M11,456,hits_at_budget,6,6,0.0,1.0
D_leave_one_positive_component_out,REF__V26_original_MLP_M11__789,V26|MLP|M11,789,roc_auc,6,6,0.6172311348781937,0.6832838185779363
D_leave_one_positive_component_out,REF__V26_original_MLP_M11__789,V26|MLP|M11,789,ap,6,6,0.0009177300292031727,0.0012532620510739942
D_leave_one_positive_component_out,REF__V26_original_MLP_M11__789,V26|MLP|M11,789,f1_val_threshold,6,6,0.0,0.0
D_leave_one_positive_component_out,REF__V26_original_MLP_M11__789,V26|MLP|M11,789,p_at_5pct,6,6,0.0,0.0
D_leave_one_positive_component_out,REF__V26_original_MLP_M11__789,V26|MLP|M11,789,r_at_10fpr,6,6,0.0,0.0
D_leave_one_positive_component_out,REF__V26_original_MLP_M11__789,V26|MLP|M11,789,hits_at_budget,6,6,0.0,0.0
D_leave_one_positive_component_out,REF__V26_primary_unweighted_RF_M11__789,V26|RandomForest_unweighted|M11,789,roc_auc,6,6,0.7082986730045553,0.7579025549613785
D_leave_one_positive_component_out,REF__V26_primary_unweighted_RF_M11__789,V26|RandomForest_unweighted|M11,789,ap,6,6,0.001392696781621927,0.0016537249548758508
D_leave_one_positive_component_out,REF__V26_primary_unweighted_RF_M11__789,V26|RandomForest_unweighted|M11,789,f1_val_threshold,6,6,0.0,0.0
D_leave_one_positive_component_out,REF__V26_primary_unweighted_RF_M11__789,V26|RandomForest_unweighted|M11,789,p_at_5pct,6,6,0.0,0.0
D_leave_one_positive_component_out,REF__V26_primary_unweighted_RF_M11__789,V26|RandomForest_unweighted|M11,789,r_at_10fpr,6,6,0.0,0.2
D_leave_one_positive_component_out,REF__V26_primary_unweighted_RF_M11__789,V26|RandomForest_unweighted|M11,789,hits_at_budget,6,6,0.0,0.0
D_leave_one_positive_component_out,REF__V26_reverse_GCN_M11__789,V26|GCN_reverse|M11,789,roc_auc,6,6,0.7134284016636958,0.813784907902555
D_leave_one_positive_component_out,REF__V26_reverse_GCN_M11__789,V26|GCN_reverse|M11,789,ap,6,6,0.0020528887833571874,0.004343417243485858
D_leave_one_positive_component_out,REF__V26_reverse_GCN_M11__789,V26|GCN_reverse|M11,789,f1_val_threshold,6,6,0.0,0.011976047904191617
D_leave_one_positive_component_out,REF__V26_reverse_GCN_M11__789,V26|GCN_reverse|M11,789,p_at_5pct,6,6,0.002369668246445498,0.004739336492890996
D_leave_one_positive_component_out,REF__V26_reverse_GCN_M11__789,V26|GCN_reverse|M11,789,r_at_10fpr,6,6,0.3333333333333333,0.5
D_leave_one_positive_component_out,REF__V26_reverse_GCN_M11__789,V26|GCN_reverse|M11,789,hits_at_budget,6,6,1.0,2.0
D_leave_one_positive_component_out,REF__V26_reverse_SAGE_M11__789,V26|GraphSAGE_reverse|M11,789,roc_auc,6,6,0.5856209150326798,0.6598336304218657
D_leave_one_positive_component_out,REF__V26_reverse_SAGE_M11__789,V26|GraphSAGE_reverse|M11,789,ap,6,6,0.0009557002926580036,0.0012811155306748855
D_leave_one_positive_component_out,REF__V26_reverse_SAGE_M11__789,V26|GraphSAGE_reverse|M11,789,f1_val_threshold,6,6,0.0,0.0
D_leave_one_positive_component_out,REF__V26_reverse_SAGE_M11__789,V26|GraphSAGE_reverse|M11,789,p_at_5pct,6,6,0.0,0.0
D_leave_one_positive_component_out,REF__V26_reverse_SAGE_M11__789,V26|GraphSAGE_reverse|M11,789,r_at_10fpr,6,6,0.0,0.2
D_leave_one_positive_component_out,REF__V26_reverse_SAGE_M11__789,V26|GraphSAGE_reverse|M11,789,hits_at_budget,6,6,0.0,0.0
D_leave_one_positive_component_out,REF__V26_existing_asof__MLP__M5__seed789__789,ASOF|MLP|M5,789,roc_auc,6,6,0.6026856803327392,0.7293721529015647
D_leave_one_positive_component_out,REF__V26_existing_asof__MLP__M5__seed789__789,ASOF|MLP|M5,789,ap,6,6,0.0009082642060908936,0.0016939845282369853
D_leave_one_positive_component_out,REF__V26_existing_asof__MLP__M5__seed789__789,ASOF|MLP|M5,789,f1_val_threshold,6,6,0.0,0.0033500837520938024
D_leave_one_positive_component_out,REF__V26_existing_asof__MLP__M5__seed789__789,ASOF|MLP|M5,789,p_at_5pct,6,6,0.0,0.0
D_leave_one_positive_component_out,REF__V26_existing_asof__MLP__M5__seed789__789,ASOF|MLP|M5,789,r_at_10fpr,6,6,0.0,0.16666666666666666
D_leave_one_positive_component_out,REF__V26_existing_asof__MLP__M5__seed789__789,ASOF|MLP|M5,789,hits_at_budget,6,6,0.0,0.0
D_leave_one_positive_component_out,REF__V26_existing_asof__MLP__M11__seed789__789,ASOF|MLP|M11,789,roc_auc,6,6,0.6310160427807486,0.7020003961180432
D_leave_one_positive_component_out,REF__V26_existing_asof__MLP__M11__seed789__789,ASOF|MLP|M11,789,ap,6,6,0.000927572504767175,0.0013301783555582875
D_leave_one_positive_component_out,REF__V26_existing_asof__MLP__M11__seed789__789,ASOF|MLP|M11,789,f1_val_threshold,6,6,0.0,0.0
D_leave_one_positive_component_out,REF__V26_existing_asof__MLP__M11__seed789__789,ASOF|MLP|M11,789,p_at_5pct,6,6,0.0,0.0
D_leave_one_positive_component_out,REF__V26_existing_asof__MLP__M11__seed789__789,ASOF|MLP|M11,789,r_at_10fpr,6,6,0.0,0.0
D_leave_one_positive_component_out,REF__V26_existing_asof__MLP__M11__seed789__789,ASOF|MLP|M11,789,hits_at_budget,6,6,0.0,0.0
D_leave_one_positive_component_out,REF__V26_existing_asof__RandomForest__M5__seed789__789,ASOF|RandomForest_unweighted|M5,789,roc_auc,6,6,0.7581699346405228,0.8589918795801148
D_leave_one_positive_component_out,REF__V26_existing_asof__RandomForest__M5__seed789__789,ASOF|RandomForest_unweighted|M5,789,ap,6,6,0.0016524622105183982,0.003961654949863519
D_leave_one_positive_component_out,REF__V26_existing_asof__RandomForest__M5__seed789__789,ASOF|RandomForest_unweighted|M5,789,f1_val_threshold,6,6,0.0,0.0
D_leave_one_positive_component_out,REF__V26_existing_asof__RandomForest__M5__seed789__789,ASOF|RandomForest_unweighted|M5,789,p_at_5pct,6,6,0.0,0.004739336492890996
D_leave_one_positive_component_out,REF__V26_existing_asof__RandomForest__M5__seed789__789,ASOF|RandomForest_unweighted|M5,789,r_at_10fpr,6,6,0.2,0.5
D_leave_one_positive_component_out,REF__V26_existing_asof__RandomForest__M5__seed789__789,ASOF|RandomForest_unweighted|M5,789,hits_at_budget,6,6,0.0,2.0
D_leave_one_positive_component_out,REF__V26_existing_asof__RandomForest__M11__seed789__789,ASOF|RandomForest_unweighted|M11,789,roc_auc,6,6,0.7949019607843137,0.8753119429590018
D_leave_one_positive_component_out,REF__V26_existing_asof__RandomForest__M11__seed789__789,ASOF|RandomForest_unweighted|M11,789,ap,6,6,0.0016559378125136504,0.0032092386979492085
D_leave_one_positive_component_out,REF__V26_existing_asof__RandomForest__M11__seed789__789,ASOF|RandomForest_unweighted|M11,789,f1_val_threshold,6,6,0.0,0.0
D_leave_one_positive_component_out,REF__V26_existing_asof__RandomForest__M11__seed789__789,ASOF|RandomForest_unweighted|M11,789,p_at_5pct,6,6,0.0,0.002369668246445498
D_leave_one_positive_component_out,REF__V26_existing_asof__RandomForest__M11__seed789__789,ASOF|RandomForest_unweighted|M11,789,r_at_10fpr,6,6,0.0,0.3333333333333333
D_leave_one_positive_component_out,REF__V26_existing_asof__RandomForest__M11__seed789__789,ASOF|RandomForest_unweighted|M11,789,hits_at_budget,6,6,0.0,1.0
D_leave_one_positive_component_out,REF__V26_original_MLP_M11__1024,V26|MLP|M11,1024,roc_auc,6,6,0.6455852644087938,0.7324618736383441
D_leave_one_positive_component_out,REF__V26_original_MLP_M11__1024,V26|MLP|M11,1024,ap,6,6,0.000994644410673636,0.0014995342739098656
D_leave_one_positive_component_out,REF__V26_original_MLP_M11__1024,V26|MLP|M11,1024,f1_val_threshold,6,6,0.0,0.0
D_leave_one_positive_component_out,REF__V26_original_MLP_M11__1024,V26|MLP|M11,1024,p_at_5pct,6,6,0.0,0.0
D_leave_one_positive_component_out,REF__V26_original_MLP_M11__1024,V26|MLP|M11,1024,r_at_10fpr,6,6,0.0,0.0
D_leave_one_positive_component_out,REF__V26_original_MLP_M11__1024,V26|MLP|M11,1024,hits_at_budget,6,6,0.0,0.0
D_leave_one_positive_component_out,REF__V26_primary_unweighted_RF_M11__1024,V26|RandomForest_unweighted|M11,1024,roc_auc,6,6,0.6916022974846505,0.7967795603089721
D_leave_one_positive_component_out,REF__V26_primary_unweighted_RF_M11__1024,V26|RandomForest_unweighted|M11,1024,ap,6,6,0.0012697165908402987,0.0015855861244058723
D_leave_one_positive_component_out,REF__V26_primary_unweighted_RF_M11__1024,V26|RandomForest_unweighted|M11,1024,f1_val_threshold,6,6,0.0,0.0
D_leave_one_positive_component_out,REF__V26_primary_unweighted_RF_M11__1024,V26|RandomForest_unweighted|M11,1024,p_at_5pct,6,6,0.0,0.0
D_leave_one_positive_component_out,REF__V26_primary_unweighted_RF_M11__1024,V26|RandomForest_unweighted|M11,1024,r_at_10fpr,6,6,0.0,0.0
D_leave_one_positive_component_out,REF__V26_primary_unweighted_RF_M11__1024,V26|RandomForest_unweighted|M11,1024,hits_at_budget,6,6,0.0,0.0
D_leave_one_positive_component_out,REF__V26_reverse_GCN_M11__1024,V26|GCN_reverse|M11,1024,roc_auc,6,6,0.6938601703307586,0.8054664289958408
D_leave_one_positive_component_out,REF__V26_reverse_GCN_M11__1024,V26|GCN_reverse|M11,1024,ap,6,6,0.0014195137409070348,0.0036346825469983114
D_leave_one_positive_component_out,REF__V26_reverse_GCN_M11__1024,V26|GCN_reverse|M11,1024,f1_val_threshold,6,6,0.0,0.006349206349206349
D_leave_one_positive_component_out,REF__V26_reverse_GCN_M11__1024,V26|GCN_reverse|M11,1024,p_at_5pct,6,6,0.0,0.0023752969121140144
D_leave_one_positive_component_out,REF__V26_reverse_GCN_M11__1024,V26|GCN_reverse|M11,1024,r_at_10fpr,6,6,0.16666666666666666,0.3333333333333333
D_leave_one_positive_component_out,REF__V26_reverse_GCN_M11__1024,V26|GCN_reverse|M11,1024,hits_at_budget,6,6,0.0,1.0
D_leave_one_positive_component_out,REF__V26_reverse_SAGE_M11__1024,V26|GraphSAGE_reverse|M11,1024,roc_auc,6,6,0.6831253713606655,0.7451772628243216
D_leave_one_positive_component_out,REF__V26_reverse_SAGE_M11__1024,V26|GraphSAGE_reverse|M11,1024,ap,6,6,0.0012775781256014291,0.0019569954090699676
D_leave_one_positive_component_out,REF__V26_reverse_SAGE_M11__1024,V26|GraphSAGE_reverse|M11,1024,f1_val_threshold,6,6,0.0,0.0
D_leave_one_positive_component_out,REF__V26_reverse_SAGE_M11__1024,V26|GraphSAGE_reverse|M11,1024,p_at_5pct,6,6,0.0,0.0023752969121140144
D_leave_one_positive_component_out,REF__V26_reverse_SAGE_M11__1024,V26|GraphSAGE_reverse|M11,1024,r_at_10fpr,6,6,0.0,0.2
D_leave_one_positive_component_out,REF__V26_reverse_SAGE_M11__1024,V26|GraphSAGE_reverse|M11,1024,hits_at_budget,6,6,0.0,1.0
D_leave_one_positive_component_out,REF__V26_existing_asof__MLP__M5__seed1024__1024,ASOF|MLP|M5,1024,roc_auc,6,6,0.586215092097445,0.6819766290354525
D_leave_one_positive_component_out,REF__V26_existing_asof__MLP__M5__seed1024__1024,ASOF|MLP|M5,1024,ap,6,6,0.0008253571238545615,0.0013435530196573807
D_leave_one_positive_component_out,REF__V26_existing_asof__MLP__M5__seed1024__1024,ASOF|MLP|M5,1024,f1_val_threshold,6,6,0.0,0.0
D_leave_one_positive_component_out,REF__V26_existing_asof__MLP__M5__seed1024__1024,ASOF|MLP|M5,1024,p_at_5pct,6,6,0.0,0.0
D_leave_one_positive_component_out,REF__V26_existing_asof__MLP__M5__seed1024__1024,ASOF|MLP|M5,1024,r_at_10fpr,6,6,0.0,0.16666666666666666
D_leave_one_positive_component_out,REF__V26_existing_asof__MLP__M5__seed1024__1024,ASOF|MLP|M5,1024,hits_at_budget,6,6,0.0,0.0
D_leave_one_positive_component_out,REF__V26_existing_asof__MLP__M11__seed1024__1024,ASOF|MLP|M11,1024,roc_auc,6,6,0.6344622697563874,0.7510001980590216
D_leave_one_positive_component_out,REF__V26_existing_asof__MLP__M11__seed1024__1024,ASOF|MLP|M11,1024,ap,6,6,0.0009897466205913636,0.0016047478086601164
D_leave_one_positive_component_out,REF__V26_existing_asof__MLP__M11__seed1024__1024,ASOF|MLP|M11,1024,f1_val_threshold,6,6,0.0,0.0
D_leave_one_positive_component_out,REF__V26_existing_asof__MLP__M11__seed1024__1024,ASOF|MLP|M11,1024,p_at_5pct,6,6,0.0,0.0
D_leave_one_positive_component_out,REF__V26_existing_asof__MLP__M11__seed1024__1024,ASOF|MLP|M11,1024,r_at_10fpr,6,6,0.0,0.0
D_leave_one_positive_component_out,REF__V26_existing_asof__MLP__M11__seed1024__1024,ASOF|MLP|M11,1024,hits_at_budget,6,6,0.0,0.0
D_leave_one_positive_component_out,REF__V26_existing_asof__RandomForest__M5__seed1024__1024,ASOF|RandomForest_unweighted|M5,1024,roc_auc,6,6,0.7082115270350564,0.8435036640918994
D_leave_one_positive_component_out,REF__V26_existing_asof__RandomForest__M5__seed1024__1024,ASOF|RandomForest_unweighted|M5,1024,ap,6,6,0.0016312056544786242,0.003576924622488201
D_leave_one_positive_component_out,REF__V26_existing_asof__RandomForest__M5__seed1024__1024,ASOF|RandomForest_unweighted|M5,1024,f1_val_threshold,6,6,0.0,0.0
D_leave_one_positive_component_out,REF__V26_existing_asof__RandomForest__M5__seed1024__1024,ASOF|RandomForest_unweighted|M5,1024,p_at_5pct,6,6,0.0,0.002369668246445498
D_leave_one_positive_component_out,REF__V26_existing_asof__RandomForest__M5__seed1024__1024,ASOF|RandomForest_unweighted|M5,1024,r_at_10fpr,6,6,0.4,0.6666666666666666
D_leave_one_positive_component_out,REF__V26_existing_asof__RandomForest__M5__seed1024__1024,ASOF|RandomForest_unweighted|M5,1024,hits_at_budget,6,6,0.0,1.0
D_leave_one_positive_component_out,REF__V26_existing_asof__RandomForest__M11__seed1024__1024,ASOF|RandomForest_unweighted|M11,1024,roc_auc,6,6,0.8085680332739156,0.8727965933848287
D_leave_one_positive_component_out,REF__V26_existing_asof__RandomForest__M11__seed1024__1024,ASOF|RandomForest_unweighted|M11,1024,ap,6,6,0.0019182346623855047,0.0033206877455486633
D_leave_one_positive_component_out,REF__V26_existing_asof__RandomForest__M11__seed1024__1024,ASOF|RandomForest_unweighted|M11,1024,f1_val_threshold,6,6,0.0,0.0
D_leave_one_positive_component_out,REF__V26_existing_asof__RandomForest__M11__seed1024__1024,ASOF|RandomForest_unweighted|M11,1024,p_at_5pct,6,6,0.0,0.002369668246445498
D_leave_one_positive_component_out,REF__V26_existing_asof__RandomForest__M11__seed1024__1024,ASOF|RandomForest_unweighted|M11,1024,r_at_10fpr,6,6,0.16666666666666666,0.3333333333333333
D_leave_one_positive_component_out,REF__V26_existing_asof__RandomForest__M11__seed1024__1024,ASOF|RandomForest_unweighted|M11,1024,hits_at_budget,6,6,0.0,1.0
