design,contrast_id,metric,n_deletions,estimable_deletions,influence_min,influence_max,interpretation
D_leave_one_positive_out,A_minus_V26__MLP,roc_auc,7,7,-0.015571400277282543,0.002087542087542027,paired_fixed_score_influence_range_NOT_CI
D_leave_one_positive_out,A_minus_V26__MLP,ap,7,7,-5.0037709199033656e-05,2.902932000614861e-05,paired_fixed_score_influence_range_NOT_CI
D_leave_one_positive_out,A_minus_V26__MLP,f1_val_threshold,7,7,0.0,0.0,paired_fixed_score_influence_range_NOT_CI
D_leave_one_positive_out,A_minus_V26__MLP,p_at_5pct,7,7,0.0,0.0,paired_fixed_score_influence_range_NOT_CI
D_leave_one_positive_out,A_minus_V26__MLP,r_at_10fpr,7,7,-0.03333333333333334,0.0,paired_fixed_score_influence_range_NOT_CI
D_leave_one_positive_out,A_minus_V26__MLP,hits_at_budget,7,7,0.0,0.0,paired_fixed_score_influence_range_NOT_CI
D_leave_one_positive_out,A_minus_V26__RandomForest_unweighted,roc_auc,7,7,-0.028453159041394227,-0.001122994652406284,paired_fixed_score_influence_range_NOT_CI
D_leave_one_positive_out,A_minus_V26__RandomForest_unweighted,ap,7,7,-0.00010102593619461708,-2.2500665305152934e-05,paired_fixed_score_influence_range_NOT_CI
D_leave_one_positive_out,A_minus_V26__RandomForest_unweighted,f1_val_threshold,7,7,0.0,0.0,paired_fixed_score_influence_range_NOT_CI
D_leave_one_positive_out,A_minus_V26__RandomForest_unweighted,p_at_5pct,7,7,0.0,0.0,paired_fixed_score_influence_range_NOT_CI
D_leave_one_positive_out,A_minus_V26__RandomForest_unweighted,r_at_10fpr,7,7,0.0,0.06666666666666667,paired_fixed_score_influence_range_NOT_CI
D_leave_one_positive_out,A_minus_V26__RandomForest_unweighted,hits_at_budget,7,7,0.0,0.0,paired_fixed_score_influence_range_NOT_CI
D_leave_one_positive_out,A_minus_V26__GCN_reverse,roc_auc,7,7,-0.002812438106555626,0.0019528619528620395,paired_fixed_score_influence_range_NOT_CI
D_leave_one_positive_out,A_minus_V26__GCN_reverse,ap,7,7,-0.00025254983940567813,-9.83469594072247e-05,paired_fixed_score_influence_range_NOT_CI
D_leave_one_positive_out,A_minus_V26__GCN_reverse,f1_val_threshold,7,7,-0.001091688838631014,0.0,paired_fixed_score_influence_range_NOT_CI
D_leave_one_positive_out,A_minus_V26__GCN_reverse,p_at_5pct,7,7,-0.00047393364928909965,0.0,paired_fixed_score_influence_range_NOT_CI
D_leave_one_positive_out,A_minus_V26__GCN_reverse,r_at_10fpr,7,7,-0.033333333333333326,0.0,paired_fixed_score_influence_range_NOT_CI
D_leave_one_positive_out,A_minus_V26__GCN_reverse,hits_at_budget,7,7,-0.2,0.0,paired_fixed_score_influence_range_NOT_CI
D_leave_one_positive_out,A_minus_V26__GraphSAGE_reverse,roc_auc,7,7,-0.037072687660922976,-0.004828678946325882,paired_fixed_score_influence_range_NOT_CI
D_leave_one_positive_out,A_minus_V26__GraphSAGE_reverse,ap,7,7,-0.00016564803933925344,-5.685313285623268e-05,paired_fixed_score_influence_range_NOT_CI
D_leave_one_positive_out,A_minus_V26__GraphSAGE_reverse,f1_val_threshold,7,7,0.0,0.0,paired_fixed_score_influence_range_NOT_CI
D_leave_one_positive_out,A_minus_V26__GraphSAGE_reverse,p_at_5pct,7,7,-0.00047393364928909954,0.0,paired_fixed_score_influence_range_NOT_CI
D_leave_one_positive_out,A_minus_V26__GraphSAGE_reverse,r_at_10fpr,7,7,0.0,0.03333333333333333,paired_fixed_score_influence_range_NOT_CI
D_leave_one_positive_out,A_minus_V26__GraphSAGE_reverse,hits_at_budget,7,7,-0.2,0.0,paired_fixed_score_influence_range_NOT_CI
D_leave_one_positive_out,A_gap__MLP_minus_GCN_reverse,roc_auc,7,7,-0.09491384432560912,-0.028033273915627044,paired_fixed_score_influence_range_NOT_CI
D_leave_one_positive_out,A_gap__MLP_minus_GCN_reverse,ap,7,7,-0.002057407697157488,-0.00031804852603134004,paired_fixed_score_influence_range_NOT_CI
D_leave_one_positive_out,A_gap__MLP_minus_GCN_reverse,f1_val_threshold,7,7,-0.008058262674075901,0.0,paired_fixed_score_influence_range_NOT_CI
D_leave_one_positive_out,A_gap__MLP_minus_GCN_reverse,p_at_5pct,7,7,-0.002369668246445498,0.0,paired_fixed_score_influence_range_NOT_CI
D_leave_one_positive_out,A_gap__MLP_minus_GCN_reverse,r_at_10fpr,7,7,-0.26666666666666666,-0.13333333333333336,paired_fixed_score_influence_range_NOT_CI
D_leave_one_positive_out,A_gap__MLP_minus_GCN_reverse,hits_at_budget,7,7,-1.0,0.0,paired_fixed_score_influence_range_NOT_CI
D_leave_one_positive_out,A_gap_change__MLP_minus_GCN_reverse,roc_auc,7,7,-0.012758962170726917,0.0012200435729847747,paired_fixed_score_influence_range_NOT_CI
D_leave_one_positive_out,A_gap_change__MLP_minus_GCN_reverse,ap,7,7,0.00012036604581022606,0.0002622251502154673,paired_fixed_score_influence_range_NOT_CI
D_leave_one_positive_out,A_gap_change__MLP_minus_GCN_reverse,f1_val_threshold,7,7,0.0,0.001091688838631014,paired_fixed_score_influence_range_NOT_CI
D_leave_one_positive_out,A_gap_change__MLP_minus_GCN_reverse,p_at_5pct,7,7,0.0,0.00047393364928909965,paired_fixed_score_influence_range_NOT_CI
D_leave_one_positive_out,A_gap_change__MLP_minus_GCN_reverse,r_at_10fpr,7,7,-0.033333333333333326,0.033333333333333326,paired_fixed_score_influence_range_NOT_CI
D_leave_one_positive_out,A_gap_change__MLP_minus_GCN_reverse,hits_at_budget,7,7,0.0,0.2,paired_fixed_score_influence_range_NOT_CI
D_leave_one_positive_out,A_gap__MLP_minus_GraphSAGE_reverse,roc_auc,7,7,-0.00880570409982151,0.0400039611804317,paired_fixed_score_influence_range_NOT_CI
D_leave_one_positive_out,A_gap__MLP_minus_GraphSAGE_reverse,ap,7,7,-0.00016421432182063718,3.789340443930973e-05,paired_fixed_score_influence_range_NOT_CI
D_leave_one_positive_out,A_gap__MLP_minus_GraphSAGE_reverse,f1_val_threshold,7,7,0.0,0.0,paired_fixed_score_influence_range_NOT_CI
D_leave_one_positive_out,A_gap__MLP_minus_GraphSAGE_reverse,p_at_5pct,7,7,0.0,0.0,paired_fixed_score_influence_range_NOT_CI
D_leave_one_positive_out,A_gap__MLP_minus_GraphSAGE_reverse,r_at_10fpr,7,7,-0.1333333333333333,-0.06666666666666667,paired_fixed_score_influence_range_NOT_CI
D_leave_one_positive_out,A_gap__MLP_minus_GraphSAGE_reverse,hits_at_budget,7,7,0.0,0.0,paired_fixed_score_influence_range_NOT_CI
D_leave_one_positive_out,A_gap_change__MLP_minus_GraphSAGE_reverse,roc_auc,7,7,-0.005826896415131788,0.037001386413151094,paired_fixed_score_influence_range_NOT_CI
D_leave_one_positive_out,A_gap_change__MLP_minus_GraphSAGE_reverse,ap,7,7,7.513987988461211e-05,0.00018689540395159122,paired_fixed_score_influence_range_NOT_CI
D_leave_one_positive_out,A_gap_change__MLP_minus_GraphSAGE_reverse,f1_val_threshold,7,7,0.0,0.0,paired_fixed_score_influence_range_NOT_CI
D_leave_one_positive_out,A_gap_change__MLP_minus_GraphSAGE_reverse,p_at_5pct,7,7,0.0,0.00047393364928909954,paired_fixed_score_influence_range_NOT_CI
D_leave_one_positive_out,A_gap_change__MLP_minus_GraphSAGE_reverse,r_at_10fpr,7,7,-0.06666666666666668,-0.033333333333333326,paired_fixed_score_influence_range_NOT_CI
D_leave_one_positive_out,A_gap_change__MLP_minus_GraphSAGE_reverse,hits_at_budget,7,7,0.0,0.2,paired_fixed_score_influence_range_NOT_CI
D_leave_one_positive_out,A_gap__RandomForest_unweighted_minus_GCN_reverse,roc_auc,7,7,-0.09256090314913856,0.03616359675183212,paired_fixed_score_influence_range_NOT_CI
D_leave_one_positive_out,A_gap__RandomForest_unweighted_minus_GCN_reverse,ap,7,7,-0.002121860029957001,2.7196717268233687e-05,paired_fixed_score_influence_range_NOT_CI
D_leave_one_positive_out,A_gap__RandomForest_unweighted_minus_GCN_reverse,f1_val_threshold,7,7,-0.008058262674075901,0.0,paired_fixed_score_influence_range_NOT_CI
D_leave_one_positive_out,A_gap__RandomForest_unweighted_minus_GCN_reverse,p_at_5pct,7,7,-0.002369668246445498,0.0,paired_fixed_score_influence_range_NOT_CI
D_leave_one_positive_out,A_gap__RandomForest_unweighted_minus_GCN_reverse,r_at_10fpr,7,7,-0.3333333333333333,-0.033333333333333326,paired_fixed_score_influence_range_NOT_CI
D_leave_one_positive_out,A_gap__RandomForest_unweighted_minus_GCN_reverse,hits_at_budget,7,7,-1.0,0.0,paired_fixed_score_influence_range_NOT_CI
D_leave_one_positive_out,A_gap_change__RandomForest_unweighted_minus_GCN_reverse,roc_auc,7,7,-0.02911467617349972,-0.0030758566052683234,paired_fixed_score_influence_range_NOT_CI
D_leave_one_positive_out,A_gap_change__RandomForest_unweighted_minus_GCN_reverse,ap,7,7,2.758730090794757e-05,0.00019386991174031665,paired_fixed_score_influence_range_NOT_CI
D_leave_one_positive_out,A_gap_change__RandomForest_unweighted_minus_GCN_reverse,f1_val_threshold,7,7,0.0,0.001091688838631014,paired_fixed_score_influence_range_NOT_CI
D_leave_one_positive_out,A_gap_change__RandomForest_unweighted_minus_GCN_reverse,p_at_5pct,7,7,0.0,0.00047393364928909965,paired_fixed_score_influence_range_NOT_CI
D_leave_one_positive_out,A_gap_change__RandomForest_unweighted_minus_GCN_reverse,r_at_10fpr,7,7,0.033333333333333326,0.09999999999999999,paired_fixed_score_influence_range_NOT_CI
D_leave_one_positive_out,A_gap_change__RandomForest_unweighted_minus_GCN_reverse,hits_at_budget,7,7,0.0,0.2,paired_fixed_score_influence_range_NOT_CI
D_leave_one_positive_out,A_gap__RandomForest_unweighted_minus_GraphSAGE_reverse,roc_auc,7,7,0.018294711824123566,0.1165993265993267,paired_fixed_score_influence_range_NOT_CI
D_leave_one_positive_out,A_gap__RandomForest_unweighted_minus_GraphSAGE_reverse,ap,7,7,-0.0001591862893674937,0.00038313864773888346,paired_fixed_score_influence_range_NOT_CI
D_leave_one_positive_out,A_gap__RandomForest_unweighted_minus_GraphSAGE_reverse,f1_val_threshold,7,7,0.0,0.0,paired_fixed_score_influence_range_NOT_CI
D_leave_one_positive_out,A_gap__RandomForest_unweighted_minus_GraphSAGE_reverse,p_at_5pct,7,7,0.0,0.0,paired_fixed_score_influence_range_NOT_CI
D_leave_one_positive_out,A_gap__RandomForest_unweighted_minus_GraphSAGE_reverse,r_at_10fpr,7,7,-0.19999999999999998,0.06666666666666667,paired_fixed_score_influence_range_NOT_CI
D_leave_one_positive_out,A_gap__RandomForest_unweighted_minus_GraphSAGE_reverse,hits_at_budget,7,7,0.0,0.0,paired_fixed_score_influence_range_NOT_CI
D_leave_one_positive_out,A_gap_change__RandomForest_unweighted_minus_GraphSAGE_reverse,roc_auc,7,7,-0.023624480095068345,0.03379084967320278,paired_fixed_score_influence_range_NOT_CI
D_leave_one_positive_out,A_gap_change__RandomForest_unweighted_minus_GraphSAGE_reverse,ap,7,7,-1.2706838429282297e-05,0.00013112707480943207,paired_fixed_score_influence_range_NOT_CI
D_leave_one_positive_out,A_gap_change__RandomForest_unweighted_minus_GraphSAGE_reverse,f1_val_threshold,7,7,0.0,0.0,paired_fixed_score_influence_range_NOT_CI
D_leave_one_positive_out,A_gap_change__RandomForest_unweighted_minus_GraphSAGE_reverse,p_at_5pct,7,7,0.0,0.00047393364928909954,paired_fixed_score_influence_range_NOT_CI
D_leave_one_positive_out,A_gap_change__RandomForest_unweighted_minus_GraphSAGE_reverse,r_at_10fpr,7,7,-0.033333333333333326,0.06666666666666667,paired_fixed_score_influence_range_NOT_CI
D_leave_one_positive_out,A_gap_change__RandomForest_unweighted_minus_GraphSAGE_reverse,hits_at_budget,7,7,0.0,0.2,paired_fixed_score_influence_range_NOT_CI
D_leave_one_positive_out,B_increment__MLP__271707,roc_auc,7,7,-0.03192315309962368,0.013487819370172294,paired_fixed_score_influence_range_NOT_CI
D_leave_one_positive_out,B_increment__MLP__271707,ap,7,7,-0.00011390410057072597,6.062130793766697e-05,paired_fixed_score_influence_range_NOT_CI
D_leave_one_positive_out,B_increment__MLP__271707,f1_val_threshold,7,7,0.0,0.0,paired_fixed_score_influence_range_NOT_CI
D_leave_one_positive_out,B_increment__MLP__271707,p_at_5pct,7,7,0.0,0.0,paired_fixed_score_influence_range_NOT_CI
D_leave_one_positive_out,B_increment__MLP__271707,r_at_10fpr,7,7,-0.03333333333333333,0.03333333333333333,paired_fixed_score_influence_range_NOT_CI
D_leave_one_positive_out,B_increment__MLP__271707,hits_at_budget,7,7,0.0,0.0,paired_fixed_score_influence_range_NOT_CI
D_leave_one_positive_out,B_minus_ASOF__MLP__M5__271707,roc_auc,7,7,-0.0032560903149138065,0.03875618934442471,paired_fixed_score_influence_range_NOT_CI
D_leave_one_positive_out,B_minus_ASOF__MLP__M5__271707,ap,7,7,-0.00011413652810494837,8.537474082941782e-05,paired_fixed_score_influence_range_NOT_CI
D_leave_one_positive_out,B_minus_ASOF__MLP__M5__271707,f1_val_threshold,7,7,-0.0006700167504187605,0.0,paired_fixed_score_influence_range_NOT_CI
D_leave_one_positive_out,B_minus_ASOF__MLP__M5__271707,p_at_5pct,7,7,0.0,0.0,paired_fixed_score_influence_range_NOT_CI
D_leave_one_positive_out,B_minus_ASOF__MLP__M5__271707,r_at_10fpr,7,7,-0.1,0.0,paired_fixed_score_influence_range_NOT_CI
D_leave_one_positive_out,B_minus_ASOF__MLP__M5__271707,hits_at_budget,7,7,0.0,0.0,paired_fixed_score_influence_range_NOT_CI
D_leave_one_positive_out,B_minus_ASOF__MLP__M11__271707,roc_auc,7,7,-0.005458506634977156,0.009895028718558185,paired_fixed_score_influence_range_NOT_CI
D_leave_one_positive_out,B_minus_ASOF__MLP__M11__271707,ap,7,7,-3.9297073761804593e-05,3.321150525044869e-05,paired_fixed_score_influence_range_NOT_CI
D_leave_one_positive_out,B_minus_ASOF__MLP__M11__271707,f1_val_threshold,7,7,0.0,0.0,paired_fixed_score_influence_range_NOT_CI
D_leave_one_positive_out,B_minus_ASOF__MLP__M11__271707,p_at_5pct,7,7,0.0,0.0,paired_fixed_score_influence_range_NOT_CI
D_leave_one_positive_out,B_minus_ASOF__MLP__M11__271707,r_at_10fpr,7,7,-0.03333333333333333,0.0,paired_fixed_score_influence_range_NOT_CI
D_leave_one_positive_out,B_minus_ASOF__MLP__M11__271707,hits_at_budget,7,7,0.0,0.0,paired_fixed_score_influence_range_NOT_CI
D_leave_one_positive_out,B_increment_change__MLP__271707,roc_auc,7,7,-0.032093483858189664,-0.001481481481481528,paired_fixed_score_influence_range_NOT_CI
D_leave_one_positive_out,B_increment_change__MLP__271707,ap,7,7,-5.216323557896913e-05,8.695643322800318e-05,paired_fixed_score_influence_range_NOT_CI
D_leave_one_positive_out,B_increment_change__MLP__271707,f1_val_threshold,7,7,0.0,0.0006700167504187605,paired_fixed_score_influence_range_NOT_CI
D_leave_one_positive_out,B_increment_change__MLP__271707,p_at_5pct,7,7,0.0,0.0,paired_fixed_score_influence_range_NOT_CI
D_leave_one_positive_out,B_increment_change__MLP__271707,r_at_10fpr,7,7,-0.03333333333333333,0.1,paired_fixed_score_influence_range_NOT_CI
D_leave_one_positive_out,B_increment_change__MLP__271707,hits_at_budget,7,7,0.0,0.0,paired_fixed_score_influence_range_NOT_CI
D_leave_one_positive_out,B_increment__MLP__271708,roc_auc,7,7,-0.019017627252921332,0.02026143790849666,paired_fixed_score_influence_range_NOT_CI
D_leave_one_positive_out,B_increment__MLP__271708,ap,7,7,-0.00010541567973459606,5.168975419830163e-05,paired_fixed_score_influence_range_NOT_CI
D_leave_one_positive_out,B_increment__MLP__271708,f1_val_threshold,7,7,0.0,0.0,paired_fixed_score_influence_range_NOT_CI
D_leave_one_positive_out,B_increment__MLP__271708,p_at_5pct,7,7,0.0,0.0,paired_fixed_score_influence_range_NOT_CI
D_leave_one_positive_out,B_increment__MLP__271708,r_at_10fpr,7,7,-0.06666666666666667,0.03333333333333333,paired_fixed_score_influence_range_NOT_CI
D_leave_one_positive_out,B_increment__MLP__271708,hits_at_budget,7,7,0.0,0.0,paired_fixed_score_influence_range_NOT_CI
D_leave_one_positive_out,B_minus_ASOF__MLP__M5__271708,roc_auc,7,7,-0.026448801742919192,0.01000594177064773,paired_fixed_score_influence_range_NOT_CI
D_leave_one_positive_out,B_minus_ASOF__MLP__M5__271708,ap,7,7,-0.00019524210786508209,1.2720969632240738e-05,paired_fixed_score_influence_range_NOT_CI
D_leave_one_positive_out,B_minus_ASOF__MLP__M5__271708,f1_val_threshold,7,7,-0.0006700167504187605,0.0,paired_fixed_score_influence_range_NOT_CI
D_leave_one_positive_out,B_minus_ASOF__MLP__M5__271708,p_at_5pct,7,7,0.0,0.0,paired_fixed_score_influence_range_NOT_CI
D_leave_one_positive_out,B_minus_ASOF__MLP__M5__271708,r_at_10fpr,7,7,-0.06666666666666667,0.0,paired_fixed_score_influence_range_NOT_CI
D_leave_one_positive_out,B_minus_ASOF__MLP__M5__271708,hits_at_budget,7,7,0.0,0.0,paired_fixed_score_influence_range_NOT_CI
D_leave_one_positive_out,B_minus_ASOF__MLP__M11__271708,roc_auc,7,7,-0.017377698554169152,0.004266191325014934,paired_fixed_score_influence_range_NOT_CI
D_leave_one_positive_out,B_minus_ASOF__MLP__M11__271708,ap,7,7,-0.00010483660618675126,1.671253688929203e-07,paired_fixed_score_influence_range_NOT_CI
D_leave_one_positive_out,B_minus_ASOF__MLP__M11__271708,f1_val_threshold,7,7,0.0,0.0,paired_fixed_score_influence_range_NOT_CI
D_leave_one_positive_out,B_minus_ASOF__MLP__M11__271708,p_at_5pct,7,7,0.0,0.0,paired_fixed_score_influence_range_NOT_CI
D_leave_one_positive_out,B_minus_ASOF__MLP__M11__271708,r_at_10fpr,7,7,-0.03333333333333333,0.0,paired_fixed_score_influence_range_NOT_CI
D_leave_one_positive_out,B_minus_ASOF__MLP__M11__271708,hits_at_budget,7,7,0.0,0.0,paired_fixed_score_influence_range_NOT_CI
D_leave_one_positive_out,B_increment_change__MLP__271708,roc_auc,7,7,-0.011538918597742143,0.00907110318875004,paired_fixed_score_influence_range_NOT_CI
D_leave_one_positive_out,B_increment_change__MLP__271708,ap,7,7,-2.032470325968221e-05,9.040550167833082e-05,paired_fixed_score_influence_range_NOT_CI
D_leave_one_positive_out,B_increment_change__MLP__271708,f1_val_threshold,7,7,0.0,0.0006700167504187605,paired_fixed_score_influence_range_NOT_CI
D_leave_one_positive_out,B_increment_change__MLP__271708,p_at_5pct,7,7,0.0,0.0,paired_fixed_score_influence_range_NOT_CI
D_leave_one_positive_out,B_increment_change__MLP__271708,r_at_10fpr,7,7,-0.03333333333333333,0.06666666666666667,paired_fixed_score_influence_range_NOT_CI
D_leave_one_positive_out,B_increment_change__MLP__271708,hits_at_budget,7,7,0.0,0.0,paired_fixed_score_influence_range_NOT_CI
D_leave_one_positive_out,B_increment__MLP__271709,roc_auc,7,7,-0.011412160823925488,0.02927708457120215,paired_fixed_score_influence_range_NOT_CI
D_leave_one_positive_out,B_increment__MLP__271709,ap,7,7,-7.334126049085479e-05,7.542538906125224e-05,paired_fixed_score_influence_range_NOT_CI
D_leave_one_positive_out,B_increment__MLP__271709,f1_val_threshold,7,7,-0.0006482982171799027,0.0,paired_fixed_score_influence_range_NOT_CI
D_leave_one_positive_out,B_increment__MLP__271709,p_at_5pct,7,7,0.0,0.0,paired_fixed_score_influence_range_NOT_CI
D_leave_one_positive_out,B_increment__MLP__271709,r_at_10fpr,7,7,-0.03333333333333333,0.03333333333333333,paired_fixed_score_influence_range_NOT_CI
D_leave_one_positive_out,B_increment__MLP__271709,hits_at_budget,7,7,0.0,0.0,paired_fixed_score_influence_range_NOT_CI
D_leave_one_positive_out,B_minus_ASOF__MLP__M5__271709,roc_auc,7,7,-0.04632996632996622,-0.0027292533174886335,paired_fixed_score_influence_range_NOT_CI
D_leave_one_positive_out,B_minus_ASOF__MLP__M5__271709,ap,7,7,-0.0002385122438762397,-4.799369135377596e-05,paired_fixed_score_influence_range_NOT_CI
D_leave_one_positive_out,B_minus_ASOF__MLP__M5__271709,f1_val_threshold,7,7,-2.1718533238857798e-05,0.0,paired_fixed_score_influence_range_NOT_CI
D_leave_one_positive_out,B_minus_ASOF__MLP__M5__271709,p_at_5pct,7,7,0.0,0.0,paired_fixed_score_influence_range_NOT_CI
D_leave_one_positive_out,B_minus_ASOF__MLP__M5__271709,r_at_10fpr,7,7,-0.1,0.0,paired_fixed_score_influence_range_NOT_CI
D_leave_one_positive_out,B_minus_ASOF__MLP__M5__271709,hits_at_budget,7,7,0.0,0.0,paired_fixed_score_influence_range_NOT_CI
D_leave_one_positive_out,B_minus_ASOF__MLP__M11__271709,roc_auc,7,7,-0.03202218261041789,0.0005545652604476148,paired_fixed_score_influence_range_NOT_CI
D_leave_one_positive_out,B_minus_ASOF__MLP__M11__271709,ap,7,7,-0.00013675172952465125,-4.444044746959217e-05,paired_fixed_score_influence_range_NOT_CI
D_leave_one_positive_out,B_minus_ASOF__MLP__M11__271709,f1_val_threshold,7,7,0.0,0.0,paired_fixed_score_influence_range_NOT_CI
D_leave_one_positive_out,B_minus_ASOF__MLP__M11__271709,p_at_5pct,7,7,0.0,0.0,paired_fixed_score_influence_range_NOT_CI
D_leave_one_positive_out,B_minus_ASOF__MLP__M11__271709,r_at_10fpr,7,7,-0.03333333333333333,0.0,paired_fixed_score_influence_range_NOT_CI
D_leave_one_positive_out,B_minus_ASOF__MLP__M11__271709,hits_at_budget,7,7,0.0,0.0,paired_fixed_score_influence_range_NOT_CI
D_leave_one_positive_out,B_increment_change__MLP__271709,roc_auc,7,7,-0.004317686670627596,0.014307783719548328,paired_fixed_score_influence_range_NOT_CI
D_leave_one_positive_out,B_increment_change__MLP__271709,ap,7,7,-1.6506343711424456e-05,0.00010176051435158845,paired_fixed_score_influence_range_NOT_CI
D_leave_one_positive_out,B_increment_change__MLP__271709,f1_val_threshold,7,7,0.0,2.1718533238857798e-05,paired_fixed_score_influence_range_NOT_CI
D_leave_one_positive_out,B_increment_change__MLP__271709,p_at_5pct,7,7,0.0,0.0,paired_fixed_score_influence_range_NOT_CI
D_leave_one_positive_out,B_increment_change__MLP__271709,r_at_10fpr,7,7,-0.03333333333333333,0.1,paired_fixed_score_influence_range_NOT_CI
D_leave_one_positive_out,B_increment_change__MLP__271709,hits_at_budget,7,7,0.0,0.0,paired_fixed_score_influence_range_NOT_CI
D_leave_one_positive_out,B_increment__MLP__mean3,roc_auc,7,7,-0.017691952201756123,0.018422129794678777,paired_fixed_score_influence_range_NOT_CI
D_leave_one_positive_out,B_increment__MLP__mean3,ap,7,7,-9.755368026539225e-05,5.127394024819984e-05,paired_fixed_score_influence_range_NOT_CI
D_leave_one_positive_out,B_increment__MLP__mean3,f1_val_threshold,7,7,-0.00021609940572663423,0.0,paired_fixed_score_influence_range_NOT_CI
D_leave_one_positive_out,B_increment__MLP__mean3,p_at_5pct,7,7,0.0,0.0,paired_fixed_score_influence_range_NOT_CI
D_leave_one_positive_out,B_increment__MLP__mean3,r_at_10fpr,7,7,-0.04444444444444444,0.033333333333333326,paired_fixed_score_influence_range_NOT_CI
D_leave_one_positive_out,B_increment__MLP__mean3,hits_at_budget,7,7,0.0,0.0,paired_fixed_score_influence_range_NOT_CI
D_leave_one_positive_out,B_minus_ASOF__MLP__M5__mean3,roc_auc,7,7,-0.014734270812702066,0.01141348121740271,paired_fixed_score_influence_range_NOT_CI
D_leave_one_positive_out,B_minus_ASOF__MLP__M5__mean3,ap,7,7,-0.00014551844348071924,1.6700673035960865e-05,paired_fixed_score_influence_range_NOT_CI
D_leave_one_positive_out,B_minus_ASOF__MLP__M5__mean3,f1_val_threshold,7,7,-0.00045391734469212627,0.0,paired_fixed_score_influence_range_NOT_CI
D_leave_one_positive_out,B_minus_ASOF__MLP__M5__mean3,p_at_5pct,7,7,0.0,0.0,paired_fixed_score_influence_range_NOT_CI
D_leave_one_positive_out,B_minus_ASOF__MLP__M5__mean3,r_at_10fpr,7,7,-0.08888888888888889,0.0,paired_fixed_score_influence_range_NOT_CI
D_leave_one_positive_out,B_minus_ASOF__MLP__M5__mean3,hits_at_budget,7,7,0.0,0.0,paired_fixed_score_influence_range_NOT_CI
D_leave_one_positive_out,B_minus_ASOF__MLP__M11__mean3,roc_auc,7,7,-0.011281441869677167,0.0021509209744503544,paired_fixed_score_influence_range_NOT_CI
D_leave_one_positive_out,B_minus_ASOF__MLP__M11__mean3,ap,7,7,-6.79093779421833e-05,-8.304316777263268e-06,paired_fixed_score_influence_range_NOT_CI
D_leave_one_positive_out,B_minus_ASOF__MLP__M11__mean3,f1_val_threshold,7,7,0.0,0.0,paired_fixed_score_influence_range_NOT_CI
D_leave_one_positive_out,B_minus_ASOF__MLP__M11__mean3,p_at_5pct,7,7,0.0,0.0,paired_fixed_score_influence_range_NOT_CI
D_leave_one_positive_out,B_minus_ASOF__MLP__M11__mean3,r_at_10fpr,7,7,-0.03333333333333334,0.0,paired_fixed_score_influence_range_NOT_CI
D_leave_one_positive_out,B_minus_ASOF__MLP__M11__mean3,hits_at_budget,7,7,0.0,0.0,paired_fixed_score_influence_range_NOT_CI
D_leave_one_positive_out,B_increment_change__MLP__mean3,roc_auc,7,7,-0.014517726282431975,0.0034528289430248993,paired_fixed_score_influence_range_NOT_CI
D_leave_one_positive_out,B_increment_change__MLP__mean3,ap,7,7,-2.5004989813224134e-05,7.760906553853594e-05,paired_fixed_score_influence_range_NOT_CI
D_leave_one_positive_out,B_increment_change__MLP__mean3,f1_val_threshold,7,7,0.0,0.00045391734469212627,paired_fixed_score_influence_range_NOT_CI
D_leave_one_positive_out,B_increment_change__MLP__mean3,p_at_5pct,7,7,0.0,0.0,paired_fixed_score_influence_range_NOT_CI
D_leave_one_positive_out,B_increment_change__MLP__mean3,r_at_10fpr,7,7,-0.03333333333333334,0.08888888888888889,paired_fixed_score_influence_range_NOT_CI
D_leave_one_positive_out,B_increment_change__MLP__mean3,hits_at_budget,7,7,0.0,0.0,paired_fixed_score_influence_range_NOT_CI
D_leave_one_positive_out,B0_42_minus_17__MLP,roc_auc,7,7,0.055082194493959236,0.10637551990493166,paired_fixed_score_influence_range_NOT_CI
D_leave_one_positive_out,B0_42_minus_17__MLP,ap,7,7,-0.00025621610972034975,0.0001974261810027974,paired_fixed_score_influence_range_NOT_CI
D_leave_one_positive_out,B0_42_minus_17__MLP,f1_val_threshold,7,7,-0.0008994376392917048,-0.0005513459370738777,paired_fixed_score_influence_range_NOT_CI
D_leave_one_positive_out,B0_42_minus_17__MLP,p_at_5pct,7,7,-0.00047393364928909954,0.0,paired_fixed_score_influence_range_NOT_CI
D_leave_one_positive_out,B0_42_minus_17__MLP,r_at_10fpr,7,7,-0.06666666666666667,0.03333333333333333,paired_fixed_score_influence_range_NOT_CI
D_leave_one_positive_out,B0_42_minus_17__MLP,hits_at_budget,7,7,-0.2,0.0,paired_fixed_score_influence_range_NOT_CI
D_leave_one_positive_out,B_increment__RandomForest_unweighted__271707,roc_auc,7,7,-0.04489601901366602,0.04626064567241028,paired_fixed_score_influence_range_NOT_CI
D_leave_one_positive_out,B_increment__RandomForest_unweighted__271707,ap,7,7,-0.0004884711548449167,5.292654768152168e-05,paired_fixed_score_influence_range_NOT_CI
D_leave_one_positive_out,B_increment__RandomForest_unweighted__271707,f1_val_threshold,7,7,-0.0010075566750629723,0.0,paired_fixed_score_influence_range_NOT_CI
D_leave_one_positive_out,B_increment__RandomForest_unweighted__271707,p_at_5pct,7,7,-0.0018957345971563982,0.0,paired_fixed_score_influence_range_NOT_CI
D_leave_one_positive_out,B_increment__RandomForest_unweighted__271707,r_at_10fpr,7,7,-0.033333333333333326,0.0,paired_fixed_score_influence_range_NOT_CI
D_leave_one_positive_out,B_increment__RandomForest_unweighted__271707,hits_at_budget,7,7,-0.8,0.0,paired_fixed_score_influence_range_NOT_CI
D_leave_one_positive_out,B_minus_ASOF__RandomForest_unweighted__M5__271707,roc_auc,7,7,-0.13048326401267585,-0.07658744305803133,paired_fixed_score_influence_range_NOT_CI
D_leave_one_positive_out,B_minus_ASOF__RandomForest_unweighted__M5__271707,ap,7,7,-0.002091378532651212,-0.0009498327362403413,paired_fixed_score_influence_range_NOT_CI
D_leave_one_positive_out,B_minus_ASOF__RandomForest_unweighted__M5__271707,f1_val_threshold,7,7,0.0,0.0010075566750629723,paired_fixed_score_influence_range_NOT_CI
D_leave_one_positive_out,B_minus_ASOF__RandomForest_unweighted__M5__271707,p_at_5pct,7,7,-0.003317535545023697,0.0009478672985781991,paired_fixed_score_influence_range_NOT_CI
D_leave_one_positive_out,B_minus_ASOF__RandomForest_unweighted__M5__271707,r_at_10fpr,7,7,-0.5666666666666667,-0.2666666666666666,paired_fixed_score_influence_range_NOT_CI
D_leave_one_positive_out,B_minus_ASOF__RandomForest_unweighted__M5__271707,hits_at_budget,7,7,-1.4,0.4,paired_fixed_score_influence_range_NOT_CI
D_leave_one_positive_out,B_minus_ASOF__RandomForest_unweighted__M11__271707,roc_auc,7,7,-0.15383244206773627,-0.06848682907506431,paired_fixed_score_influence_range_NOT_CI
D_leave_one_positive_out,B_minus_ASOF__RandomForest_unweighted__M11__271707,ap,7,7,-0.0017170043827195445,-0.000727164722504026,paired_fixed_score_influence_range_NOT_CI
D_leave_one_positive_out,B_minus_ASOF__RandomForest_unweighted__M11__271707,f1_val_threshold,7,7,0.0,0.0,paired_fixed_score_influence_range_NOT_CI
D_leave_one_positive_out,B_minus_ASOF__RandomForest_unweighted__M11__271707,p_at_5pct,7,7,-0.002369668246445498,0.0,paired_fixed_score_influence_range_NOT_CI
D_leave_one_positive_out,B_minus_ASOF__RandomForest_unweighted__M11__271707,r_at_10fpr,7,7,-0.4333333333333333,-0.1333333333333334,paired_fixed_score_influence_range_NOT_CI
D_leave_one_positive_out,B_minus_ASOF__RandomForest_unweighted__M11__271707,hits_at_budget,7,7,-1.0,0.0,paired_fixed_score_influence_range_NOT_CI
D_leave_one_positive_out,B_increment_change__RandomForest_unweighted__271707,roc_auc,7,7,-0.042970885323826424,0.01445434739552387,paired_fixed_score_influence_range_NOT_CI
D_leave_one_positive_out,B_increment_change__RandomForest_unweighted__271707,ap,7,7,7.38814181028614e-05,0.0005888394504315417,paired_fixed_score_influence_range_NOT_CI
D_leave_one_positive_out,B_increment_change__RandomForest_unweighted__271707,f1_val_threshold,7,7,-0.0010075566750629723,0.0,paired_fixed_score_influence_range_NOT_CI
D_leave_one_positive_out,B_increment_change__RandomForest_unweighted__271707,p_at_5pct,7,7,-0.0018957345971563986,0.0009478672985781993,paired_fixed_score_influence_range_NOT_CI
D_leave_one_positive_out,B_increment_change__RandomForest_unweighted__271707,r_at_10fpr,7,7,0.03333333333333338,0.13333333333333336,paired_fixed_score_influence_range_NOT_CI
D_leave_one_positive_out,B_increment_change__RandomForest_unweighted__271707,hits_at_budget,7,7,-0.8,0.3999999999999999,paired_fixed_score_influence_range_NOT_CI
D_leave_one_positive_out,B_increment__RandomForest_unweighted__271708,roc_auc,7,7,-0.017902554961378492,0.05097841156664695,paired_fixed_score_influence_range_NOT_CI
D_leave_one_positive_out,B_increment__RandomForest_unweighted__271708,ap,7,7,-0.00019064542409025307,5.816804377532553e-05,paired_fixed_score_influence_range_NOT_CI
D_leave_one_positive_out,B_increment__RandomForest_unweighted__271708,f1_val_threshold,7,7,0.0,0.0,paired_fixed_score_influence_range_NOT_CI
D_leave_one_positive_out,B_increment__RandomForest_unweighted__271708,p_at_5pct,7,7,-0.0009478672985781991,0.0,paired_fixed_score_influence_range_NOT_CI
D_leave_one_positive_out,B_increment__RandomForest_unweighted__271708,r_at_10fpr,7,7,0.0,0.0,paired_fixed_score_influence_range_NOT_CI
D_leave_one_positive_out,B_increment__RandomForest_unweighted__271708,hits_at_budget,7,7,-0.4,0.0,paired_fixed_score_influence_range_NOT_CI
D_leave_one_positive_out,B_minus_ASOF__RandomForest_unweighted__M5__271708,roc_auc,7,7,-0.16330956625074278,-0.08263814616755816,paired_fixed_score_influence_range_NOT_CI
D_leave_one_positive_out,B_minus_ASOF__RandomForest_unweighted__M5__271708,ap,7,7,-0.0023969659847171937,-0.001198432053099024,paired_fixed_score_influence_range_NOT_CI
D_leave_one_positive_out,B_minus_ASOF__RandomForest_unweighted__M5__271708,f1_val_threshold,7,7,0.0,0.0,paired_fixed_score_influence_range_NOT_CI
D_leave_one_positive_out,B_minus_ASOF__RandomForest_unweighted__M5__271708,p_at_5pct,7,7,-0.003317535545023697,0.0,paired_fixed_score_influence_range_NOT_CI
D_leave_one_positive_out,B_minus_ASOF__RandomForest_unweighted__M5__271708,r_at_10fpr,7,7,-0.5666666666666667,-0.2666666666666666,paired_fixed_score_influence_range_NOT_CI
D_leave_one_positive_out,B_minus_ASOF__RandomForest_unweighted__M5__271708,hits_at_budget,7,7,-1.4,0.0,paired_fixed_score_influence_range_NOT_CI
D_leave_one_positive_out,B_minus_ASOF__RandomForest_unweighted__M11__271708,roc_auc,7,7,-0.1887918399683105,-0.09749059219647438,paired_fixed_score_influence_range_NOT_CI
D_leave_one_positive_out,B_minus_ASOF__RandomForest_unweighted__M11__271708,ap,7,7,-0.0018385743398458844,-0.0007908897084055572,paired_fixed_score_influence_range_NOT_CI
D_leave_one_positive_out,B_minus_ASOF__RandomForest_unweighted__M11__271708,f1_val_threshold,7,7,0.0,0.0,paired_fixed_score_influence_range_NOT_CI
D_leave_one_positive_out,B_minus_ASOF__RandomForest_unweighted__M11__271708,p_at_5pct,7,7,-0.002369668246445498,0.0,paired_fixed_score_influence_range_NOT_CI
D_leave_one_positive_out,B_minus_ASOF__RandomForest_unweighted__M11__271708,r_at_10fpr,7,7,-0.4333333333333333,-0.10000000000000006,paired_fixed_score_influence_range_NOT_CI
D_leave_one_positive_out,B_minus_ASOF__RandomForest_unweighted__M11__271708,hits_at_budget,7,7,-1.0,0.0,paired_fixed_score_influence_range_NOT_CI
D_leave_one_positive_out,B_increment_change__RandomForest_unweighted__271708,roc_auc,7,7,-0.025482273717567727,0.0144919786096257,paired_fixed_score_influence_range_NOT_CI
D_leave_one_positive_out,B_increment_change__RandomForest_unweighted__271708,ap,7,7,0.00020581209084297647,0.0006910198084028821,paired_fixed_score_influence_range_NOT_CI
D_leave_one_positive_out,B_increment_change__RandomForest_unweighted__271708,f1_val_threshold,7,7,0.0,0.0,paired_fixed_score_influence_range_NOT_CI
D_leave_one_positive_out,B_increment_change__RandomForest_unweighted__271708,p_at_5pct,7,7,-0.0009478672985781993,0.0009478672985781993,paired_fixed_score_influence_range_NOT_CI
D_leave_one_positive_out,B_increment_change__RandomForest_unweighted__271708,r_at_10fpr,7,7,0.06666666666666671,0.16666666666666669,paired_fixed_score_influence_range_NOT_CI
D_leave_one_positive_out,B_increment_change__RandomForest_unweighted__271708,hits_at_budget,7,7,-0.3999999999999999,0.3999999999999999,paired_fixed_score_influence_range_NOT_CI
D_leave_one_positive_out,B_increment__RandomForest_unweighted__271709,roc_auc,7,7,1.584472172699858e-05,0.0727926322043968,paired_fixed_score_influence_range_NOT_CI
D_leave_one_positive_out,B_increment__RandomForest_unweighted__271709,ap,7,7,-0.00016605682277008658,0.0002369949873410437,paired_fixed_score_influence_range_NOT_CI
D_leave_one_positive_out,B_increment__RandomForest_unweighted__271709,f1_val_threshold,7,7,-0.0022098444027365744,0.0,paired_fixed_score_influence_range_NOT_CI
D_leave_one_positive_out,B_increment__RandomForest_unweighted__271709,p_at_5pct,7,7,-0.0018957345971563982,0.0,paired_fixed_score_influence_range_NOT_CI
D_leave_one_positive_out,B_increment__RandomForest_unweighted__271709,r_at_10fpr,7,7,0.0,0.0,paired_fixed_score_influence_range_NOT_CI
D_leave_one_positive_out,B_increment__RandomForest_unweighted__271709,hits_at_budget,7,7,-0.8,0.0,paired_fixed_score_influence_range_NOT_CI
D_leave_one_positive_out,B_minus_ASOF__RandomForest_unweighted__M5__271709,roc_auc,7,7,-0.159728659140424,-0.10181818181818192,paired_fixed_score_influence_range_NOT_CI
D_leave_one_positive_out,B_minus_ASOF__RandomForest_unweighted__M5__271709,ap,7,7,-0.002225894609816716,-0.0010405717672478617,paired_fixed_score_influence_range_NOT_CI
D_leave_one_positive_out,B_minus_ASOF__RandomForest_unweighted__M5__271709,f1_val_threshold,7,7,0.0,0.0022098444027365744,paired_fixed_score_influence_range_NOT_CI
D_leave_one_positive_out,B_minus_ASOF__RandomForest_unweighted__M5__271709,p_at_5pct,7,7,-0.003317535545023697,0.0009478672985781991,paired_fixed_score_influence_range_NOT_CI
D_leave_one_positive_out,B_minus_ASOF__RandomForest_unweighted__M5__271709,r_at_10fpr,7,7,-0.5666666666666667,-0.2666666666666666,paired_fixed_score_influence_range_NOT_CI
D_leave_one_positive_out,B_minus_ASOF__RandomForest_unweighted__M5__271709,hits_at_budget,7,7,-1.4,0.4,paired_fixed_score_influence_range_NOT_CI
D_leave_one_positive_out,B_minus_ASOF__RandomForest_unweighted__M11__271709,roc_auc,7,7,-0.15117052881758775,-0.0706912259853435,paired_fixed_score_influence_range_NOT_CI
D_leave_one_positive_out,B_minus_ASOF__RandomForest_unweighted__M11__271709,ap,7,7,-0.0016354534424328506,-0.0006428605736617879,paired_fixed_score_influence_range_NOT_CI
D_leave_one_positive_out,B_minus_ASOF__RandomForest_unweighted__M11__271709,f1_val_threshold,7,7,0.0,0.0,paired_fixed_score_influence_range_NOT_CI
D_leave_one_positive_out,B_minus_ASOF__RandomForest_unweighted__M11__271709,p_at_5pct,7,7,-0.002369668246445498,0.0,paired_fixed_score_influence_range_NOT_CI
D_leave_one_positive_out,B_minus_ASOF__RandomForest_unweighted__M11__271709,r_at_10fpr,7,7,-0.4333333333333333,-0.10000000000000006,paired_fixed_score_influence_range_NOT_CI
D_leave_one_positive_out,B_minus_ASOF__RandomForest_unweighted__M11__271709,hits_at_budget,7,7,-1.0,0.0,paired_fixed_score_influence_range_NOT_CI
D_leave_one_positive_out,B_increment_change__RandomForest_unweighted__271709,roc_auc,7,7,0.0019409784115665962,0.03463260051495354,paired_fixed_score_influence_range_NOT_CI
D_leave_one_positive_out,B_increment_change__RandomForest_unweighted__271709,ap,7,7,0.0002765176755268376,0.0007061063423480806,paired_fixed_score_influence_range_NOT_CI
D_leave_one_positive_out,B_increment_change__RandomForest_unweighted__271709,f1_val_threshold,7,7,-0.0022098444027365744,0.0,paired_fixed_score_influence_range_NOT_CI
D_leave_one_positive_out,B_increment_change__RandomForest_unweighted__271709,p_at_5pct,7,7,-0.0018957345971563986,0.0009478672985781993,paired_fixed_score_influence_range_NOT_CI
D_leave_one_positive_out,B_increment_change__RandomForest_unweighted__271709,r_at_10fpr,7,7,0.06666666666666671,0.16666666666666669,paired_fixed_score_influence_range_NOT_CI
D_leave_one_positive_out,B_increment_change__RandomForest_unweighted__271709,hits_at_budget,7,7,-0.8,0.3999999999999999,paired_fixed_score_influence_range_NOT_CI
D_leave_one_positive_out,B_increment__RandomForest_unweighted__mean3,roc_auc,7,7,-0.02092757641777246,0.056677229814484614,paired_fixed_score_influence_range_NOT_CI
D_leave_one_positive_out,B_increment__RandomForest_unweighted__mean3,ap,7,7,-0.0002817244672350854,0.00011602985959929688,paired_fixed_score_influence_range_NOT_CI
D_leave_one_positive_out,B_increment__RandomForest_unweighted__mean3,f1_val_threshold,7,7,-0.0010724670259331822,0.0,paired_fixed_score_influence_range_NOT_CI
D_leave_one_positive_out,B_increment__RandomForest_unweighted__mean3,p_at_5pct,7,7,-0.001579778830963665,0.0,paired_fixed_score_influence_range_NOT_CI
D_leave_one_positive_out,B_increment__RandomForest_unweighted__mean3,r_at_10fpr,7,7,-0.0111111111111111,0.0,paired_fixed_score_influence_range_NOT_CI
D_leave_one_positive_out,B_increment__RandomForest_unweighted__mean3,hits_at_budget,7,7,-0.6666666666666667,0.0,paired_fixed_score_influence_range_NOT_CI
D_leave_one_positive_out,B_minus_ASOF__RandomForest_unweighted__M5__mean3,roc_auc,7,7,-0.15108866442199786,-0.08835544992407762,paired_fixed_score_influence_range_NOT_CI
D_leave_one_positive_out,B_minus_ASOF__RandomForest_unweighted__M5__mean3,ap,7,7,-0.002212640651402437,-0.0010641055384045732,paired_fixed_score_influence_range_NOT_CI
D_leave_one_positive_out,B_minus_ASOF__RandomForest_unweighted__M5__mean3,f1_val_threshold,7,7,0.0,0.0010724670259331822,paired_fixed_score_influence_range_NOT_CI
D_leave_one_positive_out,B_minus_ASOF__RandomForest_unweighted__M5__mean3,p_at_5pct,7,7,-0.003317535545023697,0.000631911532385466,paired_fixed_score_influence_range_NOT_CI
D_leave_one_positive_out,B_minus_ASOF__RandomForest_unweighted__M5__mean3,r_at_10fpr,7,7,-0.5666666666666667,-0.2666666666666666,paired_fixed_score_influence_range_NOT_CI
D_leave_one_positive_out,B_minus_ASOF__RandomForest_unweighted__M5__mean3,hits_at_budget,7,7,-1.4,0.2666666666666667,paired_fixed_score_influence_range_NOT_CI
D_leave_one_positive_out,B_minus_ASOF__RandomForest_unweighted__M11__mean3,roc_auc,7,7,-0.16459827028454488,-0.07888954908562751,paired_fixed_score_influence_range_NOT_CI
D_leave_one_positive_out,B_minus_ASOF__RandomForest_unweighted__M11__mean3,ap,7,7,-0.0017255798315957984,-0.0007203050015237905,paired_fixed_score_influence_range_NOT_CI
D_leave_one_positive_out,B_minus_ASOF__RandomForest_unweighted__M11__mean3,f1_val_threshold,7,7,0.0,0.0,paired_fixed_score_influence_range_NOT_CI
D_leave_one_positive_out,B_minus_ASOF__RandomForest_unweighted__M11__mean3,p_at_5pct,7,7,-0.002369668246445498,0.0,paired_fixed_score_influence_range_NOT_CI
D_leave_one_positive_out,B_minus_ASOF__RandomForest_unweighted__M11__mean3,r_at_10fpr,7,7,-0.4333333333333333,-0.11111111111111116,paired_fixed_score_influence_range_NOT_CI
D_leave_one_positive_out,B_minus_ASOF__RandomForest_unweighted__M11__mean3,hits_at_budget,7,7,-1.0,0.0,paired_fixed_score_influence_range_NOT_CI
D_leave_one_positive_out,B_increment_change__RandomForest_unweighted__mean3,roc_auc,7,7,-0.019002442727932833,0.01851719812504138,paired_fixed_score_influence_range_NOT_CI
D_leave_one_positive_out,B_increment_change__RandomForest_unweighted__mean3,ap,7,7,0.00018540372815755834,0.0006619885337275015,paired_fixed_score_influence_range_NOT_CI
D_leave_one_positive_out,B_increment_change__RandomForest_unweighted__mean3,f1_val_threshold,7,7,-0.0010724670259331822,0.0,paired_fixed_score_influence_range_NOT_CI
D_leave_one_positive_out,B_increment_change__RandomForest_unweighted__mean3,p_at_5pct,7,7,-0.0015797788309636646,0.0009478672985781993,paired_fixed_score_influence_range_NOT_CI
D_leave_one_positive_out,B_increment_change__RandomForest_unweighted__mean3,r_at_10fpr,7,7,0.05555555555555558,0.15555555555555556,paired_fixed_score_influence_range_NOT_CI
D_leave_one_positive_out,B_increment_change__RandomForest_unweighted__mean3,hits_at_budget,7,7,-0.6666666666666667,0.3999999999999999,paired_fixed_score_influence_range_NOT_CI
D_leave_one_positive_out,B0_42_minus_17__RandomForest_unweighted,roc_auc,7,7,-0.17260051495345613,0.03348385818974059,paired_fixed_score_influence_range_NOT_CI
D_leave_one_positive_out,B0_42_minus_17__RandomForest_unweighted,ap,7,7,-0.0004929891960458084,8.028896451220543e-05,paired_fixed_score_influence_range_NOT_CI
D_leave_one_positive_out,B0_42_minus_17__RandomForest_unweighted,f1_val_threshold,7,7,-0.0015755931843694799,-0.001126260507073101,paired_fixed_score_influence_range_NOT_CI
D_leave_one_positive_out,B0_42_minus_17__RandomForest_unweighted,p_at_5pct,7,7,-0.0014218009478672987,0.0,paired_fixed_score_influence_range_NOT_CI
D_leave_one_positive_out,B0_42_minus_17__RandomForest_unweighted,r_at_10fpr,7,7,-0.13333333333333333,0.1,paired_fixed_score_influence_range_NOT_CI
D_leave_one_positive_out,B0_42_minus_17__RandomForest_unweighted,hits_at_budget,7,7,-0.6,0.0,paired_fixed_score_influence_range_NOT_CI
full_leave_one_positive_component_out,A_minus_V26__MLP,roc_auc,16,16,-0.014354692435187832,-0.00724958563967848,paired_fixed_score_influence_range_NOT_CI
full_leave_one_positive_component_out,A_minus_V26__MLP,ap,16,16,-0.00016674525018027,0.00019877425075545685,paired_fixed_score_influence_range_NOT_CI
full_leave_one_positive_component_out,A_minus_V26__MLP,f1_val_threshold,16,16,-0.0028373172725924198,-0.0009143305458910456,paired_fixed_score_influence_range_NOT_CI
full_leave_one_positive_component_out,A_minus_V26__MLP,p_at_5pct,16,16,-0.0018957345971563986,-0.0004739336492890975,paired_fixed_score_influence_range_NOT_CI
full_leave_one_positive_component_out,A_minus_V26__MLP,r_at_10fpr,16,16,0.02105263157894738,0.04444444444444451,paired_fixed_score_influence_range_NOT_CI
full_leave_one_positive_component_out,A_minus_V26__MLP,hits_at_budget,16,16,-0.7999999999999998,-0.1999999999999993,paired_fixed_score_influence_range_NOT_CI
full_leave_one_positive_component_out,A_minus_V26__RandomForest_unweighted,roc_auc,16,16,-0.015395440472839694,-0.0035353535353536136,paired_fixed_score_influence_range_NOT_CI
full_leave_one_positive_component_out,A_minus_V26__RandomForest_unweighted,ap,16,16,-0.0013566400269379563,-0.00036117658240362657,paired_fixed_score_influence_range_NOT_CI
full_leave_one_positive_component_out,A_minus_V26__RandomForest_unweighted,f1_val_threshold,16,16,-0.02742457436799055,0.0,paired_fixed_score_influence_range_NOT_CI
full_leave_one_positive_component_out,A_minus_V26__RandomForest_unweighted,p_at_5pct,16,16,-0.0014218009478672994,0.0009478672985781984,paired_fixed_score_influence_range_NOT_CI
full_leave_one_positive_component_out,A_minus_V26__RandomForest_unweighted,r_at_10fpr,16,16,0.010526315789473606,0.04444444444444445,paired_fixed_score_influence_range_NOT_CI
full_leave_one_positive_component_out,A_minus_V26__RandomForest_unweighted,hits_at_budget,16,16,-0.5999999999999996,0.40000000000000036,paired_fixed_score_influence_range_NOT_CI
full_leave_one_positive_component_out,A_minus_V26__GCN_reverse,roc_auc,16,16,-0.012619000462137597,-0.0073611936357032,paired_fixed_score_influence_range_NOT_CI
full_leave_one_positive_component_out,A_minus_V26__GCN_reverse,ap,16,16,-0.0005143082334589603,-0.00021300244107884652,paired_fixed_score_influence_range_NOT_CI
full_leave_one_positive_component_out,A_minus_V26__GCN_reverse,f1_val_threshold,16,16,-0.0010954331184709213,0.0013651877133105802,paired_fixed_score_influence_range_NOT_CI
full_leave_one_positive_component_out,A_minus_V26__GCN_reverse,p_at_5pct,16,16,-0.0004739336492891001,0.0,paired_fixed_score_influence_range_NOT_CI
full_leave_one_positive_component_out,A_minus_V26__GCN_reverse,r_at_10fpr,16,16,-0.08888888888888896,-0.03333333333333338,paired_fixed_score_influence_range_NOT_CI
full_leave_one_positive_component_out,A_minus_V26__GCN_reverse,hits_at_budget,16,16,-0.20000000000000018,0.0,paired_fixed_score_influence_range_NOT_CI
full_leave_one_positive_component_out,A_minus_V26__GraphSAGE_reverse,roc_auc,16,16,-0.02012446445882987,-0.009942145917377965,paired_fixed_score_influence_range_NOT_CI
full_leave_one_positive_component_out,A_minus_V26__GraphSAGE_reverse,ap,16,16,-0.00011861305573947906,0.00033881185589234794,paired_fixed_score_influence_range_NOT_CI
full_leave_one_positive_component_out,A_minus_V26__GraphSAGE_reverse,f1_val_threshold,16,16,-0.0005416820312866459,0.003675213675213675,paired_fixed_score_influence_range_NOT_CI
full_leave_one_positive_component_out,A_minus_V26__GraphSAGE_reverse,p_at_5pct,16,16,-0.0009478672985781984,0.0009478672985781984,paired_fixed_score_influence_range_NOT_CI
full_leave_one_positive_component_out,A_minus_V26__GraphSAGE_reverse,r_at_10fpr,16,16,0.010526315789473717,0.04210526315789476,paired_fixed_score_influence_range_NOT_CI
full_leave_one_positive_component_out,A_minus_V26__GraphSAGE_reverse,hits_at_budget,16,16,-0.40000000000000036,0.3999999999999999,paired_fixed_score_influence_range_NOT_CI
full_leave_one_positive_component_out,A_gap__MLP_minus_GCN_reverse,roc_auc,16,16,0.003890921599899788,0.025011101729368046,paired_fixed_score_influence_range_NOT_CI
full_leave_one_positive_component_out,A_gap__MLP_minus_GCN_reverse,ap,16,16,0.0012185090051737837,0.004054258771227528,paired_fixed_score_influence_range_NOT_CI
full_leave_one_positive_component_out,A_gap__MLP_minus_GCN_reverse,f1_val_threshold,16,16,-0.005584524584128401,0.010824712758165305,paired_fixed_score_influence_range_NOT_CI
full_leave_one_positive_component_out,A_gap__MLP_minus_GCN_reverse,p_at_5pct,16,16,0.005213270142180095,0.010426540284360191,paired_fixed_score_influence_range_NOT_CI
full_leave_one_positive_component_out,A_gap__MLP_minus_GCN_reverse,r_at_10fpr,16,16,0.03157894736842104,0.11111111111111116,paired_fixed_score_influence_range_NOT_CI
full_leave_one_positive_component_out,A_gap__MLP_minus_GCN_reverse,hits_at_budget,16,16,2.2,4.3999999999999995,paired_fixed_score_influence_range_NOT_CI
full_leave_one_positive_component_out,A_gap_change__MLP_minus_GCN_reverse,roc_auc,16,16,-0.0040510366826156385,0.0036528685548290474,paired_fixed_score_influence_range_NOT_CI
full_leave_one_positive_component_out,A_gap_change__MLP_minus_GCN_reverse,ap,16,16,0.00023518351907956918,0.00048491735774671037,paired_fixed_score_influence_range_NOT_CI
full_leave_one_positive_component_out,A_gap_change__MLP_minus_GCN_reverse,f1_val_threshold,16,16,-0.0037694679354738757,-0.0011048180497822014,paired_fixed_score_influence_range_NOT_CI
full_leave_one_positive_component_out,A_gap_change__MLP_minus_GCN_reverse,p_at_5pct,16,16,-0.0014218009478672994,2.6020852139652106e-18,paired_fixed_score_influence_range_NOT_CI
full_leave_one_positive_component_out,A_gap_change__MLP_minus_GCN_reverse,r_at_10fpr,16,16,0.06666666666666671,0.11111111111111122,paired_fixed_score_influence_range_NOT_CI
full_leave_one_positive_component_out,A_gap_change__MLP_minus_GCN_reverse,hits_at_budget,16,16,-0.6000000000000005,4.440892098500626e-16,paired_fixed_score_influence_range_NOT_CI
full_leave_one_positive_component_out,A_gap__MLP_minus_GraphSAGE_reverse,roc_auc,16,16,0.008645276292335136,0.026092295504060004,paired_fixed_score_influence_range_NOT_CI
full_leave_one_positive_component_out,A_gap__MLP_minus_GraphSAGE_reverse,ap,16,16,0.00018863422547163444,0.0024243563986466954,paired_fixed_score_influence_range_NOT_CI
full_leave_one_positive_component_out,A_gap__MLP_minus_GraphSAGE_reverse,f1_val_threshold,16,16,-0.003940648723257419,0.008992938198080492,paired_fixed_score_influence_range_NOT_CI
full_leave_one_positive_component_out,A_gap__MLP_minus_GraphSAGE_reverse,p_at_5pct,16,16,0.0014218009478672994,0.004739336492890997,paired_fixed_score_influence_range_NOT_CI
full_leave_one_positive_component_out,A_gap__MLP_minus_GraphSAGE_reverse,r_at_10fpr,16,16,-0.03333333333333338,0.0222222222222222,paired_fixed_score_influence_range_NOT_CI
full_leave_one_positive_component_out,A_gap__MLP_minus_GraphSAGE_reverse,hits_at_budget,16,16,0.6000000000000005,2.0,paired_fixed_score_influence_range_NOT_CI
full_leave_one_positive_component_out,A_gap_change__MLP_minus_GraphSAGE_reverse,roc_auc,16,16,-0.002860180754917563,0.008764424430059314,paired_fixed_score_influence_range_NOT_CI
full_leave_one_positive_component_out,A_gap_change__MLP_minus_GraphSAGE_reverse,ap,16,16,-0.0004075444834010216,0.0003173873064949359,paired_fixed_score_influence_range_NOT_CI
full_leave_one_positive_component_out,A_gap_change__MLP_minus_GraphSAGE_reverse,f1_val_threshold,16,16,-0.005875464843466798,-0.0018625981908766487,paired_fixed_score_influence_range_NOT_CI
full_leave_one_positive_component_out,A_gap_change__MLP_minus_GraphSAGE_reverse,p_at_5pct,16,16,-0.0018957345971563986,0.0,paired_fixed_score_influence_range_NOT_CI
full_leave_one_positive_component_out,A_gap_change__MLP_minus_GraphSAGE_reverse,r_at_10fpr,16,16,-0.011111111111111183,0.011111111111111183,paired_fixed_score_influence_range_NOT_CI
full_leave_one_positive_component_out,A_gap_change__MLP_minus_GraphSAGE_reverse,hits_at_budget,16,16,-0.8000000000000007,0.0,paired_fixed_score_influence_range_NOT_CI
full_leave_one_positive_component_out,A_gap__RandomForest_unweighted_minus_GCN_reverse,roc_auc,16,16,0.020076930293648432,0.0701531656433616,paired_fixed_score_influence_range_NOT_CI
full_leave_one_positive_component_out,A_gap__RandomForest_unweighted_minus_GCN_reverse,ap,16,16,0.003629430404470107,0.0073022080207518734,paired_fixed_score_influence_range_NOT_CI
full_leave_one_positive_component_out,A_gap__RandomForest_unweighted_minus_GCN_reverse,f1_val_threshold,16,16,-0.008916229373669137,-0.0013651877133105802,paired_fixed_score_influence_range_NOT_CI
full_leave_one_positive_component_out,A_gap__RandomForest_unweighted_minus_GCN_reverse,p_at_5pct,16,16,0.00900473933649289,0.013744075829383888,paired_fixed_score_influence_range_NOT_CI
full_leave_one_positive_component_out,A_gap__RandomForest_unweighted_minus_GCN_reverse,r_at_10fpr,16,16,0.031578947368420984,0.13684210526315788,paired_fixed_score_influence_range_NOT_CI
full_leave_one_positive_component_out,A_gap__RandomForest_unweighted_minus_GCN_reverse,hits_at_budget,16,16,3.8,5.8,paired_fixed_score_influence_range_NOT_CI
full_leave_one_positive_component_out,A_gap_change__RandomForest_unweighted_minus_GCN_reverse,roc_auc,16,16,-0.006876609229550468,0.005715323166303521,paired_fixed_score_influence_range_NOT_CI
full_leave_one_positive_component_out,A_gap_change__RandomForest_unweighted_minus_GCN_reverse,ap,16,16,-0.0011436375858591098,1.6724889659638573e-05,paired_fixed_score_influence_range_NOT_CI
full_leave_one_positive_component_out,A_gap_change__RandomForest_unweighted_minus_GCN_reverse,f1_val_threshold,16,16,-0.028326407968249003,0.0010954331184709213,paired_fixed_score_influence_range_NOT_CI
full_leave_one_positive_component_out,A_gap_change__RandomForest_unweighted_minus_GCN_reverse,p_at_5pct,16,16,-0.0009478672985781993,0.0014218009478672985,paired_fixed_score_influence_range_NOT_CI
full_leave_one_positive_component_out,A_gap_change__RandomForest_unweighted_minus_GCN_reverse,r_at_10fpr,16,16,0.06315789473684202,0.12222222222222234,paired_fixed_score_influence_range_NOT_CI
full_leave_one_positive_component_out,A_gap_change__RandomForest_unweighted_minus_GCN_reverse,hits_at_budget,16,16,-0.3999999999999999,0.6000000000000001,paired_fixed_score_influence_range_NOT_CI
full_leave_one_positive_component_out,A_gap__RandomForest_unweighted_minus_GraphSAGE_reverse,roc_auc,16,16,0.03410263626981891,0.0651461988304094,paired_fixed_score_influence_range_NOT_CI
full_leave_one_positive_component_out,A_gap__RandomForest_unweighted_minus_GraphSAGE_reverse,ap,16,16,0.0025995556247679578,0.0052579053555089055,paired_fixed_score_influence_range_NOT_CI
full_leave_one_positive_component_out,A_gap__RandomForest_unweighted_minus_GraphSAGE_reverse,f1_val_threshold,16,16,-0.007841482388210521,-0.0031969622733953942,paired_fixed_score_influence_range_NOT_CI
full_leave_one_positive_component_out,A_gap__RandomForest_unweighted_minus_GraphSAGE_reverse,p_at_5pct,16,16,0.004739336492890996,0.007582938388625591,paired_fixed_score_influence_range_NOT_CI
full_leave_one_positive_component_out,A_gap__RandomForest_unweighted_minus_GraphSAGE_reverse,r_at_10fpr,16,16,-0.03157894736842104,0.07777777777777783,paired_fixed_score_influence_range_NOT_CI
full_leave_one_positive_component_out,A_gap__RandomForest_unweighted_minus_GraphSAGE_reverse,hits_at_budget,16,16,2.0,3.2,paired_fixed_score_influence_range_NOT_CI
full_leave_one_positive_component_out,A_gap_change__RandomForest_unweighted_minus_GraphSAGE_reverse,roc_auc,16,16,-0.00545329455546173,0.01298673004555373,paired_fixed_score_influence_range_NOT_CI
full_leave_one_positive_component_out,A_gap_change__RandomForest_unweighted_minus_GraphSAGE_reverse,ap,16,16,-0.0016161178044577784,-0.0006999884382959745,paired_fixed_score_influence_range_NOT_CI
full_leave_one_positive_component_out,A_gap_change__RandomForest_unweighted_minus_GraphSAGE_reverse,f1_val_threshold,16,16,-0.029299912291384386,-0.003675213675213675,paired_fixed_score_influence_range_NOT_CI
full_leave_one_positive_component_out,A_gap_change__RandomForest_unweighted_minus_GraphSAGE_reverse,p_at_5pct,16,16,-0.002369668246445498,0.0009478672985781984,paired_fixed_score_influence_range_NOT_CI
full_leave_one_positive_component_out,A_gap_change__RandomForest_unweighted_minus_GraphSAGE_reverse,r_at_10fpr,16,16,-0.02105263157894749,0.021052631578947267,paired_fixed_score_influence_range_NOT_CI
full_leave_one_positive_component_out,A_gap_change__RandomForest_unweighted_minus_GraphSAGE_reverse,hits_at_budget,16,16,-0.9999999999999996,0.40000000000000036,paired_fixed_score_influence_range_NOT_CI
full_leave_one_positive_component_out,B_increment__MLP__271707,roc_auc,16,16,0.016152373407275378,0.06511784511784502,paired_fixed_score_influence_range_NOT_CI
full_leave_one_positive_component_out,B_increment__MLP__271707,ap,16,16,0.0019975773946513285,0.004922088179105724,paired_fixed_score_influence_range_NOT_CI
full_leave_one_positive_component_out,B_increment__MLP__271707,f1_val_threshold,16,16,-0.0008726399808937765,0.006059246735680174,paired_fixed_score_influence_range_NOT_CI
full_leave_one_positive_component_out,B_increment__MLP__271707,p_at_5pct,16,16,0.0033175355450236962,0.007582938388625592,paired_fixed_score_influence_range_NOT_CI
full_leave_one_positive_component_out,B_increment__MLP__271707,r_at_10fpr,16,16,0.06666666666666671,0.21111111111111108,paired_fixed_score_influence_range_NOT_CI
full_leave_one_positive_component_out,B_increment__MLP__271707,hits_at_budget,16,16,1.4,3.1999999999999997,paired_fixed_score_influence_range_NOT_CI
full_leave_one_positive_component_out,B_minus_ASOF__MLP__M5__271707,roc_auc,16,16,0.006459642868311688,0.021238529081666346,paired_fixed_score_influence_range_NOT_CI
full_leave_one_positive_component_out,B_minus_ASOF__MLP__M5__271707,ap,16,16,0.00032335016600403867,0.0008999515482435872,paired_fixed_score_influence_range_NOT_CI
full_leave_one_positive_component_out,B_minus_ASOF__MLP__M5__271707,f1_val_threshold,16,16,0.00010189015195786501,0.0019140614617017783,paired_fixed_score_influence_range_NOT_CI
full_leave_one_positive_component_out,B_minus_ASOF__MLP__M5__271707,p_at_5pct,16,16,0.0009478672985781984,0.002843601895734598,paired_fixed_score_influence_range_NOT_CI
full_leave_one_positive_component_out,B_minus_ASOF__MLP__M5__271707,r_at_10fpr,16,16,-0.0421052631578947,0.033333333333333326,paired_fixed_score_influence_range_NOT_CI
full_leave_one_positive_component_out,B_minus_ASOF__MLP__M5__271707,hits_at_budget,16,16,0.3999999999999999,1.1999999999999997,paired_fixed_score_influence_range_NOT_CI
full_leave_one_positive_component_out,B_minus_ASOF__MLP__M11__271707,roc_auc,16,16,-0.005161209619413909,0.005033339935300529,paired_fixed_score_influence_range_NOT_CI
full_leave_one_positive_component_out,B_minus_ASOF__MLP__M11__271707,ap,16,16,0.00020022233799655946,0.0007639894801792224,paired_fixed_score_influence_range_NOT_CI
full_leave_one_positive_component_out,B_minus_ASOF__MLP__M11__271707,f1_val_threshold,16,16,-0.00558693871550171,-0.0008754078406548469,paired_fixed_score_influence_range_NOT_CI
full_leave_one_positive_component_out,B_minus_ASOF__MLP__M11__271707,p_at_5pct,16,16,0.0004739336492890975,0.0014218009478672994,paired_fixed_score_influence_range_NOT_CI
full_leave_one_positive_component_out,B_minus_ASOF__MLP__M11__271707,r_at_10fpr,16,16,-0.021052631578947323,0.011111111111111072,paired_fixed_score_influence_range_NOT_CI
full_leave_one_positive_component_out,B_minus_ASOF__MLP__M11__271707,hits_at_budget,16,16,0.20000000000000018,0.5999999999999996,paired_fixed_score_influence_range_NOT_CI
full_leave_one_positive_component_out,B_increment_change__MLP__271707,roc_auc,16,16,-0.020823925529807497,-0.01067016918410113,paired_fixed_score_influence_range_NOT_CI
full_leave_one_positive_component_out,B_increment_change__MLP__271707,ap,16,16,-0.0004330173384272046,0.00011202711637731816,paired_fixed_score_influence_range_NOT_CI
full_leave_one_positive_component_out,B_increment_change__MLP__271707,f1_val_threshold,16,16,-0.0068506145455913235,-0.0011299612975360024,paired_fixed_score_influence_range_NOT_CI
full_leave_one_positive_component_out,B_increment_change__MLP__271707,p_at_5pct,16,16,-0.0023696682464455004,-0.00047393364928909575,paired_fixed_score_influence_range_NOT_CI
full_leave_one_positive_component_out,B_increment_change__MLP__271707,r_at_10fpr,16,16,-0.033333333333333326,0.0421052631578947,paired_fixed_score_influence_range_NOT_CI
full_leave_one_positive_component_out,B_increment_change__MLP__271707,hits_at_budget,16,16,-0.9999999999999996,-0.19999999999999973,paired_fixed_score_influence_range_NOT_CI
full_leave_one_positive_component_out,B_increment__MLP__271708,roc_auc,16,16,0.028333003234963905,0.07970555225457188,paired_fixed_score_influence_range_NOT_CI
full_leave_one_positive_component_out,B_increment__MLP__271708,ap,16,16,0.002702714064481618,0.00530069456281096,paired_fixed_score_influence_range_NOT_CI
full_leave_one_positive_component_out,B_increment__MLP__271708,f1_val_threshold,16,16,0.002280818896710657,0.012678354573039117,paired_fixed_score_influence_range_NOT_CI
full_leave_one_positive_component_out,B_increment__MLP__271708,p_at_5pct,16,16,0.0033175355450236954,0.008056872037914688,paired_fixed_score_influence_range_NOT_CI
full_leave_one_positive_component_out,B_increment__MLP__271708,r_at_10fpr,16,16,0.06666666666666665,0.2222222222222222,paired_fixed_score_influence_range_NOT_CI
full_leave_one_positive_component_out,B_increment__MLP__271708,hits_at_budget,16,16,1.4000000000000004,3.4,paired_fixed_score_influence_range_NOT_CI
full_leave_one_positive_component_out,B_minus_ASOF__MLP__M5__271708,roc_auc,16,16,-0.00822605136330623,0.008148356631328846,paired_fixed_score_influence_range_NOT_CI
full_leave_one_positive_component_out,B_minus_ASOF__MLP__M5__271708,ap,16,16,2.2340680662343362e-06,0.0008132316526578542,paired_fixed_score_influence_range_NOT_CI
full_leave_one_positive_component_out,B_minus_ASOF__MLP__M5__271708,f1_val_threshold,16,16,-0.0022516943064098383,0.00019378489925447493,paired_fixed_score_influence_range_NOT_CI
full_leave_one_positive_component_out,B_minus_ASOF__MLP__M5__271708,p_at_5pct,16,16,-0.0004739336492890992,0.002369668246445498,paired_fixed_score_influence_range_NOT_CI
full_leave_one_positive_component_out,B_minus_ASOF__MLP__M5__271708,r_at_10fpr,16,16,-0.03157894736842104,0.033333333333333326,paired_fixed_score_influence_range_NOT_CI
full_leave_one_positive_component_out,B_minus_ASOF__MLP__M5__271708,hits_at_budget,16,16,-0.20000000000000018,1.0,paired_fixed_score_influence_range_NOT_CI
full_leave_one_positive_component_out,B_minus_ASOF__MLP__M11__271708,roc_auc,16,16,-0.005749132188760719,0.003269294249686472,paired_fixed_score_influence_range_NOT_CI
full_leave_one_positive_component_out,B_minus_ASOF__MLP__M11__271708,ap,16,16,-0.00011507404705451627,0.0013038651527404084,paired_fixed_score_influence_range_NOT_CI
full_leave_one_positive_component_out,B_minus_ASOF__MLP__M11__271708,f1_val_threshold,16,16,-0.0011578791728387664,0.0033302138148988136,paired_fixed_score_influence_range_NOT_CI
full_leave_one_positive_component_out,B_minus_ASOF__MLP__M11__271708,p_at_5pct,16,16,-0.0009478672985782019,0.0004739336492890992,paired_fixed_score_influence_range_NOT_CI
full_leave_one_positive_component_out,B_minus_ASOF__MLP__M11__271708,r_at_10fpr,16,16,0.0,0.0222222222222222,paired_fixed_score_influence_range_NOT_CI
full_leave_one_positive_component_out,B_minus_ASOF__MLP__M11__271708,hits_at_budget,16,16,-0.40000000000000036,0.1999999999999993,paired_fixed_score_influence_range_NOT_CI
full_leave_one_positive_component_out,B_increment_change__MLP__271708,roc_auc,16,16,-0.007868155236576357,0.006392024823397291,paired_fixed_score_influence_range_NOT_CI
full_leave_one_positive_component_out,B_increment_change__MLP__271708,ap,16,16,-0.0001173081151207506,0.0005295303943822138,paired_fixed_score_influence_range_NOT_CI
full_leave_one_positive_component_out,B_increment_change__MLP__271708,f1_val_threshold,16,16,0.0004436408915172059,0.003136428915644339,paired_fixed_score_influence_range_NOT_CI
full_leave_one_positive_component_out,B_increment_change__MLP__271708,p_at_5pct,16,16,-0.0018957345971564012,0.0004739336492890966,paired_fixed_score_influence_range_NOT_CI
full_leave_one_positive_component_out,B_increment_change__MLP__271708,r_at_10fpr,16,16,-0.022222222222222254,0.03157894736842104,paired_fixed_score_influence_range_NOT_CI
full_leave_one_positive_component_out,B_increment_change__MLP__271708,hits_at_budget,16,16,-0.8000000000000007,0.20000000000000018,paired_fixed_score_influence_range_NOT_CI
full_leave_one_positive_component_out,B_increment__MLP__271709,roc_auc,16,16,0.03810523536013721,0.08270152505446637,paired_fixed_score_influence_range_NOT_CI
full_leave_one_positive_component_out,B_increment__MLP__271709,ap,16,16,0.0022473795976442066,0.004789049630906712,paired_fixed_score_influence_range_NOT_CI
full_leave_one_positive_component_out,B_increment__MLP__271709,f1_val_threshold,16,16,0.0023950849031285897,0.008730054882513447,paired_fixed_score_influence_range_NOT_CI
full_leave_one_positive_component_out,B_increment__MLP__271709,p_at_5pct,16,16,0.003791469194312797,0.00853080568720379,paired_fixed_score_influence_range_NOT_CI
full_leave_one_positive_component_out,B_increment__MLP__271709,r_at_10fpr,16,16,0.06666666666666665,0.1888888888888889,paired_fixed_score_influence_range_NOT_CI
full_leave_one_positive_component_out,B_increment__MLP__271709,hits_at_budget,16,16,1.6000000000000005,3.6000000000000005,paired_fixed_score_influence_range_NOT_CI
full_leave_one_positive_component_out,B_minus_ASOF__MLP__M5__271709,roc_auc,16,16,-0.01726741095162143,-0.001977949428929815,paired_fixed_score_influence_range_NOT_CI
full_leave_one_positive_component_out,B_minus_ASOF__MLP__M5__271709,ap,16,16,-0.0001700539840473825,0.0003569320696541209,paired_fixed_score_influence_range_NOT_CI
full_leave_one_positive_component_out,B_minus_ASOF__MLP__M5__271709,f1_val_threshold,16,16,0.0016779646354521689,0.004221756951995893,paired_fixed_score_influence_range_NOT_CI
full_leave_one_positive_component_out,B_minus_ASOF__MLP__M5__271709,p_at_5pct,16,16,0.0,0.0009478672985781993,paired_fixed_score_influence_range_NOT_CI
full_leave_one_positive_component_out,B_minus_ASOF__MLP__M5__271709,r_at_10fpr,16,16,-0.03157894736842104,0.03333333333333338,paired_fixed_score_influence_range_NOT_CI
full_leave_one_positive_component_out,B_minus_ASOF__MLP__M5__271709,hits_at_budget,16,16,0.0,0.3999999999999999,paired_fixed_score_influence_range_NOT_CI
full_leave_one_positive_component_out,B_minus_ASOF__MLP__M11__271709,roc_auc,16,16,-0.011653375863902249,-0.00012015580643021107,paired_fixed_score_influence_range_NOT_CI
full_leave_one_positive_component_out,B_minus_ASOF__MLP__M11__271709,ap,16,16,-0.0002775594697122744,0.00019624270551741457,paired_fixed_score_influence_range_NOT_CI
full_leave_one_positive_component_out,B_minus_ASOF__MLP__M11__271709,f1_val_threshold,16,16,-0.002183933199582098,0.0038157282219385327,paired_fixed_score_influence_range_NOT_CI
full_leave_one_positive_component_out,B_minus_ASOF__MLP__M11__271709,p_at_5pct,16,16,-0.00047393364928910095,0.0004739336492890992,paired_fixed_score_influence_range_NOT_CI
full_leave_one_positive_component_out,B_minus_ASOF__MLP__M11__271709,r_at_10fpr,16,16,-0.042105263157894646,-0.011111111111111127,paired_fixed_score_influence_range_NOT_CI
full_leave_one_positive_component_out,B_minus_ASOF__MLP__M11__271709,hits_at_budget,16,16,-0.20000000000000018,0.20000000000000018,paired_fixed_score_influence_range_NOT_CI
full_leave_one_positive_component_out,B_increment_change__MLP__271709,roc_auc,16,16,-0.00026769240391522064,0.0056140350877191825,paired_fixed_score_influence_range_NOT_CI
full_leave_one_positive_component_out,B_increment_change__MLP__271709,ap,16,16,-0.00022892911329848442,3.5755058515237956e-05,paired_fixed_score_influence_range_NOT_CI
full_leave_one_positive_component_out,B_increment_change__MLP__271709,f1_val_threshold,16,16,-0.006385206824926808,0.002137763586486364,paired_fixed_score_influence_range_NOT_CI
full_leave_one_positive_component_out,B_increment_change__MLP__271709,p_at_5pct,16,16,-0.0014218009478673002,8.673617379884035e-19,paired_fixed_score_influence_range_NOT_CI
full_leave_one_positive_component_out,B_increment_change__MLP__271709,r_at_10fpr,16,16,-0.06666666666666676,-5.551115123125783e-17,paired_fixed_score_influence_range_NOT_CI
full_leave_one_positive_component_out,B_increment_change__MLP__271709,hits_at_budget,16,16,-0.6000000000000001,4.440892098500626e-16,paired_fixed_score_influence_range_NOT_CI
full_leave_one_positive_component_out,B_increment__MLP__mean3,roc_auc,16,16,0.027530204000792202,0.07584164080896122,paired_fixed_score_influence_range_NOT_CI
full_leave_one_positive_component_out,B_increment__MLP__mean3,ap,16,16,0.002315890352259051,0.005003944124274467,paired_fixed_score_influence_range_NOT_CI
full_leave_one_positive_component_out,B_increment__MLP__mean3,f1_val_threshold,16,16,0.0012677546063151563,0.008811328377947923,paired_fixed_score_influence_range_NOT_CI
full_leave_one_positive_component_out,B_increment__MLP__mean3,p_at_5pct,16,16,0.0034755134281200615,0.007740916271721959,paired_fixed_score_influence_range_NOT_CI
full_leave_one_positive_component_out,B_increment__MLP__mean3,r_at_10fpr,16,16,0.06666666666666664,0.20740740740740743,paired_fixed_score_influence_range_NOT_CI
full_leave_one_positive_component_out,B_increment__MLP__mean3,hits_at_budget,16,16,1.4666666666666663,3.2666666666666657,paired_fixed_score_influence_range_NOT_CI
full_leave_one_positive_component_out,B_minus_ASOF__MLP__M5__mean3,roc_auc,16,16,-0.0026956875254089407,0.007903875354855705,paired_fixed_score_influence_range_NOT_CI
full_leave_one_positive_component_out,B_minus_ASOF__MLP__M5__mean3,ap,16,16,8.695693108620468e-05,0.0006468884618736721,paired_fixed_score_influence_range_NOT_CI
full_leave_one_positive_component_out,B_minus_ASOF__MLP__M5__mean3,f1_val_threshold,16,16,-0.0001063920713588384,0.0018111814593896247,paired_fixed_score_influence_range_NOT_CI
full_leave_one_positive_component_out,B_minus_ASOF__MLP__M5__mean3,p_at_5pct,16,16,0.0006319115323854653,0.0017377567140600316,paired_fixed_score_influence_range_NOT_CI
full_leave_one_positive_component_out,B_minus_ASOF__MLP__M5__mean3,r_at_10fpr,16,16,-0.03508771929824561,0.033333333333333326,paired_fixed_score_influence_range_NOT_CI
full_leave_one_positive_component_out,B_minus_ASOF__MLP__M5__mean3,hits_at_budget,16,16,0.26666666666666616,0.7333333333333334,paired_fixed_score_influence_range_NOT_CI
full_leave_one_positive_component_out,B_minus_ASOF__MLP__M11__mean3,roc_auc,16,16,-0.005507291699242134,0.0010184635021237565,paired_fixed_score_influence_range_NOT_CI
full_leave_one_positive_component_out,B_minus_ASOF__MLP__M11__mean3,ap,16,16,-8.223332996742938e-06,0.0006813604162142061,paired_fixed_score_influence_range_NOT_CI
full_leave_one_positive_component_out,B_minus_ASOF__MLP__M11__mean3,f1_val_threshold,16,16,-0.002976250362640858,0.0009781966249590886,paired_fixed_score_influence_range_NOT_CI
full_leave_one_positive_component_out,B_minus_ASOF__MLP__M11__mean3,p_at_5pct,16,16,-0.0003159557661927357,0.0004739336492890992,paired_fixed_score_influence_range_NOT_CI
full_leave_one_positive_component_out,B_minus_ASOF__MLP__M11__mean3,r_at_10fpr,16,16,-0.021052631578947323,0.0035087719298245723,paired_fixed_score_influence_range_NOT_CI
full_leave_one_positive_component_out,B_minus_ASOF__MLP__M11__mean3,hits_at_budget,16,16,-0.13333333333333375,0.1999999999999993,paired_fixed_score_influence_range_NOT_CI
full_leave_one_positive_component_out,B_increment_change__MLP__mean3,roc_auc,16,16,-0.008047450771908826,-0.0023725385954488365,paired_fixed_score_influence_range_NOT_CI
full_leave_one_positive_component_out,B_increment_change__MLP__mean3,ap,16,16,-0.00011470438081948205,0.00019388306154606138,paired_fixed_score_influence_range_NOT_CI
full_leave_one_positive_component_out,B_increment_change__MLP__mean3,f1_val_threshold,16,16,-0.004264060159666974,0.0010104332896729304,paired_fixed_score_influence_range_NOT_CI
full_leave_one_positive_component_out,B_increment_change__MLP__mean3,p_at_5pct,16,16,-0.0018957345971563995,-0.00031595576619273136,paired_fixed_score_influence_range_NOT_CI
full_leave_one_positive_component_out,B_increment_change__MLP__mean3,r_at_10fpr,16,16,-0.040740740740740744,0.024561403508771895,paired_fixed_score_influence_range_NOT_CI
full_leave_one_positive_component_out,B_increment_change__MLP__mean3,hits_at_budget,16,16,-0.7999999999999998,-0.13333333333333375,paired_fixed_score_influence_range_NOT_CI
full_leave_one_positive_component_out,B0_42_minus_17__MLP,roc_auc,16,16,0.17587641117052888,0.24592988710635777,paired_fixed_score_influence_range_NOT_CI
full_leave_one_positive_component_out,B0_42_minus_17__MLP,ap,16,16,0.01002975206904213,0.03399352158032638,paired_fixed_score_influence_range_NOT_CI
full_leave_one_positive_component_out,B0_42_minus_17__MLP,f1_val_threshold,16,16,0.0248512106289991,0.040072652800686934,paired_fixed_score_influence_range_NOT_CI
full_leave_one_positive_component_out,B0_42_minus_17__MLP,p_at_5pct,16,16,0.006635071090047393,0.009952606635071089,paired_fixed_score_influence_range_NOT_CI
full_leave_one_positive_component_out,B0_42_minus_17__MLP,r_at_10fpr,16,16,0.23333333333333336,0.36666666666666675,paired_fixed_score_influence_range_NOT_CI
full_leave_one_positive_component_out,B0_42_minus_17__MLP,hits_at_budget,16,16,2.8000000000000003,4.199999999999999,paired_fixed_score_influence_range_NOT_CI
full_leave_one_positive_component_out,B_increment__RandomForest_unweighted__271707,roc_auc,16,16,0.04736119363570346,0.09699940582293531,paired_fixed_score_influence_range_NOT_CI
full_leave_one_positive_component_out,B_increment__RandomForest_unweighted__271707,ap,16,16,0.0013657999026927305,0.003298260745531651,paired_fixed_score_influence_range_NOT_CI
full_leave_one_positive_component_out,B_increment__RandomForest_unweighted__271707,f1_val_threshold,16,16,-0.011210283208466204,0.015138584186583575,paired_fixed_score_influence_range_NOT_CI
full_leave_one_positive_component_out,B_increment__RandomForest_unweighted__271707,p_at_5pct,16,16,0.0009478672985782019,0.005213270142180093,paired_fixed_score_influence_range_NOT_CI
full_leave_one_positive_component_out,B_increment__RandomForest_unweighted__271707,r_at_10fpr,16,16,0.06666666666666665,0.1555555555555556,paired_fixed_score_influence_range_NOT_CI
full_leave_one_positive_component_out,B_increment__RandomForest_unweighted__271707,hits_at_budget,16,16,0.39999999999999947,2.1999999999999993,paired_fixed_score_influence_range_NOT_CI
full_leave_one_positive_component_out,B_minus_ASOF__RandomForest_unweighted__M5__271707,roc_auc,16,16,-0.084319007064105,-0.0604317686670629,paired_fixed_score_influence_range_NOT_CI
full_leave_one_positive_component_out,B_minus_ASOF__RandomForest_unweighted__M5__271707,ap,16,16,-0.028234361622306935,-0.01620707465159729,paired_fixed_score_influence_range_NOT_CI
full_leave_one_positive_component_out,B_minus_ASOF__RandomForest_unweighted__M5__271707,f1_val_threshold,16,16,-0.06478508448787032,-0.04227515641074628,paired_fixed_score_influence_range_NOT_CI
full_leave_one_positive_component_out,B_minus_ASOF__RandomForest_unweighted__M5__271707,p_at_5pct,16,16,-0.00900473933649289,-0.003791469194312797,paired_fixed_score_influence_range_NOT_CI
full_leave_one_positive_component_out,B_minus_ASOF__RandomForest_unweighted__M5__271707,r_at_10fpr,16,16,-0.26315789473684204,-0.12222222222222234,paired_fixed_score_influence_range_NOT_CI
full_leave_one_positive_component_out,B_minus_ASOF__RandomForest_unweighted__M5__271707,hits_at_budget,16,16,-3.799999999999999,-1.5999999999999996,paired_fixed_score_influence_range_NOT_CI
full_leave_one_positive_component_out,B_minus_ASOF__RandomForest_unweighted__M11__271707,roc_auc,16,16,-0.06526816149107151,-0.027541427345348812,paired_fixed_score_influence_range_NOT_CI
full_leave_one_positive_component_out,B_minus_ASOF__RandomForest_unweighted__M11__271707,ap,16,16,-0.01819022929658367,-0.012347020515474335,paired_fixed_score_influence_range_NOT_CI
full_leave_one_positive_component_out,B_minus_ASOF__RandomForest_unweighted__M11__271707,f1_val_threshold,16,16,-0.07351786869105097,-0.04480782056923814,paired_fixed_score_influence_range_NOT_CI
full_leave_one_positive_component_out,B_minus_ASOF__RandomForest_unweighted__M11__271707,p_at_5pct,16,16,-0.006161137440758295,-0.0033175355450236997,paired_fixed_score_influence_range_NOT_CI
full_leave_one_positive_component_out,B_minus_ASOF__RandomForest_unweighted__M11__271707,r_at_10fpr,16,16,-0.22105263157894733,-0.0888888888888888,paired_fixed_score_influence_range_NOT_CI
full_leave_one_positive_component_out,B_minus_ASOF__RandomForest_unweighted__M11__271707,hits_at_budget,16,16,-2.5999999999999996,-1.4000000000000004,paired_fixed_score_influence_range_NOT_CI
full_leave_one_positive_component_out,B_increment_change__RandomForest_unweighted__271707,roc_auc,16,16,0.010519435844513314,0.03289034132171409,paired_fixed_score_influence_range_NOT_CI
full_leave_one_positive_component_out,B_increment_change__RandomForest_unweighted__271707,ap,16,16,0.003860054136122955,0.010048077289231377,paired_fixed_score_influence_range_NOT_CI
full_leave_one_positive_component_out,B_increment_change__RandomForest_unweighted__271707,f1_val_threshold,16,16,-0.024178477068320783,0.0018754900821360138,paired_fixed_score_influence_range_NOT_CI
full_leave_one_positive_component_out,B_increment_change__RandomForest_unweighted__271707,p_at_5pct,16,16,3.469446951953614e-18,0.0033175355450236928,paired_fixed_score_influence_range_NOT_CI
full_leave_one_positive_component_out,B_increment_change__RandomForest_unweighted__271707,r_at_10fpr,16,16,-0.010526315789473717,0.09473684210526301,paired_fixed_score_influence_range_NOT_CI
full_leave_one_positive_component_out,B_increment_change__RandomForest_unweighted__271707,hits_at_budget,16,16,0.0,1.3999999999999986,paired_fixed_score_influence_range_NOT_CI
full_leave_one_positive_component_out,B_increment__RandomForest_unweighted__271708,roc_auc,16,16,0.055028058361391685,0.11546972997953386,paired_fixed_score_influence_range_NOT_CI
full_leave_one_positive_component_out,B_increment__RandomForest_unweighted__271708,ap,16,16,0.00012089613587638014,0.002892792203071967,paired_fixed_score_influence_range_NOT_CI
full_leave_one_positive_component_out,B_increment__RandomForest_unweighted__271708,f1_val_threshold,16,16,-0.01406889104479258,-0.003967991598333848,paired_fixed_score_influence_range_NOT_CI
full_leave_one_positive_component_out,B_increment__RandomForest_unweighted__271708,p_at_5pct,16,16,0.002369668246445496,0.005213270142180093,paired_fixed_score_influence_range_NOT_CI
full_leave_one_positive_component_out,B_increment__RandomForest_unweighted__271708,r_at_10fpr,16,16,0.19999999999999996,0.2777777777777778,paired_fixed_score_influence_range_NOT_CI
full_leave_one_positive_component_out,B_increment__RandomForest_unweighted__271708,hits_at_budget,16,16,1.0,2.2,paired_fixed_score_influence_range_NOT_CI
full_leave_one_positive_component_out,B_minus_ASOF__RandomForest_unweighted__M5__271708,roc_auc,16,16,-0.10157390902488939,-0.0725465178096758,paired_fixed_score_influence_range_NOT_CI
full_leave_one_positive_component_out,B_minus_ASOF__RandomForest_unweighted__M5__271708,ap,16,16,-0.02680520313469842,-0.016338758014571478,paired_fixed_score_influence_range_NOT_CI
full_leave_one_positive_component_out,B_minus_ASOF__RandomForest_unweighted__M5__271708,f1_val_threshold,16,16,-0.06331263560037917,-0.04217787421801646,paired_fixed_score_influence_range_NOT_CI
full_leave_one_positive_component_out,B_minus_ASOF__RandomForest_unweighted__M5__271708,p_at_5pct,16,16,-0.009952606635071089,-0.006161137440758293,paired_fixed_score_influence_range_NOT_CI
full_leave_one_positive_component_out,B_minus_ASOF__RandomForest_unweighted__M5__271708,r_at_10fpr,16,16,-0.3157894736842105,-0.17777777777777792,paired_fixed_score_influence_range_NOT_CI
full_leave_one_positive_component_out,B_minus_ASOF__RandomForest_unweighted__M5__271708,hits_at_budget,16,16,-4.199999999999999,-2.5999999999999996,paired_fixed_score_influence_range_NOT_CI
full_leave_one_positive_component_out,B_minus_ASOF__RandomForest_unweighted__M11__271708,roc_auc,16,16,-0.0687656753291428,-0.02335049844853765,paired_fixed_score_influence_range_NOT_CI
full_leave_one_positive_component_out,B_minus_ASOF__RandomForest_unweighted__M11__271708,ap,16,16,-0.018562090783045174,-0.013036285448947594,paired_fixed_score_influence_range_NOT_CI
full_leave_one_positive_component_out,B_minus_ASOF__RandomForest_unweighted__M11__271708,f1_val_threshold,16,16,-0.08820353321691855,-0.0654932115863213,paired_fixed_score_influence_range_NOT_CI
full_leave_one_positive_component_out,B_minus_ASOF__RandomForest_unweighted__M11__271708,p_at_5pct,16,16,-0.006635071090047396,-0.004265402843601898,paired_fixed_score_influence_range_NOT_CI
full_leave_one_positive_component_out,B_minus_ASOF__RandomForest_unweighted__M11__271708,r_at_10fpr,16,16,-0.16842105263157892,-0.022222222222222143,paired_fixed_score_influence_range_NOT_CI
full_leave_one_positive_component_out,B_minus_ASOF__RandomForest_unweighted__M11__271708,hits_at_budget,16,16,-2.8,-1.7999999999999998,paired_fixed_score_influence_range_NOT_CI
full_leave_one_positive_component_out,B_increment_change__RandomForest_unweighted__271708,roc_auc,16,16,0.017829064640210057,0.05136066547831264,paired_fixed_score_influence_range_NOT_CI
full_leave_one_positive_component_out,B_increment_change__RandomForest_unweighted__271708,ap,16,16,0.003031275788138603,0.00861856509503351,paired_fixed_score_influence_range_NOT_CI
full_leave_one_positive_component_out,B_increment_change__RandomForest_unweighted__271708,f1_val_threshold,16,16,-0.03271525167290115,-0.016936185458188424,paired_fixed_score_influence_range_NOT_CI
full_leave_one_positive_component_out,B_increment_change__RandomForest_unweighted__271708,p_at_5pct,16,16,0.0004739336492890975,0.0033175355450236962,paired_fixed_score_influence_range_NOT_CI
full_leave_one_positive_component_out,B_increment_change__RandomForest_unweighted__271708,r_at_10fpr,16,16,0.10526315789473673,0.21052631578947345,paired_fixed_score_influence_range_NOT_CI
full_leave_one_positive_component_out,B_increment_change__RandomForest_unweighted__271708,hits_at_budget,16,16,0.20000000000000018,1.3999999999999995,paired_fixed_score_influence_range_NOT_CI
full_leave_one_positive_component_out,B_increment__RandomForest_unweighted__271709,roc_auc,16,16,0.04945467749389321,0.10225655245263088,paired_fixed_score_influence_range_NOT_CI
full_leave_one_positive_component_out,B_increment__RandomForest_unweighted__271709,ap,16,16,0.0009473514654071095,0.003092351106351617,paired_fixed_score_influence_range_NOT_CI
full_leave_one_positive_component_out,B_increment__RandomForest_unweighted__271709,f1_val_threshold,16,16,-0.010660237646744394,0.010353738672279077,paired_fixed_score_influence_range_NOT_CI
full_leave_one_positive_component_out,B_increment__RandomForest_unweighted__271709,p_at_5pct,16,16,0.0014218009478672994,0.005687203791469194,paired_fixed_score_influence_range_NOT_CI
full_leave_one_positive_component_out,B_increment__RandomForest_unweighted__271709,r_at_10fpr,16,16,0.1473684210526316,0.2222222222222222,paired_fixed_score_influence_range_NOT_CI
full_leave_one_positive_component_out,B_increment__RandomForest_unweighted__271709,hits_at_budget,16,16,0.6000000000000005,2.4000000000000004,paired_fixed_score_influence_range_NOT_CI
full_leave_one_positive_component_out,B_minus_ASOF__RandomForest_unweighted__M5__271709,roc_auc,16,16,-0.08784973922228823,-0.0608146827754672,paired_fixed_score_influence_range_NOT_CI
full_leave_one_positive_component_out,B_minus_ASOF__RandomForest_unweighted__M5__271709,ap,16,16,-0.02647048901880787,-0.015070244298431092,paired_fixed_score_influence_range_NOT_CI
full_leave_one_positive_component_out,B_minus_ASOF__RandomForest_unweighted__M5__271709,f1_val_threshold,16,16,-0.05619666217516008,-0.036081450700817835,paired_fixed_score_influence_range_NOT_CI
full_leave_one_positive_component_out,B_minus_ASOF__RandomForest_unweighted__M5__271709,p_at_5pct,16,16,-0.009952606635071089,-0.004739336492890997,paired_fixed_score_influence_range_NOT_CI
full_leave_one_positive_component_out,B_minus_ASOF__RandomForest_unweighted__M5__271709,r_at_10fpr,16,16,-0.31578947368421056,-0.17777777777777792,paired_fixed_score_influence_range_NOT_CI
full_leave_one_positive_component_out,B_minus_ASOF__RandomForest_unweighted__M5__271709,hits_at_budget,16,16,-4.199999999999999,-2.0,paired_fixed_score_influence_range_NOT_CI
full_leave_one_positive_component_out,B_minus_ASOF__RandomForest_unweighted__M11__271709,roc_auc,16,16,-0.059854270256747055,-0.022667194824057546,paired_fixed_score_influence_range_NOT_CI
full_leave_one_positive_component_out,B_minus_ASOF__RandomForest_unweighted__M11__271709,ap,16,16,-0.017781964488560464,-0.011830135805548054,paired_fixed_score_influence_range_NOT_CI
full_leave_one_positive_component_out,B_minus_ASOF__RandomForest_unweighted__M11__271709,f1_val_threshold,16,16,-0.07736402253720481,-0.0429571890753242,paired_fixed_score_influence_range_NOT_CI
full_leave_one_positive_component_out,B_minus_ASOF__RandomForest_unweighted__M11__271709,p_at_5pct,16,16,-0.006635071090047394,-0.003791469194312797,paired_fixed_score_influence_range_NOT_CI
full_leave_one_positive_component_out,B_minus_ASOF__RandomForest_unweighted__M11__271709,r_at_10fpr,16,16,-0.22105263157894733,-0.07777777777777772,paired_fixed_score_influence_range_NOT_CI
full_leave_one_positive_component_out,B_minus_ASOF__RandomForest_unweighted__M11__271709,hits_at_budget,16,16,-2.799999999999999,-1.5999999999999996,paired_fixed_score_influence_range_NOT_CI
full_leave_one_positive_component_out,B_increment_change__RandomForest_unweighted__271709,roc_auc,16,16,0.023987240829346446,0.03814748795140965,paired_fixed_score_influence_range_NOT_CI
full_leave_one_positive_component_out,B_increment_change__RandomForest_unweighted__271709,ap,16,16,0.0032401084928830384,0.009313850532227427,paired_fixed_score_influence_range_NOT_CI
full_leave_one_positive_component_out,B_increment_change__RandomForest_unweighted__271709,f1_val_threshold,16,16,-0.023628431506598976,-0.002322364666861393,paired_fixed_score_influence_range_NOT_CI
full_leave_one_positive_component_out,B_increment_change__RandomForest_unweighted__271709,p_at_5pct,16,16,-0.0004739336492890975,0.0037914691943127937,paired_fixed_score_influence_range_NOT_CI
full_leave_one_positive_component_out,B_increment_change__RandomForest_unweighted__271709,r_at_10fpr,16,16,0.05263157894736836,0.15555555555555556,paired_fixed_score_influence_range_NOT_CI
full_leave_one_positive_component_out,B_increment_change__RandomForest_unweighted__271709,hits_at_budget,16,16,-0.1999999999999993,1.5999999999999996,paired_fixed_score_influence_range_NOT_CI
full_leave_one_positive_component_out,B_increment__RandomForest_unweighted__mean3,roc_auc,16,16,0.05061464316366282,0.10490856275169996,paired_fixed_score_influence_range_NOT_CI
full_leave_one_positive_component_out,B_increment__RandomForest_unweighted__mean3,ap,16,16,0.0008113491679920745,0.0029933113788594558,paired_fixed_score_influence_range_NOT_CI
full_leave_one_positive_component_out,B_increment__RandomForest_unweighted__mean3,f1_val_threshold,16,16,-0.011979803966667726,0.007029436396696351,paired_fixed_score_influence_range_NOT_CI
full_leave_one_positive_component_out,B_increment__RandomForest_unweighted__mean3,p_at_5pct,16,16,0.0018957345971563986,0.005371248025276459,paired_fixed_score_influence_range_NOT_CI
full_leave_one_positive_component_out,B_increment__RandomForest_unweighted__mean3,r_at_10fpr,16,16,0.1407407407407408,0.21851851851851853,paired_fixed_score_influence_range_NOT_CI
full_leave_one_positive_component_out,B_increment__RandomForest_unweighted__mean3,hits_at_budget,16,16,0.8,2.2666666666666657,paired_fixed_score_influence_range_NOT_CI
full_leave_one_positive_component_out,B_minus_ASOF__RandomForest_unweighted__M5__mean3,roc_auc,16,16,-0.09124755177042765,-0.06531920512312683,paired_fixed_score_influence_range_NOT_CI
full_leave_one_positive_component_out,B_minus_ASOF__RandomForest_unweighted__M5__mean3,ap,16,16,-0.027170017925271073,-0.01587202565486662,paired_fixed_score_influence_range_NOT_CI
full_leave_one_positive_component_out,B_minus_ASOF__RandomForest_unweighted__M5__mean3,f1_val_threshold,16,16,-0.06143146075446986,-0.04017816044319353,paired_fixed_score_influence_range_NOT_CI
full_leave_one_positive_component_out,B_minus_ASOF__RandomForest_unweighted__M5__mean3,p_at_5pct,16,16,-0.009636650868878356,-0.004897314375987363,paired_fixed_score_influence_range_NOT_CI
full_leave_one_positive_component_out,B_minus_ASOF__RandomForest_unweighted__M5__mean3,r_at_10fpr,16,16,-0.2982456140350877,-0.15925925925925943,paired_fixed_score_influence_range_NOT_CI
full_leave_one_positive_component_out,B_minus_ASOF__RandomForest_unweighted__M5__mean3,hits_at_budget,16,16,-4.066666666666666,-2.0666666666666664,paired_fixed_score_influence_range_NOT_CI
full_leave_one_positive_component_out,B_minus_ASOF__RandomForest_unweighted__M11__mean3,roc_auc,16,16,-0.06462936902565386,-0.02451970687264815,paired_fixed_score_influence_range_NOT_CI
full_leave_one_positive_component_out,B_minus_ASOF__RandomForest_unweighted__M11__mean3,ap,16,16,-0.018178094856063105,-0.012494879515818423,paired_fixed_score_influence_range_NOT_CI
full_leave_one_positive_component_out,B_minus_ASOF__RandomForest_unweighted__M11__mean3,f1_val_threshold,16,16,-0.07549200075367861,-0.051086073743627884,paired_fixed_score_influence_range_NOT_CI
full_leave_one_positive_component_out,B_minus_ASOF__RandomForest_unweighted__M11__mean3,p_at_5pct,16,16,-0.006319115323854664,-0.003791469194312799,paired_fixed_score_influence_range_NOT_CI
full_leave_one_positive_component_out,B_minus_ASOF__RandomForest_unweighted__M11__mean3,r_at_10fpr,16,16,-0.20350877192982453,-0.06296296296296289,paired_fixed_score_influence_range_NOT_CI
full_leave_one_positive_component_out,B_minus_ASOF__RandomForest_unweighted__M11__mean3,hits_at_budget,16,16,-2.666666666666668,-1.6000000000000014,paired_fixed_score_influence_range_NOT_CI
full_leave_one_positive_component_out,B_increment_change__RandomForest_unweighted__mean3,roc_auc,16,16,0.017948317019524485,0.04079949825047868,paired_fixed_score_influence_range_NOT_CI
full_leave_one_positive_component_out,B_increment_change__RandomForest_unweighted__mean3,ap,16,16,0.0033771461390481976,0.009326830972164104,paired_fixed_score_influence_range_NOT_CI
full_leave_one_positive_component_out,B_increment_change__RandomForest_unweighted__mean3,f1_val_threshold,16,16,-0.02494799782652231,-0.005938757463158223,paired_fixed_score_influence_range_NOT_CI
full_leave_one_positive_component_out,B_increment_change__RandomForest_unweighted__mean3,p_at_5pct,16,16,0.0,0.0034755134281200598,paired_fixed_score_influence_range_NOT_CI
full_leave_one_positive_component_out,B_increment_change__RandomForest_unweighted__mean3,r_at_10fpr,16,16,0.04912280701754379,0.15087719298245594,paired_fixed_score_influence_range_NOT_CI
full_leave_one_positive_component_out,B_increment_change__RandomForest_unweighted__mean3,hits_at_budget,16,16,0.0,1.466666666666665,paired_fixed_score_influence_range_NOT_CI
full_leave_one_positive_component_out,B0_42_minus_17__RandomForest_unweighted,roc_auc,16,16,0.22978345546972995,0.3476404568561431,paired_fixed_score_influence_range_NOT_CI
full_leave_one_positive_component_out,B0_42_minus_17__RandomForest_unweighted,ap,16,16,0.006873010689099142,0.01910298111400705,paired_fixed_score_influence_range_NOT_CI
full_leave_one_positive_component_out,B0_42_minus_17__RandomForest_unweighted,f1_val_threshold,16,16,0.015278865603188679,0.044821315259896424,paired_fixed_score_influence_range_NOT_CI
full_leave_one_positive_component_out,B0_42_minus_17__RandomForest_unweighted,p_at_5pct,16,16,0.004739336492890996,0.00853080568720379,paired_fixed_score_influence_range_NOT_CI
full_leave_one_positive_component_out,B0_42_minus_17__RandomForest_unweighted,r_at_10fpr,16,16,0.12222222222222223,0.22105263157894736,paired_fixed_score_influence_range_NOT_CI
full_leave_one_positive_component_out,B0_42_minus_17__RandomForest_unweighted,hits_at_budget,16,16,2.0,3.6,paired_fixed_score_influence_range_NOT_CI
D_leave_one_positive_component_out,A_minus_V26__MLP,roc_auc,6,6,-0.015571400277282543,0.004648841354723654,paired_fixed_score_influence_range_NOT_CI
D_leave_one_positive_component_out,A_minus_V26__MLP,ap,6,6,-5.0037709199033656e-05,4.223449890642826e-05,paired_fixed_score_influence_range_NOT_CI
D_leave_one_positive_component_out,A_minus_V26__MLP,f1_val_threshold,6,6,0.0,0.0,paired_fixed_score_influence_range_NOT_CI
D_leave_one_positive_component_out,A_minus_V26__MLP,p_at_5pct,6,6,0.0,0.0,paired_fixed_score_influence_range_NOT_CI
D_leave_one_positive_component_out,A_minus_V26__MLP,r_at_10fpr,6,6,-0.03333333333333334,0.0,paired_fixed_score_influence_range_NOT_CI
D_leave_one_positive_component_out,A_minus_V26__MLP,hits_at_budget,6,6,0.0,0.0,paired_fixed_score_influence_range_NOT_CI
D_leave_one_positive_component_out,A_minus_V26__RandomForest_unweighted,roc_auc,6,6,-0.028453159041394227,0.0116316102198456,paired_fixed_score_influence_range_NOT_CI
D_leave_one_positive_component_out,A_minus_V26__RandomForest_unweighted,ap,6,6,-0.00010102593619461708,5.428958508605958e-05,paired_fixed_score_influence_range_NOT_CI
D_leave_one_positive_component_out,A_minus_V26__RandomForest_unweighted,f1_val_threshold,6,6,0.0,0.0,paired_fixed_score_influence_range_NOT_CI
D_leave_one_positive_component_out,A_minus_V26__RandomForest_unweighted,p_at_5pct,6,6,0.0,0.0,paired_fixed_score_influence_range_NOT_CI
D_leave_one_positive_component_out,A_minus_V26__RandomForest_unweighted,r_at_10fpr,6,6,0.0,0.08,paired_fixed_score_influence_range_NOT_CI
D_leave_one_positive_component_out,A_minus_V26__RandomForest_unweighted,hits_at_budget,6,6,0.0,0.0,paired_fixed_score_influence_range_NOT_CI
D_leave_one_positive_component_out,A_minus_V26__GCN_reverse,roc_auc,6,6,-0.002812438106555626,0.0030659536541890464,paired_fixed_score_influence_range_NOT_CI
D_leave_one_positive_component_out,A_minus_V26__GCN_reverse,ap,6,6,-0.00025254983940567813,-9.83469594072247e-05,paired_fixed_score_influence_range_NOT_CI
D_leave_one_positive_component_out,A_minus_V26__GCN_reverse,f1_val_threshold,6,6,-0.001091688838631014,0.0,paired_fixed_score_influence_range_NOT_CI
D_leave_one_positive_component_out,A_minus_V26__GCN_reverse,p_at_5pct,6,6,-0.00047393364928909965,0.0,paired_fixed_score_influence_range_NOT_CI
D_leave_one_positive_component_out,A_minus_V26__GCN_reverse,r_at_10fpr,6,6,-0.03999999999999998,0.0,paired_fixed_score_influence_range_NOT_CI
D_leave_one_positive_component_out,A_minus_V26__GCN_reverse,hits_at_budget,6,6,-0.2,0.0,paired_fixed_score_influence_range_NOT_CI
D_leave_one_positive_component_out,A_minus_V26__GraphSAGE_reverse,roc_auc,6,6,-0.037072687660922976,-0.004828678946325882,paired_fixed_score_influence_range_NOT_CI
D_leave_one_positive_component_out,A_minus_V26__GraphSAGE_reverse,ap,6,6,-0.00016564803933925344,-6.138747336629276e-05,paired_fixed_score_influence_range_NOT_CI
D_leave_one_positive_component_out,A_minus_V26__GraphSAGE_reverse,f1_val_threshold,6,6,0.0,0.0,paired_fixed_score_influence_range_NOT_CI
D_leave_one_positive_component_out,A_minus_V26__GraphSAGE_reverse,p_at_5pct,6,6,-0.00047505938242280285,0.0,paired_fixed_score_influence_range_NOT_CI
D_leave_one_positive_component_out,A_minus_V26__GraphSAGE_reverse,r_at_10fpr,6,6,0.0,0.04000000000000001,paired_fixed_score_influence_range_NOT_CI
D_leave_one_positive_component_out,A_minus_V26__GraphSAGE_reverse,hits_at_budget,6,6,-0.2,0.0,paired_fixed_score_influence_range_NOT_CI
D_leave_one_positive_component_out,A_gap__MLP_minus_GCN_reverse,roc_auc,6,6,-0.09491384432560912,-0.028033273915627044,paired_fixed_score_influence_range_NOT_CI
D_leave_one_positive_component_out,A_gap__MLP_minus_GCN_reverse,ap,6,6,-0.002057407697157488,-0.00031804852603134004,paired_fixed_score_influence_range_NOT_CI
D_leave_one_positive_component_out,A_gap__MLP_minus_GCN_reverse,f1_val_threshold,6,6,-0.008103475872865029,0.0,paired_fixed_score_influence_range_NOT_CI
D_leave_one_positive_component_out,A_gap__MLP_minus_GCN_reverse,p_at_5pct,6,6,-0.0023752969121140144,0.0,paired_fixed_score_influence_range_NOT_CI
D_leave_one_positive_component_out,A_gap__MLP_minus_GCN_reverse,r_at_10fpr,6,6,-0.26666666666666666,-0.16000000000000003,paired_fixed_score_influence_range_NOT_CI
D_leave_one_positive_component_out,A_gap__MLP_minus_GCN_reverse,hits_at_budget,6,6,-1.0,0.0,paired_fixed_score_influence_range_NOT_CI
D_leave_one_positive_component_out,A_gap_change__MLP_minus_GCN_reverse,roc_auc,6,6,-0.012758962170726917,0.0015828877005346076,paired_fixed_score_influence_range_NOT_CI
D_leave_one_positive_component_out,A_gap_change__MLP_minus_GCN_reverse,ap,6,6,0.00012036604581022606,0.0002622251502154673,paired_fixed_score_influence_range_NOT_CI
D_leave_one_positive_component_out,A_gap_change__MLP_minus_GCN_reverse,f1_val_threshold,6,6,0.0,0.001091688838631014,paired_fixed_score_influence_range_NOT_CI
D_leave_one_positive_component_out,A_gap_change__MLP_minus_GCN_reverse,p_at_5pct,6,6,0.0,0.00047393364928909965,paired_fixed_score_influence_range_NOT_CI
D_leave_one_positive_component_out,A_gap_change__MLP_minus_GCN_reverse,r_at_10fpr,6,6,-0.033333333333333326,0.03999999999999998,paired_fixed_score_influence_range_NOT_CI
D_leave_one_positive_component_out,A_gap_change__MLP_minus_GCN_reverse,hits_at_budget,6,6,0.0,0.2,paired_fixed_score_influence_range_NOT_CI
D_leave_one_positive_component_out,A_gap__MLP_minus_GraphSAGE_reverse,roc_auc,6,6,0.0008793820558525844,0.0400039611804317,paired_fixed_score_influence_range_NOT_CI
D_leave_one_positive_component_out,A_gap__MLP_minus_GraphSAGE_reverse,ap,6,6,-0.00014959542895262297,3.789340443930973e-05,paired_fixed_score_influence_range_NOT_CI
D_leave_one_positive_component_out,A_gap__MLP_minus_GraphSAGE_reverse,f1_val_threshold,6,6,0.0,0.0,paired_fixed_score_influence_range_NOT_CI
D_leave_one_positive_component_out,A_gap__MLP_minus_GraphSAGE_reverse,p_at_5pct,6,6,0.0,0.0,paired_fixed_score_influence_range_NOT_CI
D_leave_one_positive_component_out,A_gap__MLP_minus_GraphSAGE_reverse,r_at_10fpr,6,6,-0.1333333333333333,-0.06666666666666667,paired_fixed_score_influence_range_NOT_CI
D_leave_one_positive_component_out,A_gap__MLP_minus_GraphSAGE_reverse,hits_at_budget,6,6,0.0,0.0,paired_fixed_score_influence_range_NOT_CI
D_leave_one_positive_component_out,A_gap_change__MLP_minus_GraphSAGE_reverse,roc_auc,6,6,-0.005826896415131788,0.03214260249554357,paired_fixed_score_influence_range_NOT_CI
D_leave_one_positive_component_out,A_gap_change__MLP_minus_GraphSAGE_reverse,ap,6,6,7.513987988461211e-05,0.00017298379838917035,paired_fixed_score_influence_range_NOT_CI
D_leave_one_positive_component_out,A_gap_change__MLP_minus_GraphSAGE_reverse,f1_val_threshold,6,6,0.0,0.0,paired_fixed_score_influence_range_NOT_CI
D_leave_one_positive_component_out,A_gap_change__MLP_minus_GraphSAGE_reverse,p_at_5pct,6,6,0.0,0.00047505938242280285,paired_fixed_score_influence_range_NOT_CI
D_leave_one_positive_component_out,A_gap_change__MLP_minus_GraphSAGE_reverse,r_at_10fpr,6,6,-0.06666666666666668,-0.033333333333333354,paired_fixed_score_influence_range_NOT_CI
D_leave_one_positive_component_out,A_gap_change__MLP_minus_GraphSAGE_reverse,hits_at_budget,6,6,0.0,0.2,paired_fixed_score_influence_range_NOT_CI
D_leave_one_positive_component_out,A_gap__RandomForest_unweighted_minus_GCN_reverse,roc_auc,6,6,-0.09256090314913856,0.06518597742127152,paired_fixed_score_influence_range_NOT_CI
D_leave_one_positive_component_out,A_gap__RandomForest_unweighted_minus_GCN_reverse,ap,6,6,-0.002121860029957001,2.7196717268233687e-05,paired_fixed_score_influence_range_NOT_CI
D_leave_one_positive_component_out,A_gap__RandomForest_unweighted_minus_GCN_reverse,f1_val_threshold,6,6,-0.008103475872865029,0.0,paired_fixed_score_influence_range_NOT_CI
D_leave_one_positive_component_out,A_gap__RandomForest_unweighted_minus_GCN_reverse,p_at_5pct,6,6,-0.0023752969121140144,0.0,paired_fixed_score_influence_range_NOT_CI
D_leave_one_positive_component_out,A_gap__RandomForest_unweighted_minus_GCN_reverse,r_at_10fpr,6,6,-0.3333333333333333,-0.033333333333333326,paired_fixed_score_influence_range_NOT_CI
D_leave_one_positive_component_out,A_gap__RandomForest_unweighted_minus_GCN_reverse,hits_at_budget,6,6,-1.0,0.0,paired_fixed_score_influence_range_NOT_CI
D_leave_one_positive_component_out,A_gap_change__RandomForest_unweighted_minus_GCN_reverse,roc_auc,6,6,-0.02911467617349972,0.008565656565656554,paired_fixed_score_influence_range_NOT_CI
D_leave_one_positive_component_out,A_gap_change__RandomForest_unweighted_minus_GCN_reverse,ap,6,6,2.758730090794757e-05,0.0002074513491557967,paired_fixed_score_influence_range_NOT_CI
D_leave_one_positive_component_out,A_gap_change__RandomForest_unweighted_minus_GCN_reverse,f1_val_threshold,6,6,0.0,0.001091688838631014,paired_fixed_score_influence_range_NOT_CI
D_leave_one_positive_component_out,A_gap_change__RandomForest_unweighted_minus_GCN_reverse,p_at_5pct,6,6,0.0,0.00047393364928909965,paired_fixed_score_influence_range_NOT_CI
D_leave_one_positive_component_out,A_gap_change__RandomForest_unweighted_minus_GCN_reverse,r_at_10fpr,6,6,0.033333333333333326,0.12,paired_fixed_score_influence_range_NOT_CI
D_leave_one_positive_component_out,A_gap_change__RandomForest_unweighted_minus_GCN_reverse,hits_at_budget,6,6,0.0,0.2,paired_fixed_score_influence_range_NOT_CI
D_leave_one_positive_component_out,A_gap__RandomForest_unweighted_minus_GraphSAGE_reverse,roc_auc,6,6,0.018294711824123566,0.12380035650623888,paired_fixed_score_influence_range_NOT_CI
D_leave_one_positive_component_out,A_gap__RandomForest_unweighted_minus_GraphSAGE_reverse,ap,6,6,-0.0001591862893674937,0.00038313864773888346,paired_fixed_score_influence_range_NOT_CI
D_leave_one_positive_component_out,A_gap__RandomForest_unweighted_minus_GraphSAGE_reverse,f1_val_threshold,6,6,0.0,0.0,paired_fixed_score_influence_range_NOT_CI
D_leave_one_positive_component_out,A_gap__RandomForest_unweighted_minus_GraphSAGE_reverse,p_at_5pct,6,6,0.0,0.0,paired_fixed_score_influence_range_NOT_CI
D_leave_one_positive_component_out,A_gap__RandomForest_unweighted_minus_GraphSAGE_reverse,r_at_10fpr,6,6,-0.19999999999999998,0.06666666666666667,paired_fixed_score_influence_range_NOT_CI
D_leave_one_positive_component_out,A_gap__RandomForest_unweighted_minus_GraphSAGE_reverse,hits_at_budget,6,6,0.0,0.0,paired_fixed_score_influence_range_NOT_CI
D_leave_one_positive_component_out,A_gap_change__RandomForest_unweighted_minus_GraphSAGE_reverse,roc_auc,6,6,-0.023624480095068345,0.03912537136066552,paired_fixed_score_influence_range_NOT_CI
D_leave_one_positive_component_out,A_gap_change__RandomForest_unweighted_minus_GraphSAGE_reverse,ap,6,6,-1.2706838429282297e-05,0.0001509806984539145,paired_fixed_score_influence_range_NOT_CI
D_leave_one_positive_component_out,A_gap_change__RandomForest_unweighted_minus_GraphSAGE_reverse,f1_val_threshold,6,6,0.0,0.0,paired_fixed_score_influence_range_NOT_CI
D_leave_one_positive_component_out,A_gap_change__RandomForest_unweighted_minus_GraphSAGE_reverse,p_at_5pct,6,6,0.0,0.00047505938242280285,paired_fixed_score_influence_range_NOT_CI
D_leave_one_positive_component_out,A_gap_change__RandomForest_unweighted_minus_GraphSAGE_reverse,r_at_10fpr,6,6,-0.033333333333333326,0.06666666666666667,paired_fixed_score_influence_range_NOT_CI
D_leave_one_positive_component_out,A_gap_change__RandomForest_unweighted_minus_GraphSAGE_reverse,hits_at_budget,6,6,0.0,0.2,paired_fixed_score_influence_range_NOT_CI
D_leave_one_positive_component_out,B_increment__MLP__271707,roc_auc,6,6,-0.03192315309962368,0.013487819370172294,paired_fixed_score_influence_range_NOT_CI
D_leave_one_positive_component_out,B_increment__MLP__271707,ap,6,6,-0.00011390410057072597,6.062130793766697e-05,paired_fixed_score_influence_range_NOT_CI
D_leave_one_positive_component_out,B_increment__MLP__271707,f1_val_threshold,6,6,0.0,0.0,paired_fixed_score_influence_range_NOT_CI
D_leave_one_positive_component_out,B_increment__MLP__271707,p_at_5pct,6,6,0.0,0.0,paired_fixed_score_influence_range_NOT_CI
D_leave_one_positive_component_out,B_increment__MLP__271707,r_at_10fpr,6,6,-0.03333333333333333,0.04,paired_fixed_score_influence_range_NOT_CI
D_leave_one_positive_component_out,B_increment__MLP__271707,hits_at_budget,6,6,0.0,0.0,paired_fixed_score_influence_range_NOT_CI
D_leave_one_positive_component_out,B_minus_ASOF__MLP__M5__271707,roc_auc,6,6,-0.0032560903149138065,0.04800475341651811,paired_fixed_score_influence_range_NOT_CI
D_leave_one_positive_component_out,B_minus_ASOF__MLP__M5__271707,ap,6,6,-0.00011413652810494837,9.953611609815366e-05,paired_fixed_score_influence_range_NOT_CI
D_leave_one_positive_component_out,B_minus_ASOF__MLP__M5__271707,f1_val_threshold,6,6,-0.0006700167504187605,0.0,paired_fixed_score_influence_range_NOT_CI
D_leave_one_positive_component_out,B_minus_ASOF__MLP__M5__271707,p_at_5pct,6,6,0.0,0.0,paired_fixed_score_influence_range_NOT_CI
D_leave_one_positive_component_out,B_minus_ASOF__MLP__M5__271707,r_at_10fpr,6,6,-0.1,0.0,paired_fixed_score_influence_range_NOT_CI
D_leave_one_positive_component_out,B_minus_ASOF__MLP__M5__271707,hits_at_budget,6,6,0.0,0.0,paired_fixed_score_influence_range_NOT_CI
D_leave_one_positive_component_out,B_minus_ASOF__MLP__M11__271707,roc_auc,6,6,-0.005458506634977156,0.011807486631016051,paired_fixed_score_influence_range_NOT_CI
D_leave_one_positive_component_out,B_minus_ASOF__MLP__M11__271707,ap,6,6,-3.9297073761804593e-05,3.062076293952631e-05,paired_fixed_score_influence_range_NOT_CI
D_leave_one_positive_component_out,B_minus_ASOF__MLP__M11__271707,f1_val_threshold,6,6,0.0,0.0,paired_fixed_score_influence_range_NOT_CI
D_leave_one_positive_component_out,B_minus_ASOF__MLP__M11__271707,p_at_5pct,6,6,0.0,0.0,paired_fixed_score_influence_range_NOT_CI
D_leave_one_positive_component_out,B_minus_ASOF__MLP__M11__271707,r_at_10fpr,6,6,-0.04,0.0,paired_fixed_score_influence_range_NOT_CI
D_leave_one_positive_component_out,B_minus_ASOF__MLP__M11__271707,hits_at_budget,6,6,0.0,0.0,paired_fixed_score_influence_range_NOT_CI
D_leave_one_positive_component_out,B_increment_change__MLP__271707,roc_auc,6,6,-0.03619726678550206,-0.001481481481481528,paired_fixed_score_influence_range_NOT_CI
D_leave_one_positive_component_out,B_increment_change__MLP__271707,ap,6,6,-6.891535315862736e-05,8.695643322800318e-05,paired_fixed_score_influence_range_NOT_CI
D_leave_one_positive_component_out,B_increment_change__MLP__271707,f1_val_threshold,6,6,0.0,0.0006700167504187605,paired_fixed_score_influence_range_NOT_CI
D_leave_one_positive_component_out,B_increment_change__MLP__271707,p_at_5pct,6,6,0.0,0.0,paired_fixed_score_influence_range_NOT_CI
D_leave_one_positive_component_out,B_increment_change__MLP__271707,r_at_10fpr,6,6,-0.04,0.1,paired_fixed_score_influence_range_NOT_CI
D_leave_one_positive_component_out,B_increment_change__MLP__271707,hits_at_budget,6,6,0.0,0.0,paired_fixed_score_influence_range_NOT_CI
D_leave_one_positive_component_out,B_increment__MLP__271708,roc_auc,6,6,-0.019017627252921332,0.03736185383244206,paired_fixed_score_influence_range_NOT_CI
D_leave_one_positive_component_out,B_increment__MLP__271708,ap,6,6,-0.00010541567973459606,0.00010067922306540578,paired_fixed_score_influence_range_NOT_CI
D_leave_one_positive_component_out,B_increment__MLP__271708,f1_val_threshold,6,6,0.0,0.0,paired_fixed_score_influence_range_NOT_CI
D_leave_one_positive_component_out,B_increment__MLP__271708,p_at_5pct,6,6,0.0,0.0,paired_fixed_score_influence_range_NOT_CI
D_leave_one_positive_component_out,B_increment__MLP__271708,r_at_10fpr,6,6,-0.06666666666666667,0.04,paired_fixed_score_influence_range_NOT_CI
D_leave_one_positive_component_out,B_increment__MLP__271708,hits_at_budget,6,6,0.0,0.0,paired_fixed_score_influence_range_NOT_CI
D_leave_one_positive_component_out,B_minus_ASOF__MLP__M5__271708,roc_auc,6,6,-0.026448801742919192,0.012144979203802753,paired_fixed_score_influence_range_NOT_CI
D_leave_one_positive_component_out,B_minus_ASOF__MLP__M5__271708,ap,6,6,-0.00019524210786508209,1.623216684947372e-05,paired_fixed_score_influence_range_NOT_CI
D_leave_one_positive_component_out,B_minus_ASOF__MLP__M5__271708,f1_val_threshold,6,6,-0.0006700167504187605,0.0,paired_fixed_score_influence_range_NOT_CI
D_leave_one_positive_component_out,B_minus_ASOF__MLP__M5__271708,p_at_5pct,6,6,0.0,0.0,paired_fixed_score_influence_range_NOT_CI
D_leave_one_positive_component_out,B_minus_ASOF__MLP__M5__271708,r_at_10fpr,6,6,-0.06666666666666667,0.0,paired_fixed_score_influence_range_NOT_CI
D_leave_one_positive_component_out,B_minus_ASOF__MLP__M5__271708,hits_at_budget,6,6,0.0,0.0,paired_fixed_score_influence_range_NOT_CI
D_leave_one_positive_component_out,B_minus_ASOF__MLP__M11__271708,roc_auc,6,6,-0.017377698554169152,0.010932857991681422,paired_fixed_score_influence_range_NOT_CI
D_leave_one_positive_component_out,B_minus_ASOF__MLP__M11__271708,ap,6,6,-0.00010483660618675126,1.5455996449432888e-05,paired_fixed_score_influence_range_NOT_CI
D_leave_one_positive_component_out,B_minus_ASOF__MLP__M11__271708,f1_val_threshold,6,6,0.0,0.0,paired_fixed_score_influence_range_NOT_CI
D_leave_one_positive_component_out,B_minus_ASOF__MLP__M11__271708,p_at_5pct,6,6,0.0,0.0,paired_fixed_score_influence_range_NOT_CI
D_leave_one_positive_component_out,B_minus_ASOF__MLP__M11__271708,r_at_10fpr,6,6,-0.04,0.0,paired_fixed_score_influence_range_NOT_CI
D_leave_one_positive_component_out,B_minus_ASOF__MLP__M11__271708,hits_at_budget,6,6,0.0,0.0,paired_fixed_score_influence_range_NOT_CI
D_leave_one_positive_component_out,B_increment_change__MLP__271708,roc_auc,6,6,-0.011538918597742143,0.00907110318875004,paired_fixed_score_influence_range_NOT_CI
D_leave_one_positive_component_out,B_increment_change__MLP__271708,ap,6,6,-2.032470325968221e-05,9.040550167833082e-05,paired_fixed_score_influence_range_NOT_CI
D_leave_one_positive_component_out,B_increment_change__MLP__271708,f1_val_threshold,6,6,0.0,0.0006700167504187605,paired_fixed_score_influence_range_NOT_CI
D_leave_one_positive_component_out,B_increment_change__MLP__271708,p_at_5pct,6,6,0.0,0.0,paired_fixed_score_influence_range_NOT_CI
D_leave_one_positive_component_out,B_increment_change__MLP__271708,r_at_10fpr,6,6,-0.04,0.06666666666666667,paired_fixed_score_influence_range_NOT_CI
D_leave_one_positive_component_out,B_increment_change__MLP__271708,hits_at_budget,6,6,0.0,0.0,paired_fixed_score_influence_range_NOT_CI
D_leave_one_positive_component_out,B_increment__MLP__271709,roc_auc,6,6,-0.011412160823925488,0.04109803921568633,paired_fixed_score_influence_range_NOT_CI
D_leave_one_positive_component_out,B_increment__MLP__271709,ap,6,6,-7.334126049085479e-05,8.409370749995503e-05,paired_fixed_score_influence_range_NOT_CI
D_leave_one_positive_component_out,B_increment__MLP__271709,f1_val_threshold,6,6,-0.0006482982171799027,0.0,paired_fixed_score_influence_range_NOT_CI
D_leave_one_positive_component_out,B_increment__MLP__271709,p_at_5pct,6,6,0.0,0.0,paired_fixed_score_influence_range_NOT_CI
D_leave_one_positive_component_out,B_increment__MLP__271709,r_at_10fpr,6,6,-0.03333333333333333,0.04,paired_fixed_score_influence_range_NOT_CI
D_leave_one_positive_component_out,B_increment__MLP__271709,hits_at_budget,6,6,0.0,0.0,paired_fixed_score_influence_range_NOT_CI
D_leave_one_positive_component_out,B_minus_ASOF__MLP__M5__271709,roc_auc,6,6,-0.04632996632996622,0.0028995840760546177,paired_fixed_score_influence_range_NOT_CI
D_leave_one_positive_component_out,B_minus_ASOF__MLP__M5__271709,ap,6,6,-0.0002385122438762397,5.641269907822786e-06,paired_fixed_score_influence_range_NOT_CI
D_leave_one_positive_component_out,B_minus_ASOF__MLP__M5__271709,f1_val_threshold,6,6,-2.1718533238857798e-05,0.0,paired_fixed_score_influence_range_NOT_CI
D_leave_one_positive_component_out,B_minus_ASOF__MLP__M5__271709,p_at_5pct,6,6,0.0,0.0,paired_fixed_score_influence_range_NOT_CI
D_leave_one_positive_component_out,B_minus_ASOF__MLP__M5__271709,r_at_10fpr,6,6,-0.1,0.0,paired_fixed_score_influence_range_NOT_CI
D_leave_one_positive_component_out,B_minus_ASOF__MLP__M5__271709,hits_at_budget,6,6,0.0,0.0,paired_fixed_score_influence_range_NOT_CI
D_leave_one_positive_component_out,B_minus_ASOF__MLP__M11__271709,roc_auc,6,6,-0.03202218261041789,0.005423648247177559,paired_fixed_score_influence_range_NOT_CI
D_leave_one_positive_component_out,B_minus_ASOF__MLP__M11__271709,ap,6,6,-0.00013675172952465125,-1.1720416057668789e-05,paired_fixed_score_influence_range_NOT_CI
D_leave_one_positive_component_out,B_minus_ASOF__MLP__M11__271709,f1_val_threshold,6,6,0.0,0.0,paired_fixed_score_influence_range_NOT_CI
D_leave_one_positive_component_out,B_minus_ASOF__MLP__M11__271709,p_at_5pct,6,6,0.0,0.0,paired_fixed_score_influence_range_NOT_CI
D_leave_one_positive_component_out,B_minus_ASOF__MLP__M11__271709,r_at_10fpr,6,6,-0.04,0.0,paired_fixed_score_influence_range_NOT_CI
D_leave_one_positive_component_out,B_minus_ASOF__MLP__M11__271709,hits_at_budget,6,6,0.0,0.0,paired_fixed_score_influence_range_NOT_CI
D_leave_one_positive_component_out,B_increment_change__MLP__271709,roc_auc,6,6,-0.004317686670627596,0.014307783719548328,paired_fixed_score_influence_range_NOT_CI
D_leave_one_positive_component_out,B_increment_change__MLP__271709,ap,6,6,-1.7361685965491575e-05,0.00010176051435158845,paired_fixed_score_influence_range_NOT_CI
D_leave_one_positive_component_out,B_increment_change__MLP__271709,f1_val_threshold,6,6,0.0,2.1718533238857798e-05,paired_fixed_score_influence_range_NOT_CI
D_leave_one_positive_component_out,B_increment_change__MLP__271709,p_at_5pct,6,6,0.0,0.0,paired_fixed_score_influence_range_NOT_CI
D_leave_one_positive_component_out,B_increment_change__MLP__271709,r_at_10fpr,6,6,-0.04,0.1,paired_fixed_score_influence_range_NOT_CI
D_leave_one_positive_component_out,B_increment_change__MLP__271709,hits_at_budget,6,6,0.0,0.0,paired_fixed_score_influence_range_NOT_CI
D_leave_one_positive_component_out,B_increment__MLP__mean3,roc_auc,6,6,-0.017691952201756123,0.02694553376906328,paired_fixed_score_influence_range_NOT_CI
D_leave_one_positive_component_out,B_increment__MLP__mean3,ap,6,6,-9.755368026539225e-05,7.243765695739334e-05,paired_fixed_score_influence_range_NOT_CI
D_leave_one_positive_component_out,B_increment__MLP__mean3,f1_val_threshold,6,6,-0.00021609940572663423,0.0,paired_fixed_score_influence_range_NOT_CI
D_leave_one_positive_component_out,B_increment__MLP__mean3,p_at_5pct,6,6,0.0,0.0,paired_fixed_score_influence_range_NOT_CI
D_leave_one_positive_component_out,B_increment__MLP__mean3,r_at_10fpr,6,6,-0.04444444444444444,0.039999999999999994,paired_fixed_score_influence_range_NOT_CI
D_leave_one_positive_component_out,B_increment__MLP__mean3,hits_at_budget,6,6,0.0,0.0,paired_fixed_score_influence_range_NOT_CI
D_leave_one_positive_component_out,B_minus_ASOF__MLP__M5__mean3,roc_auc,6,6,-0.014734270812702066,0.02101643889879179,paired_fixed_score_influence_range_NOT_CI
D_leave_one_positive_component_out,B_minus_ASOF__MLP__M5__mean3,ap,6,6,-0.00014551844348071924,4.0469850951816723e-05,paired_fixed_score_influence_range_NOT_CI
D_leave_one_positive_component_out,B_minus_ASOF__MLP__M5__mean3,f1_val_threshold,6,6,-0.00045391734469212627,0.0,paired_fixed_score_influence_range_NOT_CI
D_leave_one_positive_component_out,B_minus_ASOF__MLP__M5__mean3,p_at_5pct,6,6,0.0,0.0,paired_fixed_score_influence_range_NOT_CI
D_leave_one_positive_component_out,B_minus_ASOF__MLP__M5__mean3,r_at_10fpr,6,6,-0.08888888888888889,0.0,paired_fixed_score_influence_range_NOT_CI
D_leave_one_positive_component_out,B_minus_ASOF__MLP__M5__mean3,hits_at_budget,6,6,0.0,0.0,paired_fixed_score_influence_range_NOT_CI
D_leave_one_positive_component_out,B_minus_ASOF__MLP__M11__mean3,roc_auc,6,6,-0.011281441869677167,0.009387997623291677,paired_fixed_score_influence_range_NOT_CI
D_leave_one_positive_component_out,B_minus_ASOF__MLP__M11__mean3,ap,6,6,-6.79093779421833e-05,1.1452114443763397e-05,paired_fixed_score_influence_range_NOT_CI
D_leave_one_positive_component_out,B_minus_ASOF__MLP__M11__mean3,f1_val_threshold,6,6,0.0,0.0,paired_fixed_score_influence_range_NOT_CI
D_leave_one_positive_component_out,B_minus_ASOF__MLP__M11__mean3,p_at_5pct,6,6,0.0,0.0,paired_fixed_score_influence_range_NOT_CI
D_leave_one_positive_component_out,B_minus_ASOF__MLP__M11__mean3,r_at_10fpr,6,6,-0.04000000000000001,0.0,paired_fixed_score_influence_range_NOT_CI
D_leave_one_positive_component_out,B_minus_ASOF__MLP__M11__mean3,hits_at_budget,6,6,0.0,0.0,paired_fixed_score_influence_range_NOT_CI
D_leave_one_positive_component_out,B_increment_change__MLP__mean3,roc_auc,6,6,-0.014517726282431975,0.0034528289430248993,paired_fixed_score_influence_range_NOT_CI
D_leave_one_positive_component_out,B_increment_change__MLP__mean3,ap,6,6,-2.9017736508053327e-05,7.760906553853594e-05,paired_fixed_score_influence_range_NOT_CI
D_leave_one_positive_component_out,B_increment_change__MLP__mean3,f1_val_threshold,6,6,0.0,0.00045391734469212627,paired_fixed_score_influence_range_NOT_CI
D_leave_one_positive_component_out,B_increment_change__MLP__mean3,p_at_5pct,6,6,0.0,0.0,paired_fixed_score_influence_range_NOT_CI
D_leave_one_positive_component_out,B_increment_change__MLP__mean3,r_at_10fpr,6,6,-0.04000000000000001,0.08888888888888889,paired_fixed_score_influence_range_NOT_CI
D_leave_one_positive_component_out,B_increment_change__MLP__mean3,hits_at_budget,6,6,0.0,0.0,paired_fixed_score_influence_range_NOT_CI
D_leave_one_positive_component_out,B0_42_minus_17__MLP,roc_auc,6,6,0.055082194493959236,0.11782768865121807,paired_fixed_score_influence_range_NOT_CI
D_leave_one_positive_component_out,B0_42_minus_17__MLP,ap,6,6,-0.00025621610972034975,0.0001974261810027974,paired_fixed_score_influence_range_NOT_CI
D_leave_one_positive_component_out,B0_42_minus_17__MLP,f1_val_threshold,6,6,-0.0008998521175554632,-0.0005513459370738777,paired_fixed_score_influence_range_NOT_CI
D_leave_one_positive_component_out,B0_42_minus_17__MLP,p_at_5pct,6,6,-0.00047505938242280285,0.0,paired_fixed_score_influence_range_NOT_CI
D_leave_one_positive_component_out,B0_42_minus_17__MLP,r_at_10fpr,6,6,-0.06666666666666667,0.03333333333333333,paired_fixed_score_influence_range_NOT_CI
D_leave_one_positive_component_out,B0_42_minus_17__MLP,hits_at_budget,6,6,-0.2,0.0,paired_fixed_score_influence_range_NOT_CI
D_leave_one_positive_component_out,B_increment__RandomForest_unweighted__271707,roc_auc,6,6,-0.04489601901366602,0.07255852644087946,paired_fixed_score_influence_range_NOT_CI
D_leave_one_positive_component_out,B_increment__RandomForest_unweighted__271707,ap,6,6,-0.0004884711548449167,5.292654768152168e-05,paired_fixed_score_influence_range_NOT_CI
D_leave_one_positive_component_out,B_increment__RandomForest_unweighted__271707,f1_val_threshold,6,6,-0.00101010101010101,0.0,paired_fixed_score_influence_range_NOT_CI
D_leave_one_positive_component_out,B_increment__RandomForest_unweighted__271707,p_at_5pct,6,6,-0.0019002375296912114,0.0,paired_fixed_score_influence_range_NOT_CI
D_leave_one_positive_component_out,B_increment__RandomForest_unweighted__271707,r_at_10fpr,6,6,-0.04000000000000001,0.0,paired_fixed_score_influence_range_NOT_CI
D_leave_one_positive_component_out,B_increment__RandomForest_unweighted__271707,hits_at_budget,6,6,-0.8,0.0,paired_fixed_score_influence_range_NOT_CI
D_leave_one_positive_component_out,B_minus_ASOF__RandomForest_unweighted__M5__271707,roc_auc,6,6,-0.13048326401267585,-0.06259536541889488,paired_fixed_score_influence_range_NOT_CI
D_leave_one_positive_component_out,B_minus_ASOF__RandomForest_unweighted__M5__271707,ap,6,6,-0.002091378532651212,-0.00027136844555262075,paired_fixed_score_influence_range_NOT_CI
D_leave_one_positive_component_out,B_minus_ASOF__RandomForest_unweighted__M5__271707,f1_val_threshold,6,6,0.0,0.00101010101010101,paired_fixed_score_influence_range_NOT_CI
D_leave_one_positive_component_out,B_minus_ASOF__RandomForest_unweighted__M5__271707,p_at_5pct,6,6,-0.003317535545023697,0.0019002375296912114,paired_fixed_score_influence_range_NOT_CI
D_leave_one_positive_component_out,B_minus_ASOF__RandomForest_unweighted__M5__271707,r_at_10fpr,6,6,-0.5666666666666667,-0.12,paired_fixed_score_influence_range_NOT_CI
D_leave_one_positive_component_out,B_minus_ASOF__RandomForest_unweighted__M5__271707,hits_at_budget,6,6,-1.4,0.8,paired_fixed_score_influence_range_NOT_CI
D_leave_one_positive_component_out,B_minus_ASOF__RandomForest_unweighted__M11__271707,roc_auc,6,6,-0.15383244206773627,-0.035729055258467035,paired_fixed_score_influence_range_NOT_CI
D_leave_one_positive_component_out,B_minus_ASOF__RandomForest_unweighted__M11__271707,ap,6,6,-0.0017170043827195445,-0.0002333996606018031,paired_fixed_score_influence_range_NOT_CI
D_leave_one_positive_component_out,B_minus_ASOF__RandomForest_unweighted__M11__271707,f1_val_threshold,6,6,0.0,0.0,paired_fixed_score_influence_range_NOT_CI
D_leave_one_positive_component_out,B_minus_ASOF__RandomForest_unweighted__M11__271707,p_at_5pct,6,6,-0.002369668246445498,0.0,paired_fixed_score_influence_range_NOT_CI
D_leave_one_positive_component_out,B_minus_ASOF__RandomForest_unweighted__M11__271707,r_at_10fpr,6,6,-0.4333333333333333,0.0,paired_fixed_score_influence_range_NOT_CI
D_leave_one_positive_component_out,B_minus_ASOF__RandomForest_unweighted__M11__271707,hits_at_budget,6,6,-1.0,0.0,paired_fixed_score_influence_range_NOT_CI
D_leave_one_positive_component_out,B_increment_change__RandomForest_unweighted__271707,roc_auc,6,6,-0.042970885323826424,0.026866310160427842,paired_fixed_score_influence_range_NOT_CI
D_leave_one_positive_component_out,B_increment_change__RandomForest_unweighted__271707,ap,6,6,3.7968784950817656e-05,0.0005888394504315417,paired_fixed_score_influence_range_NOT_CI
D_leave_one_positive_component_out,B_increment_change__RandomForest_unweighted__271707,f1_val_threshold,6,6,-0.00101010101010101,0.0,paired_fixed_score_influence_range_NOT_CI
D_leave_one_positive_component_out,B_increment_change__RandomForest_unweighted__271707,p_at_5pct,6,6,-0.0019002375296912114,0.0009478672985781993,paired_fixed_score_influence_range_NOT_CI
D_leave_one_positive_component_out,B_increment_change__RandomForest_unweighted__271707,r_at_10fpr,6,6,0.03333333333333338,0.13333333333333336,paired_fixed_score_influence_range_NOT_CI
D_leave_one_positive_component_out,B_increment_change__RandomForest_unweighted__271707,hits_at_budget,6,6,-0.8,0.3999999999999999,paired_fixed_score_influence_range_NOT_CI
D_leave_one_positive_component_out,B_increment__RandomForest_unweighted__271708,roc_auc,6,6,-0.017902554961378492,0.08883897801544849,paired_fixed_score_influence_range_NOT_CI
D_leave_one_positive_component_out,B_increment__RandomForest_unweighted__271708,ap,6,6,-0.00019064542409025307,9.370862219637392e-05,paired_fixed_score_influence_range_NOT_CI
D_leave_one_positive_component_out,B_increment__RandomForest_unweighted__271708,f1_val_threshold,6,6,0.0,0.0,paired_fixed_score_influence_range_NOT_CI
D_leave_one_positive_component_out,B_increment__RandomForest_unweighted__271708,p_at_5pct,6,6,-0.0009501187648456057,0.0,paired_fixed_score_influence_range_NOT_CI
D_leave_one_positive_component_out,B_increment__RandomForest_unweighted__271708,r_at_10fpr,6,6,0.0,0.0,paired_fixed_score_influence_range_NOT_CI
D_leave_one_positive_component_out,B_increment__RandomForest_unweighted__271708,hits_at_budget,6,6,-0.4,0.0,paired_fixed_score_influence_range_NOT_CI
D_leave_one_positive_component_out,B_minus_ASOF__RandomForest_unweighted__M5__271708,roc_auc,6,6,-0.16330956625074278,-0.08263814616755816,paired_fixed_score_influence_range_NOT_CI
D_leave_one_positive_component_out,B_minus_ASOF__RandomForest_unweighted__M5__271708,ap,6,6,-0.0023969659847171937,-0.0005118027031175371,paired_fixed_score_influence_range_NOT_CI
D_leave_one_positive_component_out,B_minus_ASOF__RandomForest_unweighted__M5__271708,f1_val_threshold,6,6,0.0,0.0,paired_fixed_score_influence_range_NOT_CI
D_leave_one_positive_component_out,B_minus_ASOF__RandomForest_unweighted__M5__271708,p_at_5pct,6,6,-0.003317535545023697,0.0009501187648456057,paired_fixed_score_influence_range_NOT_CI
D_leave_one_positive_component_out,B_minus_ASOF__RandomForest_unweighted__M5__271708,r_at_10fpr,6,6,-0.5666666666666667,-0.12,paired_fixed_score_influence_range_NOT_CI
D_leave_one_positive_component_out,B_minus_ASOF__RandomForest_unweighted__M5__271708,hits_at_budget,6,6,-1.4,0.4,paired_fixed_score_influence_range_NOT_CI
D_leave_one_positive_component_out,B_minus_ASOF__RandomForest_unweighted__M11__271708,roc_auc,6,6,-0.1887918399683105,-0.04930243612596563,paired_fixed_score_influence_range_NOT_CI
D_leave_one_positive_component_out,B_minus_ASOF__RandomForest_unweighted__M11__271708,ap,6,6,-0.0018385743398458844,-0.000304187141204892,paired_fixed_score_influence_range_NOT_CI
D_leave_one_positive_component_out,B_minus_ASOF__RandomForest_unweighted__M11__271708,f1_val_threshold,6,6,0.0,0.0,paired_fixed_score_influence_range_NOT_CI
D_leave_one_positive_component_out,B_minus_ASOF__RandomForest_unweighted__M11__271708,p_at_5pct,6,6,-0.002369668246445498,0.0,paired_fixed_score_influence_range_NOT_CI
D_leave_one_positive_component_out,B_minus_ASOF__RandomForest_unweighted__M11__271708,r_at_10fpr,6,6,-0.4333333333333333,0.04000000000000001,paired_fixed_score_influence_range_NOT_CI
D_leave_one_positive_component_out,B_minus_ASOF__RandomForest_unweighted__M11__271708,hits_at_budget,6,6,-1.0,0.0,paired_fixed_score_influence_range_NOT_CI
D_leave_one_positive_component_out,B_increment_change__RandomForest_unweighted__271708,roc_auc,6,6,-0.025482273717567727,0.043146761734996875,paired_fixed_score_influence_range_NOT_CI
D_leave_one_positive_component_out,B_increment_change__RandomForest_unweighted__271708,ap,6,6,0.00020761556191264507,0.0006910198084028821,paired_fixed_score_influence_range_NOT_CI
D_leave_one_positive_component_out,B_increment_change__RandomForest_unweighted__271708,f1_val_threshold,6,6,0.0,0.0,paired_fixed_score_influence_range_NOT_CI
D_leave_one_positive_component_out,B_increment_change__RandomForest_unweighted__271708,p_at_5pct,6,6,-0.0009501187648456057,0.0009478672985781993,paired_fixed_score_influence_range_NOT_CI
D_leave_one_positive_component_out,B_increment_change__RandomForest_unweighted__271708,r_at_10fpr,6,6,0.06666666666666671,0.16666666666666669,paired_fixed_score_influence_range_NOT_CI
D_leave_one_positive_component_out,B_increment_change__RandomForest_unweighted__271708,hits_at_budget,6,6,-0.4,0.3999999999999999,paired_fixed_score_influence_range_NOT_CI
D_leave_one_positive_component_out,B_increment__RandomForest_unweighted__271709,roc_auc,6,6,1.584472172699858e-05,0.09420083184789074,paired_fixed_score_influence_range_NOT_CI
D_leave_one_positive_component_out,B_increment__RandomForest_unweighted__271709,ap,6,6,-0.00016605682277008658,0.0002369949873410437,paired_fixed_score_influence_range_NOT_CI
D_leave_one_positive_component_out,B_increment__RandomForest_unweighted__271709,f1_val_threshold,6,6,-0.002216015889564483,0.0,paired_fixed_score_influence_range_NOT_CI
D_leave_one_positive_component_out,B_increment__RandomForest_unweighted__271709,p_at_5pct,6,6,-0.0019002375296912114,0.0,paired_fixed_score_influence_range_NOT_CI
D_leave_one_positive_component_out,B_increment__RandomForest_unweighted__271709,r_at_10fpr,6,6,0.0,0.0,paired_fixed_score_influence_range_NOT_CI
D_leave_one_positive_component_out,B_increment__RandomForest_unweighted__271709,hits_at_budget,6,6,-0.8,0.0,paired_fixed_score_influence_range_NOT_CI
D_leave_one_positive_component_out,B_minus_ASOF__RandomForest_unweighted__M5__271709,roc_auc,6,6,-0.159728659140424,-0.08406892453951276,paired_fixed_score_influence_range_NOT_CI
D_leave_one_positive_component_out,B_minus_ASOF__RandomForest_unweighted__M5__271709,ap,6,6,-0.002225894609816716,-0.0003422067901828309,paired_fixed_score_influence_range_NOT_CI
D_leave_one_positive_component_out,B_minus_ASOF__RandomForest_unweighted__M5__271709,f1_val_threshold,6,6,0.0,0.002216015889564483,paired_fixed_score_influence_range_NOT_CI
D_leave_one_positive_component_out,B_minus_ASOF__RandomForest_unweighted__M5__271709,p_at_5pct,6,6,-0.003317535545023697,0.0019002375296912114,paired_fixed_score_influence_range_NOT_CI
D_leave_one_positive_component_out,B_minus_ASOF__RandomForest_unweighted__M5__271709,r_at_10fpr,6,6,-0.5666666666666667,-0.12,paired_fixed_score_influence_range_NOT_CI
D_leave_one_positive_component_out,B_minus_ASOF__RandomForest_unweighted__M5__271709,hits_at_budget,6,6,-1.4,0.8,paired_fixed_score_influence_range_NOT_CI
D_leave_one_positive_component_out,B_minus_ASOF__RandomForest_unweighted__M11__271709,roc_auc,6,6,-0.15117052881758775,-0.03556030897207363,paired_fixed_score_influence_range_NOT_CI
D_leave_one_positive_component_out,B_minus_ASOF__RandomForest_unweighted__M11__271709,ap,6,6,-0.0016354534424328506,-0.00019445333404890315,paired_fixed_score_influence_range_NOT_CI
D_leave_one_positive_component_out,B_minus_ASOF__RandomForest_unweighted__M11__271709,f1_val_threshold,6,6,0.0,0.0,paired_fixed_score_influence_range_NOT_CI
D_leave_one_positive_component_out,B_minus_ASOF__RandomForest_unweighted__M11__271709,p_at_5pct,6,6,-0.002369668246445498,0.0,paired_fixed_score_influence_range_NOT_CI
D_leave_one_positive_component_out,B_minus_ASOF__RandomForest_unweighted__M11__271709,r_at_10fpr,6,6,-0.4333333333333333,0.04000000000000001,paired_fixed_score_influence_range_NOT_CI
D_leave_one_positive_component_out,B_minus_ASOF__RandomForest_unweighted__M11__271709,hits_at_budget,6,6,-1.0,0.0,paired_fixed_score_influence_range_NOT_CI
D_leave_one_positive_component_out,B_increment_change__RandomForest_unweighted__271709,roc_auc,6,6,0.0019409784115665962,0.04850861556743913,paired_fixed_score_influence_range_NOT_CI
D_leave_one_positive_component_out,B_increment_change__RandomForest_unweighted__271709,ap,6,6,0.00014775345613392775,0.0007061063423480806,paired_fixed_score_influence_range_NOT_CI
D_leave_one_positive_component_out,B_increment_change__RandomForest_unweighted__271709,f1_val_threshold,6,6,-0.002216015889564483,0.0,paired_fixed_score_influence_range_NOT_CI
D_leave_one_positive_component_out,B_increment_change__RandomForest_unweighted__271709,p_at_5pct,6,6,-0.0019002375296912114,0.0009478672985781993,paired_fixed_score_influence_range_NOT_CI
D_leave_one_positive_component_out,B_increment_change__RandomForest_unweighted__271709,r_at_10fpr,6,6,0.06666666666666671,0.16666666666666669,paired_fixed_score_influence_range_NOT_CI
D_leave_one_positive_component_out,B_increment_change__RandomForest_unweighted__271709,hits_at_budget,6,6,-0.8,0.3999999999999999,paired_fixed_score_influence_range_NOT_CI
D_leave_one_positive_component_out,B_increment__RandomForest_unweighted__mean3,roc_auc,6,6,-0.02092757641777246,0.08519944543473965,paired_fixed_score_influence_range_NOT_CI
D_leave_one_positive_component_out,B_increment__RandomForest_unweighted__mean3,ap,6,6,-0.0002817244672350854,0.00011602985959929688,paired_fixed_score_influence_range_NOT_CI
D_leave_one_positive_component_out,B_increment__RandomForest_unweighted__mean3,f1_val_threshold,6,6,-0.0010753722998884975,0.0,paired_fixed_score_influence_range_NOT_CI
D_leave_one_positive_component_out,B_increment__RandomForest_unweighted__mean3,p_at_5pct,6,6,-0.001583531274742676,0.0,paired_fixed_score_influence_range_NOT_CI
D_leave_one_positive_component_out,B_increment__RandomForest_unweighted__mean3,r_at_10fpr,6,6,-0.01333333333333335,0.0,paired_fixed_score_influence_range_NOT_CI
D_leave_one_positive_component_out,B_increment__RandomForest_unweighted__mean3,hits_at_budget,6,6,-0.6666666666666667,0.0,paired_fixed_score_influence_range_NOT_CI
D_leave_one_positive_component_out,B_minus_ASOF__RandomForest_unweighted__M5__mean3,roc_auc,6,6,-0.15108866442199786,-0.07970449593979012,paired_fixed_score_influence_range_NOT_CI
D_leave_one_positive_component_out,B_minus_ASOF__RandomForest_unweighted__M5__mean3,ap,6,6,-0.002212640651402437,-0.00037512597961766305,paired_fixed_score_influence_range_NOT_CI
D_leave_one_positive_component_out,B_minus_ASOF__RandomForest_unweighted__M5__mean3,f1_val_threshold,6,6,0.0,0.0010753722998884975,paired_fixed_score_influence_range_NOT_CI
D_leave_one_positive_component_out,B_minus_ASOF__RandomForest_unweighted__M5__mean3,p_at_5pct,6,6,-0.003317535545023697,0.001583531274742676,paired_fixed_score_influence_range_NOT_CI
D_leave_one_positive_component_out,B_minus_ASOF__RandomForest_unweighted__M5__mean3,r_at_10fpr,6,6,-0.5666666666666667,-0.12,paired_fixed_score_influence_range_NOT_CI
D_leave_one_positive_component_out,B_minus_ASOF__RandomForest_unweighted__M5__mean3,hits_at_budget,6,6,-1.4,0.6666666666666667,paired_fixed_score_influence_range_NOT_CI
D_leave_one_positive_component_out,B_minus_ASOF__RandomForest_unweighted__M11__mean3,roc_auc,6,6,-0.16459827028454488,-0.04019726678550206,paired_fixed_score_influence_range_NOT_CI
D_leave_one_positive_component_out,B_minus_ASOF__RandomForest_unweighted__M11__mean3,ap,6,6,-0.0017255798315957984,-0.00024401337861853275,paired_fixed_score_influence_range_NOT_CI
D_leave_one_positive_component_out,B_minus_ASOF__RandomForest_unweighted__M11__mean3,f1_val_threshold,6,6,0.0,0.0,paired_fixed_score_influence_range_NOT_CI
D_leave_one_positive_component_out,B_minus_ASOF__RandomForest_unweighted__M11__mean3,p_at_5pct,6,6,-0.002369668246445498,0.0,paired_fixed_score_influence_range_NOT_CI
D_leave_one_positive_component_out,B_minus_ASOF__RandomForest_unweighted__M11__mean3,r_at_10fpr,6,6,-0.4333333333333333,0.026666666666666644,paired_fixed_score_influence_range_NOT_CI
D_leave_one_positive_component_out,B_minus_ASOF__RandomForest_unweighted__M11__mean3,hits_at_budget,6,6,-1.0,0.0,paired_fixed_score_influence_range_NOT_CI
D_leave_one_positive_component_out,B_increment_change__RandomForest_unweighted__mean3,roc_auc,6,6,-0.019002442727932833,0.03950722915428806,paired_fixed_score_influence_range_NOT_CI
D_leave_one_positive_component_out,B_increment_change__RandomForest_unweighted__mean3,ap,6,6,0.0001311126009991303,0.0006619885337275015,paired_fixed_score_influence_range_NOT_CI
D_leave_one_positive_component_out,B_increment_change__RandomForest_unweighted__mean3,f1_val_threshold,6,6,-0.0010753722998884975,0.0,paired_fixed_score_influence_range_NOT_CI
D_leave_one_positive_component_out,B_increment_change__RandomForest_unweighted__mean3,p_at_5pct,6,6,-0.001583531274742676,0.0009478672985781993,paired_fixed_score_influence_range_NOT_CI
D_leave_one_positive_component_out,B_increment_change__RandomForest_unweighted__mean3,r_at_10fpr,6,6,0.05555555555555558,0.15555555555555556,paired_fixed_score_influence_range_NOT_CI
D_leave_one_positive_component_out,B_increment_change__RandomForest_unweighted__mean3,hits_at_budget,6,6,-0.6666666666666667,0.3999999999999999,paired_fixed_score_influence_range_NOT_CI
D_leave_one_positive_component_out,B0_42_minus_17__RandomForest_unweighted,roc_auc,6,6,-0.17260051495345613,0.10434462269756373,paired_fixed_score_influence_range_NOT_CI
D_leave_one_positive_component_out,B0_42_minus_17__RandomForest_unweighted,ap,6,6,-0.0004929891960458084,8.028896451220543e-05,paired_fixed_score_influence_range_NOT_CI
D_leave_one_positive_component_out,B0_42_minus_17__RandomForest_unweighted,f1_val_threshold,6,6,-0.0015755931843694799,-0.001126260507073101,paired_fixed_score_influence_range_NOT_CI
D_leave_one_positive_component_out,B0_42_minus_17__RandomForest_unweighted,p_at_5pct,6,6,-0.0014251781472684087,0.0,paired_fixed_score_influence_range_NOT_CI
D_leave_one_positive_component_out,B0_42_minus_17__RandomForest_unweighted,r_at_10fpr,6,6,-0.13333333333333333,0.1,paired_fixed_score_influence_range_NOT_CI
D_leave_one_positive_component_out,B0_42_minus_17__RandomForest_unweighted,hits_at_budget,6,6,-0.6,0.0,paired_fixed_score_influence_range_NOT_CI
