{
  "experiment": "audit_ablation_MAJOR1",
  "seeds": [
    42,
    123,
    456,
    789,
    1024
  ],
  "modals": [
    "M5",
    "M11_no_audit",
    "M11"
  ],
  "models": [
    "MLP",
    "GCN",
    "GAT",
    "SAGE",
    "RGCN"
  ],
  "label_col": "fraud_v08_strict",
  "audit_cols_removed": [
    "audit_is_modified",
    "audit_type_code",
    "audit_fee_log",
    "audit_fee_to_assets",
    "audit_firm_change_flag"
  ],
  "results": {
    "MLP": {
      "M5": {
        "aucs": [
          0.70167979856657,
          0.6959822108836068,
          0.695029195770111,
          0.703156180776389,
          0.6998523493025487
        ],
        "mean": 0.6991399470598451,
        "std": 0.0031609514334231836
      },
      "M11_no_audit": {
        "aucs": [
          0.7085178395213294,
          0.7115380392579596,
          0.7109859762820653,
          0.7056270207721571,
          0.7115565460208713
        ],
        "mean": 0.7096450843708766,
        "std": 0.0023000204779787536
      },
      "M11": {
        "aucs": [
          0.719281372830841,
          0.7170581699581257,
          0.7139983158429868,
          0.7186133410720713,
          0.7089270261287213
        ],
        "mean": 0.7155756451665493,
        "std": 0.0037907781944898932
      },
      "audit_gain": 0.005930560795672668,
      "nonaudit_gain": 0.010505137311031532
    },
    "GCN": {
      "M5": {
        "aucs": [
          0.6805517086441638,
          0.6836557086667877,
          0.6870910629219958,
          0.6890602032899285,
          0.6848807108127405
        ],
        "mean": 0.6850478788671233,
        "std": 0.0029139312982587717
      },
      "M11_no_audit": {
        "aucs": [
          0.6884374195267725,
          0.6900313508722549,
          0.6993635420264048,
          0.6944823729113558,
          0.6998602510664887
        ],
        "mean": 0.6944349872806553,
        "std": 0.004670957439444883
      },
      "M11": {
        "aucs": [
          0.7123279245343282,
          0.7096452548826246,
          0.694189300645649,
          0.7051170866745319,
          0.7040455658960534
        ],
        "mean": 0.7050650265266374,
        "std": 0.006213720349964585
      },
      "audit_gain": 0.010630039245982048,
      "nonaudit_gain": 0.009387108413532075
    },
    "GAT": {
      "M5": {
        "aucs": [
          0.6906296391671974,
          0.6842107036129859,
          0.6955925291566771,
          0.6951076519683875,
          0.6904477738318864
        ],
        "mean": 0.6911976595474268,
        "std": 0.004106225726450738
      },
      "M11_no_audit": {
        "aucs": [
          0.6835105241514503,
          0.7034562814531793,
          0.7075856185234647,
          0.7036938126360351,
          0.6893557500553955
        ],
        "mean": 0.697520397363905,
        "std": 0.009355131919280715
      },
      "M11": {
        "aucs": [
          0.7121242045834888,
          0.6892172196570601,
          0.6986294681563905,
          0.6794592481912447,
          0.7019019005156275
        ],
        "mean": 0.6962664082207624,
        "std": 0.011144363766595222
      },
      "audit_gain": -0.0012539891431426753,
      "nonaudit_gain": 0.0063227378164781856
    },
    "SAGE": {
      "M5": {
        "aucs": [
          0.6863219509671427,
          0.6848642626672762,
          0.6928713695969403,
          0.692253160539223,
          0.693948733521911
        ],
        "mean": 0.6900518954584987,
        "std": 0.003709565180734276
      },
      "M11_no_audit": {
        "aucs": [
          0.7005755894383192,
          0.6941246517401514,
          0.6969091293819856,
          0.7002182009729649,
          0.7090766813789193
        ],
        "mean": 0.700180850582468,
        "std": 0.005033383025489802
      },
      "M11": {
        "aucs": [
          0.7097257281101177,
          0.7089534554496886,
          0.7127140088792537,
          0.7091903004267285,
          0.7150810862380217
        ],
        "mean": 0.711132915820762,
        "std": 0.0023913127873425167
      },
      "audit_gain": 0.010952065238293951,
      "nonaudit_gain": 0.010128955123969385
    },
    "RGCN": {
      "M5": {
        "aucs": [
          0.6495335422393366,
          0.6542967671305252,
          0.6641829967015541,
          0.6825732917717185,
          0.6660782763707647
        ],
        "mean": 0.6633329748427798,
        "std": 0.011406370177772933
      },
      "M11_no_audit": {
        "aucs": [
          0.673638185049663,
          0.673567297909476,
          0.6954617549634722,
          0.6773834755983549,
          0.688357424563939
        ],
        "mean": 0.681681627616981,
        "std": 0.008757529335076062
      },
      "M11": {
        "aucs": [
          0.6991188576677718,
          0.6884546370545153,
          0.6821129932281051,
          0.6974119518920648,
          0.6952799104222769
        ],
        "mean": 0.6924756700529467,
        "std": 0.006323232740940939
      },
      "audit_gain": 0.010794042435965712,
      "nonaudit_gain": 0.01834865277420128
    }
  },
  "runtime_min": 18.1
}