{
  "experiment": "puregraph_structural_MAJOR2",
  "seeds": [42, 123, 456, 789, 1024],
  "label_col": "fraud_v08_strict",
  "pure_graph_multiseed": {
    "GCN": {
      "aucs": [0.573972571064306, 0.5747020702288818, 0.57475438822381, 0.572825858763705, 0.5748857446522525],
      "mean": 0.574228126586591,
      "std": 0.0007701557088319921
    },
    "GAT": {
      "aucs": [0.50782563668255, 0.5071327143673698, 0.5068008818701263, 0.505467188881769, 0.5062471761590972],
      "mean": 0.5066947195921825,
      "std": 0.0007986501220360419
    },
    "SAGE": {
      "aucs": [0.4536674456974147, 0.5385763075838967, 0.45543621396712464, 0.47609812061119394, 0.5312825427909629],
      "mean": 0.4910121261301185,
      "std": 0.03678792209101866
    },
    "RGCN": {
      "aucs": [0.5799607981014473, 0.592336104107653, 0.5836705307124097, 0.5883290988196261, 0.5925750077021403],
      "mean": 0.5873743078886553,
      "std": 0.0049245592437702325
    }
  },
  "node2vec_lr": {
    "aucs": [0.6256506686722175, 0.6256506686722175, 0.6256506686722175, 0.6256506686722175, 0.6256506686722175],
    "mean": 0.6256506686722175,
    "std": 0.0,
    "n_train": 24523,
    "n_test": 19384
  },
  "label_propagation": {
    "auc": 0.5328554096973109,
    "n_test": 19384
  },
  "runtime_min": 31.5
}
