{
  "M11": {
    "GCN": {
      "mlp_avg_auc": 0.7221582803166561,
      "gnn_avg_auc": 0.7144152794496247,
      "delta_mlp_minus_gnn": 0.007743000867031391,
      "z": 2.512319873240761,
      "p": 0.01199403176774716,
      "sig": "*",
      "n_test": 19384
    },
    "GAT": {
      "mlp_avg_auc": 0.7221582803166561,
      "gnn_avg_auc": 0.7135704977079894,
      "delta_mlp_minus_gnn": 0.008587782608666661,
      "z": 2.498160297268371,
      "p": 0.012483972878881922,
      "sig": "*",
      "n_test": 19384
    },
    "SAGE": {
      "mlp_avg_auc": 0.7221582803166561,
      "gnn_avg_auc": 0.7126676587955116,
      "delta_mlp_minus_gnn": 0.009490621521144438,
      "z": 4.6972961655872245,
      "p": 2.6362805702895287e-06,
      "sig": "***",
      "n_test": 19384
    },
    "RGCN": {
      "mlp_avg_auc": 0.7221582803166561,
      "gnn_avg_auc": 0.7093333223540402,
      "delta_mlp_minus_gnn": 0.012824957962615846,
      "z": 3.6328089062123063,
      "p": 0.00028035264273684746,
      "sig": "***",
      "n_test": 19384
    }
  }
}