run_id,family,model,modality,model_seed,imputation_seed,population,prediction_sha256,validation_threshold,auc_DO_identity_abs_error,roc_auc,ap,f1_val_threshold,p_at_5pct,r_at_10fpr,hits_at_budget,n,n_pos,n_neg,budget,cutoff_score,cutoff_tie_rows,selected_from_cutoff_tie,tie_hits_min,tie_hits_max,reason
A_docpurged__MLP__M11__seed42,A,MLP,M11,42,,full_test,a320e41a62d594f1bdbebe793a1b3d0ffbfba9e279c8f94fda7cf53119827148,0.8293477892875671,0.0,0.8388472964943553,0.011834521629823538,0.016129032258064516,0.014218009478672985,0.5,6,8435,20,8415,422,0.7127254605293274,1,1,6,6,
A_docpurged__MLP__M11__seed42,A,MLP,M11,42,,D_frozen,a320e41a62d594f1bdbebe793a1b3d0ffbfba9e279c8f94fda7cf53119827148,0.8293477892875671,0.0,0.6708089296324591,0.00147496411086236,0.0,0.0,0.14285714285714285,0,8422,7,8415,422,0.7116663455963135,1,1,0,0,
A_docpurged__MLP__M11__seed42,A,MLP,M11,42,,O_frozen,a320e41a62d594f1bdbebe793a1b3d0ffbfba9e279c8f94fda7cf53119827148,0.8293477892875671,0.0,0.9293294940353765,0.01384823811756589,0.017094017094017096,0.014218009478672985,0.6923076923076923,6,8428,13,8415,422,0.7127254605293274,1,1,6,6,
A_docpurged__MLP__M11__seed42,A,MLP,M11,42,,S_frozen,a320e41a62d594f1bdbebe793a1b3d0ffbfba9e279c8f94fda7cf53119827148,0.8293477892875671,0.0,0.8155291790306628,0.004266106141943527,0.0,0.005154639175257732,0.5,2,7757,6,7751,388,0.6975317597389221,1,1,2,2,
A_docpurged__MLP__M11__seed42,A,MLP,M11,42,,J_frozen,a320e41a62d594f1bdbebe793a1b3d0ffbfba9e279c8f94fda7cf53119827148,0.8293477892875671,0.0,0.5770868275061283,0.0004465765905387191,0.0,0.0,0.0,0,7753,2,7751,388,0.6971926689147949,1,1,0,0,
A_docpurged__MLP__M11__seed123,A,MLP,M11,123,,full_test,c8e47e64cb457cbcf364880cb2072714224b140bbafdf6322a49b98a6a42a071,0.9998741149902344,1.7763568394002505e-15,0.7618568033273916,0.009540410101733742,0.0,0.004739336492890996,0.4,2,8435,20,8415,422,0.5635496377944946,1,1,2,2,
A_docpurged__MLP__M11__seed123,A,MLP,M11,123,,D_frozen,c8e47e64cb457cbcf364880cb2072714224b140bbafdf6322a49b98a6a42a071,0.9998741149902344,1.7763568394002505e-15,0.6605551311433664,0.0014806589698603413,0.0,0.0,0.0,0,8422,7,8415,422,0.5633646845817566,1,1,0,0,
A_docpurged__MLP__M11__seed123,A,MLP,M11,123,,O_frozen,c8e47e64cb457cbcf364880cb2072714224b140bbafdf6322a49b98a6a42a071,0.9998741149902344,1.7763568394002505e-15,0.8164038575803282,0.01074299557482072,0.0,0.004739336492890996,0.6153846153846154,2,8428,13,8415,422,0.5635496377944946,1,1,2,2,
A_docpurged__MLP__M11__seed123,A,MLP,M11,123,,S_frozen,c8e47e64cb457cbcf364880cb2072714224b140bbafdf6322a49b98a6a42a071,0.9998741149902344,1.7763568394002505e-15,0.7187137143594374,0.002475794406203582,0.0,0.002577319587628866,0.3333333333333333,1,7757,6,7751,388,0.559857964515686,1,1,1,1,
A_docpurged__MLP__M11__seed123,A,MLP,M11,123,,J_frozen,c8e47e64cb457cbcf364880cb2072714224b140bbafdf6322a49b98a6a42a071,0.9998741149902344,1.7763568394002505e-15,0.640885047090698,0.0005244170075219245,0.0,0.0,0.0,0,7753,2,7751,388,0.5598463416099548,1,1,0,0,
A_docpurged__MLP__M11__seed456,A,MLP,M11,456,,full_test,93b9c192c965613eb1a3844a1b6d52661d574ae79d316e062d08a1c665938087,0.7659621834754944,3.552713678800501e-15,0.8285561497326202,0.011353007820285947,0.014598540145985401,0.018957345971563982,0.55,8,8435,20,8415,422,0.6596456170082092,1,1,8,8,
A_docpurged__MLP__M11__seed456,A,MLP,M11,456,,D_frozen,93b9c192c965613eb1a3844a1b6d52661d574ae79d316e062d08a1c665938087,0.7659621834754944,3.552713678800501e-15,0.6615058144469909,0.0014995468689955982,0.0,0.0,0.14285714285714285,0,8422,7,8415,422,0.6580122113227844,1,1,0,0,
A_docpurged__MLP__M11__seed456,A,MLP,M11,456,,O_frozen,93b9c192c965613eb1a3844a1b6d52661d574ae79d316e062d08a1c665938087,0.7659621834754944,3.552713678800501e-15,0.9185063302710362,0.01305142728064535,0.015384615384615385,0.018957345971563982,0.7692307692307693,8,8428,13,8415,422,0.6596456170082092,1,1,8,8,
A_docpurged__MLP__M11__seed456,A,MLP,M11,456,,S_frozen,93b9c192c965613eb1a3844a1b6d52661d574ae79d316e062d08a1c665938087,0.7659621834754944,3.552713678800501e-15,0.8036167376252527,0.004007660955925477,0.0,0.005154639175257732,0.5,2,7757,6,7751,388,0.6475548148155212,1,1,2,2,
A_docpurged__MLP__M11__seed456,A,MLP,M11,456,,J_frozen,93b9c192c965613eb1a3844a1b6d52661d574ae79d316e062d08a1c665938087,0.7659621834754944,3.552713678800501e-15,0.5557992517094569,0.000434506729080545,0.0,0.0,0.0,0,7753,2,7751,388,0.6469048261642456,1,1,0,0,
A_docpurged__MLP__M11__seed789,A,MLP,M11,789,,full_test,4fe278a4edd9b6e4fb5b04484b0cabde8ec088b258cd2ffea7cb8fd0925715f5,0.6812537908554077,0.0,0.8290374331550802,0.01113828135709228,0.019138755980861243,0.014218009478672985,0.45,6,8435,20,8415,422,0.6358418464660645,1,1,6,6,
A_docpurged__MLP__M11__seed789,A,MLP,M11,789,,D_frozen,4fe278a4edd9b6e4fb5b04484b0cabde8ec088b258cd2ffea7cb8fd0925715f5,0.6812537908554077,0.0,0.6551056786350904,0.0013100188297417098,0.0,0.0,0.0,0,8422,7,8415,422,0.635263204574585,1,1,0,0,
A_docpurged__MLP__M11__seed789,A,MLP,M11,789,,O_frozen,4fe278a4edd9b6e4fb5b04484b0cabde8ec088b258cd2ffea7cb8fd0925715f5,0.6812537908554077,0.0,0.9226929932812286,0.013533720609612316,0.019801980198019802,0.014218009478672985,0.6923076923076923,6,8428,13,8415,422,0.6358418464660645,1,1,6,6,
A_docpurged__MLP__M11__seed789,A,MLP,M11,789,,S_frozen,4fe278a4edd9b6e4fb5b04484b0cabde8ec088b258cd2ffea7cb8fd0925715f5,0.6812537908554077,0.0,0.8291618285812583,0.004872357773545154,0.0,0.007731958762886598,0.6666666666666666,3,7757,6,7751,388,0.6297768354415894,1,1,3,3,
A_docpurged__MLP__M11__seed789,A,MLP,M11,789,,J_frozen,4fe278a4edd9b6e4fb5b04484b0cabde8ec088b258cd2ffea7cb8fd0925715f5,0.6812537908554077,0.0,0.5863114436846858,0.000462805330909823,0.0,0.0,0.0,0,7753,2,7751,388,0.6293907761573792,1,1,0,0,
A_docpurged__MLP__M11__seed1024,A,MLP,M11,1024,,full_test,845c469de676f028221f6aac665318b2c71786eda82cee8eec21df5580f1c88f,0.7748478055000305,3.552713678800501e-15,0.8483303624480094,0.011050615728917943,0.0106951871657754,0.014218009478672985,0.45,6,8435,20,8415,422,0.6977050304412842,1,1,6,6,
A_docpurged__MLP__M11__seed1024,A,MLP,M11,1024,,D_frozen,845c469de676f028221f6aac665318b2c71786eda82cee8eec21df5580f1c88f,0.7748478055000305,3.552713678800501e-15,0.6979713097360156,0.0014929447886407544,0.0,0.0,0.0,0,8422,7,8415,422,0.696439266204834,1,1,0,0,
A_docpurged__MLP__M11__seed1024,A,MLP,M11,1024,,O_frozen,845c469de676f028221f6aac665318b2c71786eda82cee8eec21df5580f1c88f,0.7748478055000305,3.552713678800501e-15,0.9292929292929293,0.012938019462456873,0.011111111111111112,0.014218009478672985,0.6923076923076923,6,8428,13,8415,422,0.6977050304412842,1,1,6,6,
A_docpurged__MLP__M11__seed1024,A,MLP,M11,1024,,S_frozen,845c469de676f028221f6aac665318b2c71786eda82cee8eec21df5580f1c88f,0.7748478055000305,3.552713678800501e-15,0.8346019868404078,0.0040315091786818505,0.0,0.005154639175257732,0.6666666666666666,2,7757,6,7751,388,0.6851194500923157,1,1,2,2,
A_docpurged__MLP__M11__seed1024,A,MLP,M11,1024,,J_frozen,845c469de676f028221f6aac665318b2c71786eda82cee8eec21df5580f1c88f,0.7748478055000305,3.552713678800501e-15,0.6273384079473616,0.0005046240678550041,0.0,0.0,0.0,0,7753,2,7751,388,0.6844969987869263,1,1,0,0,
A_docpurged__RandomForest_unweighted__M11__seed42,A,RandomForest_unweighted,M11,42,,full_test,fb32e37a8ef73f8d3a571c6cf276367cb46888ba4e01d3df72fbb8d327efc11d,0.258,0.0,0.843698752228164,0.014610034204559457,0.0,0.016587677725118485,0.5,7,8435,20,8415,422,0.074,15,9,6,7,
A_docpurged__RandomForest_unweighted__M11__seed42,A,RandomForest_unweighted,M11,42,,D_frozen,fb32e37a8ef73f8d3a571c6cf276367cb46888ba4e01d3df72fbb8d327efc11d,0.258,0.0,0.6918258212375858,0.0014868212635505483,0.0,0.0,0.14285714285714285,0,8422,7,8415,422,0.072,18,1,0,0,
A_docpurged__RandomForest_unweighted__M11__seed42,A,RandomForest_unweighted,M11,42,,O_frozen,fb32e37a8ef73f8d3a571c6cf276367cb46888ba4e01d3df72fbb8d327efc11d,0.258,0.0,0.9254764843000137,0.018338207217440526,0.0,0.016587677725118485,0.6923076923076923,7,8428,13,8415,422,0.074,15,9,6,7,
A_docpurged__RandomForest_unweighted__M11__seed42,A,RandomForest_unweighted,M11,42,,S_frozen,fb32e37a8ef73f8d3a571c6cf276367cb46888ba4e01d3df72fbb8d327efc11d,0.258,0.0,0.8448909818087988,0.003487967237135275,0.0,0.005154639175257732,0.3333333333333333,2,7757,6,7751,388,0.068,17,17,2,2,
A_docpurged__RandomForest_unweighted__M11__seed42,A,RandomForest_unweighted,M11,42,,J_frozen,fb32e37a8ef73f8d3a571c6cf276367cb46888ba4e01d3df72fbb8d327efc11d,0.258,0.0,0.7455489614243324,0.0006990214410814628,0.0,0.0,0.0,0,7753,2,7751,388,0.066,9,2,0,0,
A_docpurged__RandomForest_unweighted__M11__seed123,A,RandomForest_unweighted,M11,123,,full_test,6678b14a0d1a2c5ead2455cf43b619f37661b8ab64111f5db961bf62e65a72a3,0.254,0.0,0.8586423054070114,0.01355177008397044,0.0,0.016587677725118485,0.45,7,8435,20,8415,422,0.074,15,15,7,7,
A_docpurged__RandomForest_unweighted__M11__seed123,A,RandomForest_unweighted,M11,123,,D_frozen,6678b14a0d1a2c5ead2455cf43b619f37661b8ab64111f5db961bf62e65a72a3,0.254,0.0,0.7323062558356677,0.0016716062724466258,0.0,0.0,0.0,0,8422,7,8415,422,0.072,16,7,0,0,
A_docpurged__RandomForest_unweighted__M11__seed123,A,RandomForest_unweighted,M11,123,,O_frozen,6678b14a0d1a2c5ead2455cf43b619f37661b8ab64111f5db961bf62e65a72a3,0.254,0.0,0.9266694090223502,0.016169957180560805,0.0,0.016587677725118485,0.6923076923076923,7,8428,13,8415,422,0.074,15,15,7,7,
A_docpurged__RandomForest_unweighted__M11__seed123,A,RandomForest_unweighted,M11,123,,S_frozen,6678b14a0d1a2c5ead2455cf43b619f37661b8ab64111f5db961bf62e65a72a3,0.254,0.0,0.8847568055734745,0.0038728825792011526,0.0,0.002577319587628866,0.3333333333333333,1,7757,6,7751,388,0.066,14,5,1,1,
A_docpurged__RandomForest_unweighted__M11__seed123,A,RandomForest_unweighted,M11,123,,J_frozen,6678b14a0d1a2c5ead2455cf43b619f37661b8ab64111f5db961bf62e65a72a3,0.254,0.0,0.8258289252999613,0.001033476431368656,0.0,0.0,0.0,0,7753,2,7751,388,0.066,14,6,0,0,
A_docpurged__RandomForest_unweighted__M11__seed456,A,RandomForest_unweighted,M11,456,,full_test,46db27d380dd821558b47a249738d1238d978f1d8045d173908985fc875f6ced,0.268,0.0,0.8680065359477124,0.014191928840536498,0.0,0.016587677725118485,0.5,7,8435,20,8415,422,0.072,20,6,7,7,
A_docpurged__RandomForest_unweighted__M11__seed456,A,RandomForest_unweighted,M11,456,,D_frozen,46db27d380dd821558b47a249738d1238d978f1d8045d173908985fc875f6ced,0.268,0.0,0.749129955012308,0.0018994750383553392,0.0,0.0,0.14285714285714285,0,8422,7,8415,422,0.072,20,13,0,0,
A_docpurged__RandomForest_unweighted__M11__seed456,A,RandomForest_unweighted,M11,456,,O_frozen,46db27d380dd821558b47a249738d1238d978f1d8045d173908985fc875f6ced,0.268,0.0,0.9320170026052379,0.01673079007501517,0.0,0.016587677725118485,0.6923076923076923,7,8428,13,8415,422,0.072,20,6,7,7,
A_docpurged__RandomForest_unweighted__M11__seed456,A,RandomForest_unweighted,M11,456,,S_frozen,46db27d380dd821558b47a249738d1238d978f1d8045d173908985fc875f6ced,0.268,0.0,0.8753171633767685,0.003989430919940721,0.0,0.002577319587628866,0.3333333333333333,1,7757,6,7751,388,0.066,17,2,1,2,
A_docpurged__RandomForest_unweighted__M11__seed456,A,RandomForest_unweighted,M11,456,,J_frozen,46db27d380dd821558b47a249738d1238d978f1d8045d173908985fc875f6ced,0.268,0.0,0.784479422010063,0.0008598495180185874,0.0,0.0,0.0,0,7753,2,7751,388,0.066,16,3,0,0,
A_docpurged__RandomForest_unweighted__M11__seed789,A,RandomForest_unweighted,M11,789,,full_test,11f48bc2183f3486fc938337936dec07b5f7112ef5f53766fa0950fe195851fc,0.284,0.0,0.8396375519904932,0.013158915515479012,0.0,0.016587677725118485,0.45,7,8435,20,8415,422,0.07,24,12,7,7,
A_docpurged__RandomForest_unweighted__M11__seed789,A,RandomForest_unweighted,M11,789,,D_frozen,11f48bc2183f3486fc938337936dec07b5f7112ef5f53766fa0950fe195851fc,0.284,0.0,0.6877005347593583,0.0015093159286655167,0.0,0.0,0.14285714285714285,0,8422,7,8415,422,0.07,24,19,0,0,
A_docpurged__RandomForest_unweighted__M11__seed789,A,RandomForest_unweighted,M11,789,,O_frozen,11f48bc2183f3486fc938337936dec07b5f7112ef5f53766fa0950fe195851fc,0.284,0.0,0.9214497920380273,0.015939550875097706,0.0,0.016587677725118485,0.6153846153846154,7,8428,13,8415,422,0.07,24,12,7,7,
A_docpurged__RandomForest_unweighted__M11__seed789,A,RandomForest_unweighted,M11,789,,S_frozen,11f48bc2183f3486fc938337936dec07b5f7112ef5f53766fa0950fe195851fc,0.284,0.0,0.8685223412032856,0.00399649235381761,0.0,0.005154639175257732,0.3333333333333333,2,7757,6,7751,388,0.064,18,5,2,2,
A_docpurged__RandomForest_unweighted__M11__seed789,A,RandomForest_unweighted,M11,789,,J_frozen,11f48bc2183f3486fc938337936dec07b5f7112ef5f53766fa0950fe195851fc,0.284,0.0,0.7686750096761708,0.001063264221158958,0.0,0.0,0.0,0,7753,2,7751,388,0.064,18,7,0,0,
A_docpurged__RandomForest_unweighted__M11__seed1024,A,RandomForest_unweighted,M11,1024,,full_test,946cad0f7375b1889a4d5dfc89833a3cf4741de3bee3f353d171a12860ab8f13,0.566,0.0,0.8476470588235294,0.013130634376883546,0.0,0.016587677725118485,0.55,7,8435,20,8415,422,0.074,12,4,7,7,
A_docpurged__RandomForest_unweighted__M11__seed1024,A,RandomForest_unweighted,M11,1024,,D_frozen,946cad0f7375b1889a4d5dfc89833a3cf4741de3bee3f353d171a12860ab8f13,0.566,0.0,0.7068415244885833,0.001571855607904071,0.0,0.0,0.14285714285714285,0,8422,7,8415,422,0.074,12,11,0,0,
A_docpurged__RandomForest_unweighted__M11__seed1024,A,RandomForest_unweighted,M11,1024,,O_frozen,946cad0f7375b1889a4d5dfc89833a3cf4741de3bee3f353d171a12860ab8f13,0.566,0.0,0.9234654234654235,0.015888618488910156,0.0,0.016587677725118485,0.7692307692307693,7,8428,13,8415,422,0.074,12,4,7,7,
A_docpurged__RandomForest_unweighted__M11__seed1024,A,RandomForest_unweighted,M11,1024,,S_frozen,946cad0f7375b1889a4d5dfc89833a3cf4741de3bee3f353d171a12860ab8f13,0.566,0.0,0.8668988947662668,0.0035436128121036684,0.0,0.002577319587628866,0.3333333333333333,1,7757,6,7751,388,0.068,14,13,1,1,
A_docpurged__RandomForest_unweighted__M11__seed1024,A,RandomForest_unweighted,M11,1024,,J_frozen,946cad0f7375b1889a4d5dfc89833a3cf4741de3bee3f353d171a12860ab8f13,0.566,0.0,0.7803186685588956,0.0008149698625889103,0.0,0.0,0.0,0,7753,2,7751,388,0.068,14,14,0,0,
A_docpurged__GCN_reverse__M11__seed42,A,GCN_reverse,M11,42,,full_test,b9f94f9fad42898ee6c53cba4356604cd99b22c3a495751caa23bc25b7319830,0.8680577278137207,0.0,0.8144919786096256,0.008657465908841719,0.009852216748768473,0.009478672985781991,0.5,4,8435,20,8415,422,0.7417402863502502,1,1,4,4,
A_docpurged__GCN_reverse__M11__seed42,A,GCN_reverse,M11,42,,D_frozen,b9f94f9fad42898ee6c53cba4356604cd99b22c3a495751caa23bc25b7319830,0.8680577278137207,0.0,0.6881588999236058,0.0028606159305161983,0.010526315789473684,0.002369668246445498,0.14285714285714285,1,8422,7,8415,422,0.7404711246490479,1,1,1,1,
A_docpurged__GCN_reverse__M11__seed42,A,GCN_reverse,M11,42,,O_frozen,b9f94f9fad42898ee6c53cba4356604cd99b22c3a495751caa23bc25b7319830,0.8680577278137207,0.0,0.8825174825174825,0.0077535394064579466,0.0,0.0071090047393364926,0.6923076923076923,3,8428,13,8415,422,0.7407793998718262,1,1,3,3,
A_docpurged__GCN_reverse__M11__seed42,A,GCN_reverse,M11,42,,S_frozen,b9f94f9fad42898ee6c53cba4356604cd99b22c3a495751caa23bc25b7319830,0.8680577278137207,0.0,0.8405152023394831,0.004591630649558991,0.0,0.005154639175257732,0.5,2,7757,6,7751,388,0.7258040904998779,1,1,2,2,
A_docpurged__GCN_reverse__M11__seed42,A,GCN_reverse,M11,42,,J_frozen,b9f94f9fad42898ee6c53cba4356604cd99b22c3a495751caa23bc25b7319830,0.8680577278137207,0.0,0.6478518900786996,0.0005725989367017165,0.0,0.0,0.0,0,7753,2,7751,388,0.725593090057373,1,1,0,0,
A_docpurged__GCN_reverse__M11__seed123,A,GCN_reverse,M11,123,,full_test,d6cbc4e1baec329550e0bb8e5165459f105b8646ad7cc737032c63030fe0131c,0.8207434415817261,0.0,0.8371776589423648,0.008764567587123673,0.006944444444444444,0.0071090047393364926,0.35,3,8435,20,8415,422,0.7653103470802307,1,1,3,3,
A_docpurged__GCN_reverse__M11__seed123,A,GCN_reverse,M11,123,,D_frozen,d6cbc4e1baec329550e0bb8e5165459f105b8646ad7cc737032c63030fe0131c,0.8207434415817261,0.0,0.7667770138358373,0.003636186829666928,0.007272727272727273,0.002369668246445498,0.2857142857142857,1,8422,7,8415,422,0.7648495435714722,1,1,1,1,
A_docpurged__GCN_reverse__M11__seed123,A,GCN_reverse,M11,123,,O_frozen,d6cbc4e1baec329550e0bb8e5165459f105b8646ad7cc737032c63030fe0131c,0.8207434415817261,0.0,0.8750856986151104,0.006597312179845238,0.0,0.004739336492890996,0.38461538461538464,2,8428,13,8415,422,0.7651263475418091,1,1,2,2,
A_docpurged__GCN_reverse__M11__seed123,A,GCN_reverse,M11,123,,S_frozen,d6cbc4e1baec329550e0bb8e5165459f105b8646ad7cc737032c63030fe0131c,0.8207434415817261,0.0,0.9001419171719779,0.004836078091263368,0.0,0.005154639175257732,0.5,2,7757,6,7751,388,0.7555090188980103,1,1,2,2,
A_docpurged__GCN_reverse__M11__seed123,A,GCN_reverse,M11,123,,J_frozen,d6cbc4e1baec329550e0bb8e5165459f105b8646ad7cc737032c63030fe0131c,0.8207434415817261,0.0,0.8830473487291963,0.0016074233959395435,0.0,0.0,0.0,0,7753,2,7751,388,0.7551243901252747,1,1,0,0,
A_docpurged__GCN_reverse__M11__seed456,A,GCN_reverse,M11,456,,full_test,9905488861f15f354885a019e6c4d189a981d9c63d9b7cef8241ea27bf0dfd5d,0.6426172256469727,0.0,0.8172667855020797,0.008482467302449026,0.013559322033898305,0.004739336492890996,0.5,2,8435,20,8415,422,0.6141093969345093,1,1,2,2,
A_docpurged__GCN_reverse__M11__seed456,A,GCN_reverse,M11,456,,D_frozen,9905488861f15f354885a019e6c4d189a981d9c63d9b7cef8241ea27bf0dfd5d,0.6426172256469727,0.0,0.6934385875562346,0.0023758042972988795,0.0071174377224199285,0.002369668246445498,0.2857142857142857,1,8422,7,8415,422,0.614102303981781,1,1,1,1,
A_docpurged__GCN_reverse__M11__seed456,A,GCN_reverse,M11,456,,O_frozen,9905488861f15f354885a019e6c4d189a981d9c63d9b7cef8241ea27bf0dfd5d,0.6426172256469727,0.0,0.8839435074729192,0.007258559794922846,0.006968641114982578,0.002369668246445498,0.6153846153846154,1,8428,13,8415,422,0.614102303981781,1,1,1,1,
A_docpurged__GCN_reverse__M11__seed456,A,GCN_reverse,M11,456,,S_frozen,9905488861f15f354885a019e6c4d189a981d9c63d9b7cef8241ea27bf0dfd5d,0.6426172256469727,0.0,0.8490087300563369,0.0033930681937074784,0.0,0.0,0.5,0,7757,6,7751,388,0.6069105267524719,1,1,0,0,
A_docpurged__GCN_reverse__M11__seed456,A,GCN_reverse,M11,456,,J_frozen,9905488861f15f354885a019e6c4d189a981d9c63d9b7cef8241ea27bf0dfd5d,0.6426172256469727,0.0,0.7366146303702747,0.0007841544151329145,0.0,0.0,0.0,0,7753,2,7751,388,0.6069105267524719,1,1,0,0,
A_docpurged__GCN_reverse__M11__seed789,A,GCN_reverse,M11,789,,full_test,e1188f93f70b8c2127ef131d9e0974eb9a840e098b8293f91348ffce890dcf4b,0.9159432649612427,0.0,0.8099346405228758,0.00790008569300333,0.013793103448275862,0.002369668246445498,0.4,1,8435,20,8415,422,0.7434509992599487,1,1,1,1,
A_docpurged__GCN_reverse__M11__seed789,A,GCN_reverse,M11,789,,D_frozen,e1188f93f70b8c2127ef131d9e0974eb9a840e098b8293f91348ffce890dcf4b,0.9159432649612427,0.0,0.7381716322892793,0.0031551303256282235,0.015151515151515152,0.002369668246445498,0.2857142857142857,1,8422,7,8415,422,0.7434509992599487,1,1,1,1,
A_docpurged__GCN_reverse__M11__seed789,A,GCN_reverse,M11,789,,O_frozen,e1188f93f70b8c2127ef131d9e0974eb9a840e098b8293f91348ffce890dcf4b,0.9159432649612427,0.0,0.8485762603409662,0.00611249263677401,0.0,0.0,0.46153846153846156,0,8428,13,8415,422,0.7428936958312988,1,1,0,0,
A_docpurged__GCN_reverse__M11__seed789,A,GCN_reverse,M11,789,,S_frozen,e1188f93f70b8c2127ef131d9e0974eb9a840e098b8293f91348ffce890dcf4b,0.9159432649612427,0.0,0.8662108115081926,0.0037816186366205484,0.0,0.005154639175257732,0.5,2,7757,6,7751,388,0.7225721478462219,1,1,2,2,
A_docpurged__GCN_reverse__M11__seed789,A,GCN_reverse,M11,789,,J_frozen,e1188f93f70b8c2127ef131d9e0974eb9a840e098b8293f91348ffce890dcf4b,0.9159432649612427,0.0,0.792736421106954,0.0009851992990525735,0.0,0.0,0.0,0,7753,2,7751,388,0.7209805250167847,1,1,0,0,
A_docpurged__GCN_reverse__M11__seed1024,A,GCN_reverse,M11,1024,,full_test,996296b4fd8b4518561b987ede05dd3aba4b4e9b40ee21dd865e112cae8a94d5,0.9963271021842957,1.7763568394002505e-15,0.7651099227569816,0.005832189635049584,0.0,0.002369668246445498,0.3,1,8435,20,8415,422,0.6277436017990112,1,1,1,1,
A_docpurged__GCN_reverse__M11__seed1024,A,GCN_reverse,M11,1024,,D_frozen,996296b4fd8b4518561b987ede05dd3aba4b4e9b40ee21dd865e112cae8a94d5,0.9963271021842957,1.7763568394002505e-15,0.7399881164587047,0.0036001555174922264,0.0,0.002369668246445498,0.42857142857142855,1,8422,7,8415,422,0.6277436017990112,1,1,1,1,
A_docpurged__GCN_reverse__M11__seed1024,A,GCN_reverse,M11,1024,,O_frozen,996296b4fd8b4518561b987ede05dd3aba4b4e9b40ee21dd865e112cae8a94d5,0.9963271021842957,1.7763568394002505e-15,0.7786370492252845,0.003609208409562704,0.0,0.0,0.23076923076923078,0,8428,13,8415,422,0.6277334690093994,1,1,0,0,
A_docpurged__GCN_reverse__M11__seed1024,A,GCN_reverse,M11,1024,,S_frozen,996296b4fd8b4518561b987ede05dd3aba4b4e9b40ee21dd865e112cae8a94d5,0.9963271021842957,1.7763568394002505e-15,0.7966713972390659,0.0021613007896946054,0.0,0.0,0.16666666666666666,0,7757,6,7751,388,0.6235765814781189,1,1,0,0,
A_docpurged__GCN_reverse__M11__seed1024,A,GCN_reverse,M11,1024,,J_frozen,996296b4fd8b4518561b987ede05dd3aba4b4e9b40ee21dd865e112cae8a94d5,0.9963271021842957,1.7763568394002505e-15,0.843633079602632,0.0013806787082649152,0.0,0.0,0.5,0,7753,2,7751,388,0.6235765814781189,1,1,0,0,
A_docpurged__GraphSAGE_reverse__M11__seed42,A,GraphSAGE_reverse,M11,42,,full_test,34dc9c275078c5028290c211c66d86330a9fdd1173cd7f6ba44054972011f983,0.6721878051757812,3.552713678800501e-15,0.8034046345811052,0.008662778407248222,0.009569377990430622,0.004739336492890996,0.5,2,8435,20,8415,422,0.6127358675003052,1,1,2,2,
A_docpurged__GraphSAGE_reverse__M11__seed42,A,GraphSAGE_reverse,M11,42,,D_frozen,34dc9c275078c5028290c211c66d86330a9fdd1173cd7f6ba44054972011f983,0.6721878051757812,3.552713678800501e-15,0.6707580001697648,0.0018975020908276593,0.0,0.0,0.42857142857142855,0,8422,7,8415,422,0.6123645305633545,1,1,0,0,
A_docpurged__GraphSAGE_reverse__M11__seed42,A,GraphSAGE_reverse,M11,42,,O_frozen,34dc9c275078c5028290c211c66d86330a9fdd1173cd7f6ba44054972011f983,0.6721878051757812,3.552713678800501e-15,0.8748297454179806,0.008144713428370982,0.009900990099009901,0.004739336492890996,0.5384615384615384,2,8428,13,8415,422,0.6127358675003052,1,1,2,2,
A_docpurged__GraphSAGE_reverse__M11__seed42,A,GraphSAGE_reverse,M11,42,,S_frozen,34dc9c275078c5028290c211c66d86330a9fdd1173cd7f6ba44054972011f983,0.6721878051757812,3.552713678800501e-15,0.8332258203242593,0.0038266019477821056,0.0,0.0,0.6666666666666666,0,7757,6,7751,388,0.6059057116508484,1,1,0,0,
A_docpurged__GraphSAGE_reverse__M11__seed42,A,GraphSAGE_reverse,M11,42,,J_frozen,34dc9c275078c5028290c211c66d86330a9fdd1173cd7f6ba44054972011f983,0.6721878051757812,3.552713678800501e-15,0.6692039736808154,0.0010206976274143391,0.0,0.0,0.5,0,7753,2,7751,388,0.6059057116508484,1,1,0,0,
A_docpurged__GraphSAGE_reverse__M11__seed123,A,GraphSAGE_reverse,M11,123,,full_test,a5c0adb73ea8ceac03884692a92983870f98282638cd086860f3a15895de3d8a,0.8418945074081421,3.552713678800501e-15,0.8386215092097444,0.011050825515538008,0.0,0.014218009478672985,0.55,6,8435,20,8415,422,0.7160741686820984,1,1,6,6,
A_docpurged__GraphSAGE_reverse__M11__seed123,A,GraphSAGE_reverse,M11,123,,D_frozen,a5c0adb73ea8ceac03884692a92983870f98282638cd086860f3a15895de3d8a,0.8418945074081421,3.552713678800501e-15,0.6689924454630336,0.001461503241867556,0.0,0.0,0.0,0,8422,7,8415,422,0.7135445475578308,1,1,0,0,
A_docpurged__GraphSAGE_reverse__M11__seed123,A,GraphSAGE_reverse,M11,123,,O_frozen,a5c0adb73ea8ceac03884692a92983870f98282638cd086860f3a15895de3d8a,0.8418945074081421,3.552713678800501e-15,0.9299602358425889,0.012764513840128035,0.0,0.014218009478672985,0.8461538461538461,6,8428,13,8415,422,0.7160741686820984,1,1,6,6,
A_docpurged__GraphSAGE_reverse__M11__seed123,A,GraphSAGE_reverse,M11,123,,S_frozen,a5c0adb73ea8ceac03884692a92983870f98282638cd086860f3a15895de3d8a,0.8418945074081421,3.552713678800501e-15,0.8308605341246291,0.005549437906443649,0.0,0.005154639175257732,0.6666666666666666,2,7757,6,7751,388,0.6858330368995667,1,1,2,2,
A_docpurged__GraphSAGE_reverse__M11__seed123,A,GraphSAGE_reverse,M11,123,,J_frozen,a5c0adb73ea8ceac03884692a92983870f98282638cd086860f3a15895de3d8a,0.8418945074081421,3.552713678800501e-15,0.5778609211714618,0.00046961986219065275,0.0,0.0,0.0,0,7753,2,7751,388,0.6855645775794983,1,1,0,0,
A_docpurged__GraphSAGE_reverse__M11__seed456,A,GraphSAGE_reverse,M11,456,,full_test,fa90f685dff1eadd4fc8ab866ac648813a94e049db02cc0ee82a3ca1e7c828b1,0.9240967035293579,0.0,0.7386215092097446,0.009671986556184937,0.01652892561983471,0.011848341232227487,0.45,5,8435,20,8415,422,0.6987146139144897,1,1,5,5,
A_docpurged__GraphSAGE_reverse__M11__seed456,A,GraphSAGE_reverse,M11,456,,D_frozen,fa90f685dff1eadd4fc8ab866ac648813a94e049db02cc0ee82a3ca1e7c828b1,0.9240967035293579,0.0,0.554180460062813,0.001236348564843763,0.0,0.0,0.14285714285714285,0,8422,7,8415,422,0.6964618563652039,1,1,0,0,
A_docpurged__GraphSAGE_reverse__M11__seed456,A,GraphSAGE_reverse,M11,456,,O_frozen,fa90f685dff1eadd4fc8ab866ac648813a94e049db02cc0ee82a3ca1e7c828b1,0.9240967035293579,0.0,0.8379359202888615,0.01136274476585215,0.017543859649122806,0.011848341232227487,0.6153846153846154,5,8428,13,8415,422,0.6987146139144897,1,1,5,5,
A_docpurged__GraphSAGE_reverse__M11__seed456,A,GraphSAGE_reverse,M11,456,,S_frozen,fa90f685dff1eadd4fc8ab866ac648813a94e049db02cc0ee82a3ca1e7c828b1,0.9240967035293579,0.0,0.7626327785662065,0.008524951099960291,0.023255813953488372,0.005154639175257732,0.5,2,7757,6,7751,388,0.6364607214927673,1,1,2,2,
A_docpurged__GraphSAGE_reverse__M11__seed456,A,GraphSAGE_reverse,M11,456,,J_frozen,fa90f685dff1eadd4fc8ab866ac648813a94e049db02cc0ee82a3ca1e7c828b1,0.9240967035293579,0.0,0.4215585085795381,0.0004537911909480477,0.0,0.0,0.0,0,7753,2,7751,388,0.6354528665542603,1,1,0,0,
A_docpurged__GraphSAGE_reverse__M11__seed789,A,GraphSAGE_reverse,M11,789,,full_test,dae8c8318b09dd074f3ddcb4022484d22d75bf40ddd9887f5c004cec2b5317d7,0.6868768334388733,3.552713678800501e-15,0.8165537730243613,0.008427207110617377,0.012658227848101266,0.009478672985781991,0.4,4,8435,20,8415,422,0.6526939272880554,1,1,4,4,
A_docpurged__GraphSAGE_reverse__M11__seed789,A,GraphSAGE_reverse,M11,789,,D_frozen,dae8c8318b09dd074f3ddcb4022484d22d75bf40ddd9887f5c004cec2b5317d7,0.6868768334388733,3.552713678800501e-15,0.6476190476190476,0.0013557606944013686,0.0,0.0,0.14285714285714285,0,8422,7,8415,422,0.6523081064224243,1,1,0,0,
A_docpurged__GraphSAGE_reverse__M11__seed789,A,GraphSAGE_reverse,M11,789,,O_frozen,dae8c8318b09dd074f3ddcb4022484d22d75bf40ddd9887f5c004cec2b5317d7,0.6868768334388733,3.552713678800501e-15,0.9075186251656839,0.009111923291713503,0.012944983818770227,0.009478672985781991,0.5384615384615384,4,8428,13,8415,422,0.6526939272880554,1,1,4,4,
A_docpurged__GraphSAGE_reverse__M11__seed789,A,GraphSAGE_reverse,M11,789,,S_frozen,dae8c8318b09dd074f3ddcb4022484d22d75bf40ddd9887f5c004cec2b5317d7,0.6868768334388733,3.552713678800501e-15,0.7987786522169184,0.0038029038604936705,0.008298755186721992,0.005154639175257732,0.5,2,7757,6,7751,388,0.6425436735153198,1,1,2,2,
A_docpurged__GraphSAGE_reverse__M11__seed789,A,GraphSAGE_reverse,M11,789,,J_frozen,dae8c8318b09dd074f3ddcb4022484d22d75bf40ddd9887f5c004cec2b5317d7,0.6868768334388733,3.552713678800501e-15,0.5544445877951232,0.0004217582434506772,0.0,0.0,0.0,0,7753,2,7751,388,0.6422085165977478,1,1,0,0,
A_docpurged__GraphSAGE_reverse__M11__seed1024,A,GraphSAGE_reverse,M11,1024,,full_test,f1bc8815b873d69d1abfd7a64717dc2da876828de10aa730eec5de9e3e262a61,0.8090844750404358,0.0,0.8069934640522876,0.008691619710221154,0.0,0.0071090047393364926,0.45,3,8435,20,8415,422,0.7276339530944824,1,1,3,3,
A_docpurged__GraphSAGE_reverse__M11__seed1024,A,GraphSAGE_reverse,M11,1024,,D_frozen,f1bc8815b873d69d1abfd7a64717dc2da876828de10aa730eec5de9e3e262a61,0.8090844750404358,0.0,0.6865631100925218,0.0016207031568029743,0.0,0.0,0.14285714285714285,0,8422,7,8415,422,0.7261368632316589,1,1,0,0,
A_docpurged__GraphSAGE_reverse__M11__seed1024,A,GraphSAGE_reverse,M11,1024,,O_frozen,f1bc8815b873d69d1abfd7a64717dc2da876828de10aa730eec5de9e3e262a61,0.8090844750404358,0.0,0.8718405777229307,0.008725004406308,0.0,0.0071090047393364926,0.6153846153846154,3,8428,13,8415,422,0.7276339530944824,1,1,3,3,
A_docpurged__GraphSAGE_reverse__M11__seed1024,A,GraphSAGE_reverse,M11,1024,,S_frozen,f1bc8815b873d69d1abfd7a64717dc2da876828de10aa730eec5de9e3e262a61,0.8090844750404358,0.0,0.7846729454263965,0.003894993806884778,0.0,0.007731958762886598,0.5,3,7757,6,7751,388,0.7048095464706421,1,1,3,3,
A_docpurged__GraphSAGE_reverse__M11__seed1024,A,GraphSAGE_reverse,M11,1024,,J_frozen,f1bc8815b873d69d1abfd7a64717dc2da876828de10aa730eec5de9e3e262a61,0.8090844750404358,0.0,0.5338665978583408,0.00041293959804768947,0.0,0.0,0.0,0,7753,2,7751,388,0.7036667466163635,1,1,0,0,
B_donor__MLP__M5__imp271707__seed42,B,MLP,M5,42,271707,full_test,c4bdc1f95a11ddbac4f052dceda61c07a3ff623180a9e5b276bd161aee0feeff,0.7266632318496704,0.0,0.8120261437908497,0.007551900641158859,0.01729106628242075,0.011848341232227487,0.3,5,8435,20,8415,422,0.7064018845558167,1,1,5,5,
B_donor__MLP__M5__imp271707__seed42,B,MLP,M5,42,271707,D_frozen,c4bdc1f95a11ddbac4f052dceda61c07a3ff623180a9e5b276bd161aee0feeff,0.7266632318496704,0.0,0.7392581274934216,0.001706413092794727,0.0,0.0,0.0,0,8422,7,8415,422,0.7059051394462585,1,1,0,0,
B_donor__MLP__M5__imp271707__seed42,B,MLP,M5,42,271707,O_frozen,c4bdc1f95a11ddbac4f052dceda61c07a3ff623180a9e5b276bd161aee0feeff,0.7266632318496704,0.0,0.8512089217971571,0.007457795104310438,0.01764705882352941,0.011848341232227487,0.46153846153846156,5,8428,13,8415,422,0.7064018845558167,1,1,5,5,
B_donor__MLP__M5__imp271707__seed42,B,MLP,M5,42,271707,S_frozen,c4bdc1f95a11ddbac4f052dceda61c07a3ff623180a9e5b276bd161aee0feeff,0.7266632318496704,0.0,0.753515675396723,0.002712299179411442,0.007017543859649123,0.005154639175257732,0.3333333333333333,2,7757,6,7751,388,0.6981099843978882,1,1,2,2,
B_donor__MLP__M5__imp271707__seed42,B,MLP,M5,42,271707,J_frozen,c4bdc1f95a11ddbac4f052dceda61c07a3ff623180a9e5b276bd161aee0feeff,0.7266632318496704,0.0,0.6695265127080378,0.0005807423845061436,0.0,0.0,0.0,0,7753,2,7751,388,0.6975440979003906,1,1,0,0,
B_donor__MLP__M5__imp271707__seed123,B,MLP,M5,123,271707,full_test,01c25c3c242e0b73c7747ce8c21e9cb20356328578607dff7c710b4d7754bc75,0.9076050519943237,1.7763568394002505e-15,0.7647593582887701,0.0063455819632087795,0.0,0.004739336492890996,0.2,2,8435,20,8415,422,0.7018831372261047,1,1,2,2,
B_donor__MLP__M5__imp271707__seed123,B,MLP,M5,123,271707,D_frozen,01c25c3c242e0b73c7747ce8c21e9cb20356328578607dff7c710b4d7754bc75,0.9076050519943237,1.7763568394002505e-15,0.6933197521432816,0.0014529125654046179,0.0,0.0,0.0,0,8422,7,8415,422,0.7016568779945374,1,1,0,0,
B_donor__MLP__M5__imp271707__seed123,B,MLP,M5,123,271707,O_frozen,01c25c3c242e0b73c7747ce8c21e9cb20356328578607dff7c710b4d7754bc75,0.9076050519943237,1.7763568394002505e-15,0.8032268385209561,0.006169084880186492,0.0,0.004739336492890996,0.3076923076923077,2,8428,13,8415,422,0.7018831372261047,1,1,2,2,
B_donor__MLP__M5__imp271707__seed123,B,MLP,M5,123,271707,S_frozen,01c25c3c242e0b73c7747ce8c21e9cb20356328578607dff7c710b4d7754bc75,0.9076050519943237,1.7763568394002505e-15,0.6582591493570722,0.0015665143588501891,0.0,0.0,0.3333333333333333,0,7757,6,7751,388,0.6939672231674194,1,1,0,0,
B_donor__MLP__M5__imp271707__seed123,B,MLP,M5,123,271707,J_frozen,01c25c3c242e0b73c7747ce8c21e9cb20356328578607dff7c710b4d7754bc75,0.9076050519943237,1.7763568394002505e-15,0.6216617210682492,0.0005023542936331712,0.0,0.0,0.0,0,7753,2,7751,388,0.6939672231674194,1,1,0,0,
B_donor__MLP__M5__imp271707__seed456,B,MLP,M5,456,271707,full_test,cd90c78292816f8b5e025ed1e12b34eb8f690c937823a4ef416cfa44f428df8d,0.6952233910560608,0.0,0.7792691622103387,0.007983116998777887,0.01646090534979424,0.0071090047393364926,0.35,3,8435,20,8415,422,0.651025652885437,1,1,3,3,
B_donor__MLP__M5__imp271707__seed456,B,MLP,M5,456,271707,D_frozen,cd90c78292816f8b5e025ed1e12b34eb8f690c937823a4ef416cfa44f428df8d,0.6952233910560608,0.0,0.6614379084967321,0.0013922501434716636,0.0,0.0,0.0,0,8422,7,8415,422,0.6503095030784607,1,1,0,0,
B_donor__MLP__M5__imp271707__seed456,B,MLP,M5,456,271707,O_frozen,cd90c78292816f8b5e025ed1e12b34eb8f690c937823a4ef416cfa44f428df8d,0.6952233910560608,0.0,0.8427167603638193,0.008539712513146535,0.01694915254237288,0.0071090047393364926,0.5384615384615384,3,8428,13,8415,422,0.651025652885437,1,1,3,3,
B_donor__MLP__M5__imp271707__seed456,B,MLP,M5,456,271707,S_frozen,cd90c78292816f8b5e025ed1e12b34eb8f690c937823a4ef416cfa44f428df8d,0.6952233910560608,0.0,0.6398314196017718,0.001971549766908762,0.0,0.002577319587628866,0.3333333333333333,1,7757,6,7751,388,0.6445556879043579,1,1,1,1,
B_donor__MLP__M5__imp271707__seed456,B,MLP,M5,456,271707,J_frozen,cd90c78292816f8b5e025ed1e12b34eb8f690c937823a4ef416cfa44f428df8d,0.6952233910560608,0.0,0.46993936266288217,0.0003577246733670616,0.0,0.0,0.0,0,7753,2,7751,388,0.6445152759552002,1,1,0,0,
B_donor__MLP__M5__imp271707__seed789,B,MLP,M5,789,271707,full_test,a136dd061fa7a7cf7d6f01a71599d2cbdcf3810e7c4de156bb53b21ea4db46a0,0.9552740454673767,0.0,0.7761319073083779,0.0069598620063086964,0.0,0.009478672985781991,0.35,4,8435,20,8415,422,0.7378953099250793,1,1,4,4,
B_donor__MLP__M5__imp271707__seed789,B,MLP,M5,789,271707,D_frozen,a136dd061fa7a7cf7d6f01a71599d2cbdcf3810e7c4de156bb53b21ea4db46a0,0.9552740454673767,0.0,0.6544266191325014,0.0014054932970259497,0.0,0.0,0.14285714285714285,0,8422,7,8415,422,0.7370659708976746,1,1,0,0,
B_donor__MLP__M5__imp271707__seed789,B,MLP,M5,789,271707,O_frozen,a136dd061fa7a7cf7d6f01a71599d2cbdcf3810e7c4de156bb53b21ea4db46a0,0.9552740454673767,0.0,0.8416655240184652,0.006921566978621247,0.0,0.009478672985781991,0.46153846153846156,4,8428,13,8415,422,0.7378953099250793,1,1,4,4,
B_donor__MLP__M5__imp271707__seed789,B,MLP,M5,789,271707,S_frozen,a136dd061fa7a7cf7d6f01a71599d2cbdcf3810e7c4de156bb53b21ea4db46a0,0.9552740454673767,0.0,0.7176708381714187,0.0021895400992265335,0.0,0.002577319587628866,0.3333333333333333,1,7757,6,7751,388,0.7197235822677612,1,1,1,1,
B_donor__MLP__M5__imp271707__seed789,B,MLP,M5,789,271707,J_frozen,a136dd061fa7a7cf7d6f01a71599d2cbdcf3810e7c4de156bb53b21ea4db46a0,0.9552740454673767,0.0,0.5346406915236743,0.0004126667840774936,0.0,0.0,0.0,0,7753,2,7751,388,0.7195084691047668,1,1,0,0,
B_donor__MLP__M5__imp271707__seed1024,B,MLP,M5,1024,271707,full_test,b517d2d2bf61eb9aeb2a39ee2c770689182dcdfbe66eef8e6ce9c72f7d5af22b,0.8850902318954468,3.552713678800501e-15,0.7802792632204396,0.007989796466665568,0.0,0.009478672985781991,0.3,4,8435,20,8415,422,0.6867121458053589,1,1,4,4,
B_donor__MLP__M5__imp271707__seed1024,B,MLP,M5,1024,271707,D_frozen,b517d2d2bf61eb9aeb2a39ee2c770689182dcdfbe66eef8e6ce9c72f7d5af22b,0.8850902318954468,3.552713678800501e-15,0.6676852559205501,0.0013604704394580898,0.0,0.0,0.0,0,8422,7,8415,422,0.6861472129821777,1,1,0,0,
B_donor__MLP__M5__imp271707__seed1024,B,MLP,M5,1024,271707,O_frozen,b517d2d2bf61eb9aeb2a39ee2c770689182dcdfbe66eef8e6ce9c72f7d5af22b,0.8850902318954468,3.552713678800501e-15,0.840906805612688,0.008716045039919306,0.0,0.009478672985781991,0.46153846153846156,4,8428,13,8415,422,0.6867121458053589,1,1,4,4,
B_donor__MLP__M5__imp271707__seed1024,B,MLP,M5,1024,271707,S_frozen,b517d2d2bf61eb9aeb2a39ee2c770689182dcdfbe66eef8e6ce9c72f7d5af22b,0.8850902318954468,3.552713678800501e-15,0.6765148582978541,0.002200680320704496,0.0,0.002577319587628866,0.3333333333333333,1,7757,6,7751,388,0.6786192655563354,1,1,1,1,
B_donor__MLP__M5__imp271707__seed1024,B,MLP,M5,1024,271707,J_frozen,b517d2d2bf61eb9aeb2a39ee2c770689182dcdfbe66eef8e6ce9c72f7d5af22b,0.8850902318954468,3.552713678800501e-15,0.5550896658495679,0.0004238735954826748,0.0,0.0,0.0,0,7753,2,7751,388,0.6782091856002808,1,1,0,0,
B_donor__MLP__M11__imp271707__seed42,B,MLP,M11,42,271707,full_test,ff0457cb1031cd0e4e15b19f9a1f96b372572bd8b0c54acde46ab5c88452b509,0.789149284362793,0.0,0.8416221033868093,0.012071348470973181,0.012269938650306749,0.016587677725118485,0.45,7,8435,20,8415,422,0.7068665027618408,1,1,7,7,
B_donor__MLP__M11__imp271707__seed42,B,MLP,M11,42,271707,D_frozen,ff0457cb1031cd0e4e15b19f9a1f96b372572bd8b0c54acde46ab5c88452b509,0.789149284362793,0.0,0.6865121806298277,0.0014628911934408116,0.0,0.0,0.14285714285714285,0,8422,7,8415,422,0.7060447335243225,1,1,0,0,
B_donor__MLP__M11__imp271707__seed42,B,MLP,M11,42,271707,O_frozen,ff0457cb1031cd0e4e15b19f9a1f96b372572bd8b0c54acde46ab5c88452b509,0.789149284362793,0.0,0.925142831025184,0.014405959892197066,0.01282051282051282,0.016587677725118485,0.6153846153846154,7,8428,13,8415,422,0.7068665027618408,1,1,7,7,
B_donor__MLP__M11__imp271707__seed42,B,MLP,M11,42,271707,S_frozen,ff0457cb1031cd0e4e15b19f9a1f96b372572bd8b0c54acde46ab5c88452b509,0.789149284362793,0.0,0.8027136283490303,0.004792176624056745,0.0,0.005154639175257732,0.3333333333333333,2,7757,6,7751,388,0.6944144368171692,1,1,2,2,
B_donor__MLP__M11__imp271707__seed42,B,MLP,M11,42,271707,J_frozen,ff0457cb1031cd0e4e15b19f9a1f96b372572bd8b0c54acde46ab5c88452b509,0.789149284362793,0.0,0.5521223067991227,0.00042443482571616353,0.0,0.0,0.0,0,7753,2,7751,388,0.6941471695899963,1,1,0,0,
B_donor__MLP__M11__imp271707__seed123,B,MLP,M11,123,271707,full_test,4782e825bb45293c1eeb1b1582faf642b8cdedcdfc835af7043f94f8ce263dca,0.8172096610069275,0.0,0.8118419489007724,0.011043452425084206,0.013986013986013986,0.011848341232227487,0.45,5,8435,20,8415,422,0.7075036764144897,1,1,5,5,
B_donor__MLP__M11__imp271707__seed123,B,MLP,M11,123,271707,D_frozen,4782e825bb45293c1eeb1b1582faf642b8cdedcdfc835af7043f94f8ce263dca,0.8172096610069275,0.0,0.651880145997793,0.0013812998036618626,0.0,0.0,0.0,0,8422,7,8415,422,0.7063796520233154,1,1,0,0,
B_donor__MLP__M11__imp271707__seed123,B,MLP,M11,123,271707,O_frozen,4782e825bb45293c1eeb1b1582faf642b8cdedcdfc835af7043f94f8ce263dca,0.8172096610069275,0.0,0.8979752273869921,0.013248470249646352,0.014705882352941176,0.011848341232227487,0.6923076923076923,5,8428,13,8415,422,0.7075036764144897,1,1,5,5,
B_donor__MLP__M11__imp271707__seed123,B,MLP,M11,123,271707,S_frozen,4782e825bb45293c1eeb1b1582faf642b8cdedcdfc835af7043f94f8ce263dca,0.8172096610069275,0.0,0.7913387519889906,0.003849474058366917,0.0,0.005154639175257732,0.5,2,7757,6,7751,388,0.6960557103157043,1,1,2,2,
B_donor__MLP__M11__imp271707__seed123,B,MLP,M11,123,271707,J_frozen,4782e825bb45293c1eeb1b1582faf642b8cdedcdfc835af7043f94f8ce263dca,0.8172096610069275,0.0,0.6340472197135854,0.0005137458908894333,0.0,0.0,0.0,0,7753,2,7751,388,0.6934963464736938,1,1,0,0,
B_donor__MLP__M11__imp271707__seed456,B,MLP,M11,456,271707,full_test,9cafae22d1fb9dc8f67718555907a8f547f3a2e10794fc7e855ee0f4607413d9,0.869680643081665,0.0,0.833885918003565,0.010410427731591957,0.0,0.016587677725118485,0.4,7,8435,20,8415,422,0.7290312051773071,1,1,7,7,
B_donor__MLP__M11__imp271707__seed456,B,MLP,M11,456,271707,D_frozen,9cafae22d1fb9dc8f67718555907a8f547f3a2e10794fc7e855ee0f4607413d9,0.869680643081665,0.0,0.672829131652661,0.0013829421968541995,0.0,0.0,0.0,0,8422,7,8415,422,0.7277372479438782,1,1,0,0,
B_donor__MLP__M11__imp271707__seed456,B,MLP,M11,456,271707,O_frozen,9cafae22d1fb9dc8f67718555907a8f547f3a2e10794fc7e855ee0f4607413d9,0.869680643081665,0.0,0.9206088029617441,0.01213469445660951,0.0,0.016587677725118485,0.6153846153846154,7,8428,13,8415,422,0.7290312051773071,1,1,7,7,
B_donor__MLP__M11__imp271707__seed456,B,MLP,M11,456,271707,S_frozen,9cafae22d1fb9dc8f67718555907a8f547f3a2e10794fc7e855ee0f4607413d9,0.869680643081665,0.0,0.8432460327699652,0.004612053166799479,0.0,0.005154639175257732,0.3333333333333333,2,7757,6,7751,388,0.7153681516647339,1,1,2,2,
B_donor__MLP__M11__imp271707__seed456,B,MLP,M11,456,271707,J_frozen,9cafae22d1fb9dc8f67718555907a8f547f3a2e10794fc7e855ee0f4607413d9,0.869680643081665,0.0,0.6655915365759257,0.0005678084231387307,0.0,0.0,0.0,0,7753,2,7751,388,0.714461088180542,1,1,0,0,
B_donor__MLP__M11__imp271707__seed789,B,MLP,M11,789,271707,full_test,77290b9d79eeac4d2c84e755ce9d08ddc0f02f8dc6193df5611f250cbdcb025d,0.6733003854751587,3.552713678800501e-15,0.8421033868092691,0.01247564923599833,0.031578947368421054,0.016587677725118485,0.5,7,8435,20,8415,422,0.6291565895080566,1,1,7,7,
B_donor__MLP__M11__imp271707__seed789,B,MLP,M11,789,271707,D_frozen,77290b9d79eeac4d2c84e755ce9d08ddc0f02f8dc6193df5611f250cbdcb025d,0.6733003854751587,3.552713678800501e-15,0.6848484848484848,0.0014515090788059727,0.0,0.0,0.0,0,8422,7,8415,422,0.6287137269973755,1,1,0,0,
B_donor__MLP__M11__imp271707__seed789,B,MLP,M11,789,271707,O_frozen,77290b9d79eeac4d2c84e755ce9d08ddc0f02f8dc6193df5611f250cbdcb025d,0.6733003854751587,3.552713678800501e-15,0.9267791032496915,0.015194278049552317,0.03278688524590164,0.016587677725118485,0.7692307692307693,7,8428,13,8415,422,0.6291565895080566,1,1,7,7,
B_donor__MLP__M11__imp271707__seed789,B,MLP,M11,789,271707,S_frozen,77290b9d79eeac4d2c84e755ce9d08ddc0f02f8dc6193df5611f250cbdcb025d,0.6733003854751587,3.552713678800501e-15,0.8360641637638153,0.006103228126773401,0.013793103448275862,0.005154639175257732,0.6666666666666666,2,7757,6,7751,388,0.6231639385223389,1,1,2,2,
B_donor__MLP__M11__imp271707__seed789,B,MLP,M11,789,271707,J_frozen,77290b9d79eeac4d2c84e755ce9d08ddc0f02f8dc6193df5611f250cbdcb025d,0.6733003854751587,3.552713678800501e-15,0.5986969423300219,0.0005060286519834262,0.0,0.0,0.0,0,7753,2,7751,388,0.6230270266532898,1,1,0,0,
B_donor__MLP__M11__imp271707__seed1024,B,MLP,M11,1024,271707,full_test,b64e4347622ed03664b4e4547bb5c50e59f7811ac5067af12b555d70a4109bf2,0.8811681270599365,3.552713678800501e-15,0.8215092097445038,0.010870535078841387,0.0,0.011848341232227487,0.45,5,8435,20,8415,422,0.7370026707649231,1,1,5,5,
B_donor__MLP__M11__imp271707__seed1024,B,MLP,M11,1024,271707,D_frozen,b64e4347622ed03664b4e4547bb5c50e59f7811ac5067af12b555d70a4109bf2,0.8811681270599365,3.552713678800501e-15,0.6708768355827179,0.0015447762651235178,0.0,0.0,0.0,0,8422,7,8415,422,0.7338558435440063,1,1,0,0,
B_donor__MLP__M11__imp271707__seed1024,B,MLP,M11,1024,271707,O_frozen,b64e4347622ed03664b4e4547bb5c50e59f7811ac5067af12b555d70a4109bf2,0.8811681270599365,3.552713678800501e-15,0.9026189496777732,0.012490505774579462,0.0,0.011848341232227487,0.6923076923076923,5,8428,13,8415,422,0.7370026707649231,1,1,5,5,
B_donor__MLP__M11__imp271707__seed1024,B,MLP,M11,1024,271707,S_frozen,b64e4347622ed03664b4e4547bb5c50e59f7811ac5067af12b555d70a4109bf2,0.8811681270599365,3.552713678800501e-15,0.8385369629725197,0.006405915032437322,0.0,0.007731958762886598,0.5,3,7757,6,7751,388,0.7052842974662781,1,1,3,3,
B_donor__MLP__M11__imp271707__seed1024,B,MLP,M11,1024,271707,J_frozen,b64e4347622ed03664b4e4547bb5c50e59f7811ac5067af12b555d70a4109bf2,0.8811681270599365,3.552713678800501e-15,0.6346277899625855,0.0005269770315200566,0.0,0.0,0.0,0,7753,2,7751,388,0.7043312191963196,1,1,0,0,
B_donor__RandomForest_unweighted__M5__imp271707__seed42,B,RandomForest_unweighted,M5,42,271707,full_test,6e95b5b17114f7c61fa2d0397785bdaf62f84e1df69a0965794fdd7cb9c93b99,0.086,0.0,0.7825193107546049,0.00981807892742014,0.023391812865497075,0.011848341232227487,0.4,5,8435,20,8415,422,0.072,21,10,5,5,
B_donor__RandomForest_unweighted__M5__imp271707__seed42,B,RandomForest_unweighted,M5,42,271707,D_frozen,6e95b5b17114f7c61fa2d0397785bdaf62f84e1df69a0965794fdd7cb9c93b99,0.086,0.0,0.7138528138528139,0.0017729262230888115,0.0,0.002369668246445498,0.14285714285714285,1,8422,7,8415,422,0.072,21,14,1,1,
B_donor__RandomForest_unweighted__M5__imp271707__seed42,B,RandomForest_unweighted,M5,42,271707,O_frozen,6e95b5b17114f7c61fa2d0397785bdaf62f84e1df69a0965794fdd7cb9c93b99,0.086,0.0,0.8194935783171078,0.010464712652351528,0.023880597014925373,0.009478672985781991,0.5384615384615384,4,8428,13,8415,422,0.072,21,11,4,4,
B_donor__RandomForest_unweighted__M5__imp271707__seed42,B,RandomForest_unweighted,M5,42,271707,S_frozen,6e95b5b17114f7c61fa2d0397785bdaf62f84e1df69a0965794fdd7cb9c93b99,0.086,0.0,0.6479809056895885,0.001502727811724168,0.0,0.0,0.16666666666666666,0,7757,6,7751,388,0.066,18,10,0,0,
B_donor__RandomForest_unweighted__M5__imp271707__seed42,B,RandomForest_unweighted,M5,42,271707,J_frozen,6e95b5b17114f7c61fa2d0397785bdaf62f84e1df69a0965794fdd7cb9c93b99,0.086,0.0,0.648754999354922,0.000501544707079331,0.0,0.0,0.0,0,7753,2,7751,388,0.066,18,10,0,0,
B_donor__RandomForest_unweighted__M5__imp271707__seed123,B,RandomForest_unweighted,M5,123,271707,full_test,fe38cec9830c2d8f20b7513468feec79526dada70dbecd477c5ec5df836b5aaa,0.078,0.0,0.7812477718360071,0.010542623952447174,0.024096385542168676,0.011848341232227487,0.25,5,8435,20,8415,422,0.074,21,16,5,5,
B_donor__RandomForest_unweighted__M5__imp271707__seed123,B,RandomForest_unweighted,M5,123,271707,D_frozen,fe38cec9830c2d8f20b7513468feec79526dada70dbecd477c5ec5df836b5aaa,0.078,0.0,0.6632543926661575,0.0016542410572917502,0.005025125628140704,0.002369668246445498,0.14285714285714285,1,8422,7,8415,422,0.074,21,20,1,1,
B_donor__RandomForest_unweighted__M5__imp271707__seed123,B,RandomForest_unweighted,M5,123,271707,O_frozen,fe38cec9830c2d8f20b7513468feec79526dada70dbecd477c5ec5df836b5aaa,0.078,0.0,0.84478266831208,0.011600214617956538,0.019656019656019656,0.009478672985781991,0.3076923076923077,4,8428,13,8415,422,0.074,21,17,4,4,
B_donor__RandomForest_unweighted__M5__imp271707__seed123,B,RandomForest_unweighted,M5,123,271707,S_frozen,fe38cec9830c2d8f20b7513468feec79526dada70dbecd477c5ec5df836b5aaa,0.078,0.0,0.6773749623704468,0.0013022488611518818,0.0,0.0,0.0,0,7757,6,7751,388,0.068,16,4,0,0,
B_donor__RandomForest_unweighted__M5__imp271707__seed123,B,RandomForest_unweighted,M5,123,271707,J_frozen,fe38cec9830c2d8f20b7513468feec79526dada70dbecd477c5ec5df836b5aaa,0.078,0.0,0.611501741710747,0.0004518466150304129,0.0,0.0,0.0,0,7753,2,7751,388,0.068,16,4,0,0,
B_donor__RandomForest_unweighted__M5__imp271707__seed456,B,RandomForest_unweighted,M5,456,271707,full_test,ed1861757714f7cd27fee3be6db64ca3eac138ff583cbe7cd2d4ae842f69ac36,0.08,1.7763568394002505e-15,0.7755941770647653,0.010816285779973046,0.02077922077922078,0.014218009478672985,0.45,6,8435,20,8415,422,0.072,15,4,6,6,
B_donor__RandomForest_unweighted__M5__imp271707__seed456,B,RandomForest_unweighted,M5,456,271707,D_frozen,ed1861757714f7cd27fee3be6db64ca3eac138ff583cbe7cd2d4ae842f69ac36,0.08,1.7763568394002505e-15,0.6841439606145489,0.0017848057762405649,0.0,0.002369668246445498,0.14285714285714285,1,8422,7,8415,422,0.072,15,9,1,1,
B_donor__RandomForest_unweighted__M5__imp271707__seed456,B,RandomForest_unweighted,M5,456,271707,O_frozen,ed1861757714f7cd27fee3be6db64ca3eac138ff583cbe7cd2d4ae842f69ac36,0.08,1.7763568394002505e-15,0.8248366013071895,0.012202442801063019,0.021164021164021163,0.011848341232227487,0.6153846153846154,5,8428,13,8415,422,0.072,15,5,5,5,
B_donor__RandomForest_unweighted__M5__imp271707__seed456,B,RandomForest_unweighted,M5,456,271707,S_frozen,ed1861757714f7cd27fee3be6db64ca3eac138ff583cbe7cd2d4ae842f69ac36,0.08,1.7763568394002505e-15,0.6898787253257644,0.0017168435838209224,0.0,0.0,0.3333333333333333,0,7757,6,7751,388,0.066,23,7,0,0,
B_donor__RandomForest_unweighted__M5__imp271707__seed456,B,RandomForest_unweighted,M5,456,271707,J_frozen,ed1861757714f7cd27fee3be6db64ca3eac138ff583cbe7cd2d4ae842f69ac36,0.08,1.7763568394002505e-15,0.7362598374403303,0.0006782710815637935,0.0,0.0,0.0,0,7753,2,7751,388,0.066,23,7,0,0,
B_donor__RandomForest_unweighted__M5__imp271707__seed789,B,RandomForest_unweighted,M5,789,271707,full_test,2e5410b87453eda742e4eb78f9dfca9949777d3d2082c6d34ac6742e56dbe9c2,0.084,0.0,0.766182412358883,0.009901956988384777,0.028089887640449437,0.011848341232227487,0.35,5,8435,20,8415,422,0.072,31,14,5,5,
B_donor__RandomForest_unweighted__M5__imp271707__seed789,B,RandomForest_unweighted,M5,789,271707,D_frozen,2e5410b87453eda742e4eb78f9dfca9949777d3d2082c6d34ac6742e56dbe9c2,0.084,0.0,0.7254138018843901,0.0017294834447149333,0.0,0.0,0.14285714285714285,0,8422,7,8415,422,0.072,31,19,0,0,
B_donor__RandomForest_unweighted__M5__imp271707__seed789,B,RandomForest_unweighted,M5,789,271707,O_frozen,2e5410b87453eda742e4eb78f9dfca9949777d3d2082c6d34ac6742e56dbe9c2,0.084,0.0,0.7881347410759175,0.01098040021448772,0.02865329512893983,0.011848341232227487,0.46153846153846156,5,8428,13,8415,422,0.072,31,14,5,5,
B_donor__RandomForest_unweighted__M5__imp271707__seed789,B,RandomForest_unweighted,M5,789,271707,S_frozen,2e5410b87453eda742e4eb78f9dfca9949777d3d2082c6d34ac6742e56dbe9c2,0.084,0.0,0.6161248011009332,0.001555454564135985,0.0,0.0,0.16666666666666666,0,7757,6,7751,388,0.066,16,4,0,0,
B_donor__RandomForest_unweighted__M5__imp271707__seed789,B,RandomForest_unweighted,M5,789,271707,J_frozen,2e5410b87453eda742e4eb78f9dfca9949777d3d2082c6d34ac6742e56dbe9c2,0.084,0.0,0.7719971616565604,0.0007914039055907568,0.0,0.0,0.0,0,7753,2,7751,388,0.066,16,4,0,0,
B_donor__RandomForest_unweighted__M5__imp271707__seed1024,B,RandomForest_unweighted,M5,1024,271707,full_test,f2461693eb05f4052902ba4830b35f5afc942047b962dbec38f0a0b39aaa102f,0.13,3.552713678800501e-15,0.7703832442067737,0.011629631426436752,0.013888888888888888,0.011848341232227487,0.4,5,8435,20,8415,422,0.072,25,21,5,5,
B_donor__RandomForest_unweighted__M5__imp271707__seed1024,B,RandomForest_unweighted,M5,1024,271707,D_frozen,f2461693eb05f4052902ba4830b35f5afc942047b962dbec38f0a0b39aaa102f,0.13,3.552713678800501e-15,0.6800186741363212,0.002095723496711647,0.0,0.002369668246445498,0.14285714285714285,1,8422,7,8415,422,0.072,25,25,1,1,
B_donor__RandomForest_unweighted__M5__imp271707__seed1024,B,RandomForest_unweighted,M5,1024,271707,O_frozen,f2461693eb05f4052902ba4830b35f5afc942047b962dbec38f0a0b39aaa102f,0.13,3.552713678800501e-15,0.8190410896293249,0.012786302638234158,0.014598540145985401,0.009478672985781991,0.5384615384615384,4,8428,13,8415,422,0.072,25,22,4,4,
B_donor__RandomForest_unweighted__M5__imp271707__seed1024,B,RandomForest_unweighted,M5,1024,271707,S_frozen,f2461693eb05f4052902ba4830b35f5afc942047b962dbec38f0a0b39aaa102f,0.13,3.552713678800501e-15,0.6684836365200189,0.00174299611299538,0.0,0.0,0.3333333333333333,0,7757,6,7751,388,0.066,17,15,0,0,
B_donor__RandomForest_unweighted__M5__imp271707__seed1024,B,RandomForest_unweighted,M5,1024,271707,J_frozen,f2461693eb05f4052902ba4830b35f5afc942047b962dbec38f0a0b39aaa102f,0.13,3.552713678800501e-15,0.6562701586892014,0.0005325146692720215,0.0,0.0,0.0,0,7753,2,7751,388,0.066,17,15,0,0,
B_donor__RandomForest_unweighted__M11__imp271707__seed42,B,RandomForest_unweighted,M11,42,271707,full_test,59d23f043665d675d78e7ec00fa44f14abddf7f023e37db34a4bb35e5a8d0c3b,0.16,3.552713678800501e-15,0.848374925727867,0.013205430290077447,0.03773584905660377,0.014218009478672985,0.55,6,8435,20,8415,422,0.074,25,20,6,6,
B_donor__RandomForest_unweighted__M11__imp271707__seed42,B,RandomForest_unweighted,M11,42,271707,D_frozen,59d23f043665d675d78e7ec00fa44f14abddf7f023e37db34a4bb35e5a8d0c3b,0.16,3.552713678800501e-15,0.6819794584500466,0.0015241825747100168,0.0,0.0,0.0,0,8422,7,8415,422,0.072,23,1,0,0,
B_donor__RandomForest_unweighted__M11__imp271707__seed42,B,RandomForest_unweighted,M11,42,271707,O_frozen,59d23f043665d675d78e7ec00fa44f14abddf7f023e37db34a4bb35e5a8d0c3b,0.16,3.552713678800501e-15,0.9379724850313086,0.016256001553799956,0.04040404040404041,0.014218009478672985,0.8461538461538461,6,8428,13,8415,422,0.074,25,20,6,6,
B_donor__RandomForest_unweighted__M11__imp271707__seed42,B,RandomForest_unweighted,M11,42,271707,S_frozen,59d23f043665d675d78e7ec00fa44f14abddf7f023e37db34a4bb35e5a8d0c3b,0.16,3.552713678800501e-15,0.8467832107685029,0.003994752846699541,0.0,0.002577319587628866,0.5,1,7757,6,7751,388,0.068,15,5,1,1,
B_donor__RandomForest_unweighted__M11__imp271707__seed42,B,RandomForest_unweighted,M11,42,271707,J_frozen,59d23f043665d675d78e7ec00fa44f14abddf7f023e37db34a4bb35e5a8d0c3b,0.16,3.552713678800501e-15,0.6885240614114307,0.0006120926097774389,0.0,0.0,0.0,0,7753,2,7751,388,0.068,15,6,0,0,
B_donor__RandomForest_unweighted__M11__imp271707__seed123,B,RandomForest_unweighted,M11,123,271707,full_test,362f8f365d58e16f95560a14276120e7f7178d8bb12ab5056ea3303939941bd1,0.224,0.0,0.8548514557338087,0.013504040922993763,0.03773584905660377,0.018957345971563982,0.55,8,8435,20,8415,422,0.074,13,2,8,8,
B_donor__RandomForest_unweighted__M11__imp271707__seed123,B,RandomForest_unweighted,M11,123,271707,D_frozen,362f8f365d58e16f95560a14276120e7f7178d8bb12ab5056ea3303939941bd1,0.224,0.0,0.7316951022833376,0.0016919943268431776,0.0,0.0,0.14285714285714285,0,8422,7,8415,422,0.074,13,10,0,0,
B_donor__RandomForest_unweighted__M11__imp271707__seed123,B,RandomForest_unweighted,M11,123,271707,O_frozen,362f8f365d58e16f95560a14276120e7f7178d8bb12ab5056ea3303939941bd1,0.224,0.0,0.9211664152840624,0.016088539506664466,0.043478260869565216,0.018957345971563982,0.7692307692307693,8,8428,13,8415,422,0.074,13,2,8,8,
B_donor__RandomForest_unweighted__M11__imp271707__seed123,B,RandomForest_unweighted,M11,123,271707,S_frozen,362f8f365d58e16f95560a14276120e7f7178d8bb12ab5056ea3303939941bd1,0.224,0.0,0.8174214079903669,0.002795429413475972,0.0,0.002577319587628866,0.3333333333333333,1,7757,6,7751,388,0.068,15,9,1,1,
B_donor__RandomForest_unweighted__M11__imp271707__seed123,B,RandomForest_unweighted,M11,123,271707,J_frozen,362f8f365d58e16f95560a14276120e7f7178d8bb12ab5056ea3303939941bd1,0.224,0.0,0.6633982711908142,0.0005309300767555078,0.0,0.0,0.0,0,7753,2,7751,388,0.068,15,10,0,0,
B_donor__RandomForest_unweighted__M11__imp271707__seed456,B,RandomForest_unweighted,M11,456,271707,full_test,111a79edba7307be6c727161baa80623086c1588e2e6886ee05ee399504177c3,0.188,0.0,0.84441770647653,0.012171221297453863,0.0273972602739726,0.016587677725118485,0.45,7,8435,20,8415,422,0.074,19,9,7,7,
B_donor__RandomForest_unweighted__M11__imp271707__seed456,B,RandomForest_unweighted,M11,456,271707,D_frozen,111a79edba7307be6c727161baa80623086c1588e2e6886ee05ee399504177c3,0.188,0.0,0.7001782531194296,0.0014632096999487151,0.0,0.0,0.14285714285714285,0,8422,7,8415,422,0.074,19,16,0,0,
B_donor__RandomForest_unweighted__M11__imp271707__seed456,B,RandomForest_unweighted,M11,456,271707,O_frozen,111a79edba7307be6c727161baa80623086c1588e2e6886ee05ee399504177c3,0.188,0.0,0.9220851044380457,0.014685705177533884,0.030303030303030304,0.016587677725118485,0.6153846153846154,7,8428,13,8415,422,0.074,19,9,7,7,
B_donor__RandomForest_unweighted__M11__imp271707__seed456,B,RandomForest_unweighted,M11,456,271707,S_frozen,111a79edba7307be6c727161baa80623086c1588e2e6886ee05ee399504177c3,0.188,0.0,0.8096482174343096,0.0028800360456066407,0.0,0.002577319587628866,0.3333333333333333,1,7757,6,7751,388,0.068,12,9,1,1,
B_donor__RandomForest_unweighted__M11__imp271707__seed456,B,RandomForest_unweighted,M11,456,271707,J_frozen,111a79edba7307be6c727161baa80623086c1588e2e6886ee05ee399504177c3,0.188,0.0,0.6746548832408721,0.0005432387624525088,0.0,0.0,0.0,0,7753,2,7751,388,0.068,12,10,0,0,
B_donor__RandomForest_unweighted__M11__imp271707__seed789,B,RandomForest_unweighted,M11,789,271707,full_test,10585a9b4181b4c6ced5529ce5c94f691e412b358e56dc8439b6b3ae645c412e,0.224,0.0,0.8409090909090908,0.013179615388215231,0.038461538461538464,0.014218009478672985,0.45,6,8435,20,8415,422,0.076,17,17,6,6,
B_donor__RandomForest_unweighted__M11__imp271707__seed789,B,RandomForest_unweighted,M11,789,271707,D_frozen,10585a9b4181b4c6ced5529ce5c94f691e412b358e56dc8439b6b3ae645c412e,0.224,0.0,0.694363806128512,0.001449149350285104,0.0,0.0,0.14285714285714285,0,8422,7,8415,422,0.074,21,6,0,0,
B_donor__RandomForest_unweighted__M11__imp271707__seed789,B,RandomForest_unweighted,M11,789,271707,O_frozen,10585a9b4181b4c6ced5529ce5c94f691e412b358e56dc8439b6b3ae645c412e,0.224,0.0,0.9198180904063257,0.016221773827217616,0.044444444444444446,0.014218009478672985,0.6153846153846154,6,8428,13,8415,422,0.076,17,17,6,6,
B_donor__RandomForest_unweighted__M11__imp271707__seed789,B,RandomForest_unweighted,M11,789,271707,S_frozen,10585a9b4181b4c6ced5529ce5c94f691e412b358e56dc8439b6b3ae645c412e,0.224,0.0,0.7999290414140111,0.0029464733750919157,0.0,0.002577319587628866,0.3333333333333333,1,7757,6,7751,388,0.07,17,5,1,1,
B_donor__RandomForest_unweighted__M11__imp271707__seed789,B,RandomForest_unweighted,M11,789,271707,J_frozen,10585a9b4181b4c6ced5529ce5c94f691e412b358e56dc8439b6b3ae645c412e,0.224,0.0,0.6374338794994194,0.00048133007142391043,0.0,0.0,0.0,0,7753,2,7751,388,0.07,17,6,0,0,
B_donor__RandomForest_unweighted__M11__imp271707__seed1024,B,RandomForest_unweighted,M11,1024,271707,full_test,ffcb813be9509fbc26ea977839bb3e126631fb51bac32eb24e8577b3cb7afb21,0.16,3.552713678800501e-15,0.8671301247771835,0.014416859357638787,0.01904761904761905,0.014218009478672985,0.5,6,8435,20,8415,422,0.076,16,12,6,6,
B_donor__RandomForest_unweighted__M11__imp271707__seed1024,B,RandomForest_unweighted,M11,1024,271707,D_frozen,ffcb813be9509fbc26ea977839bb3e126631fb51bac32eb24e8577b3cb7afb21,0.16,3.552713678800501e-15,0.7554876496052967,0.001971927016870299,0.0,0.0,0.14285714285714285,0,8422,7,8415,422,0.074,13,2,0,0,
B_donor__RandomForest_unweighted__M11__imp271707__seed1024,B,RandomForest_unweighted,M11,1024,271707,O_frozen,ffcb813be9509fbc26ea977839bb3e126631fb51bac32eb24e8577b3cb7afb21,0.16,3.552713678800501e-15,0.927245303715892,0.017233436553052796,0.02040816326530612,0.014218009478672985,0.6923076923076923,6,8428,13,8415,422,0.076,16,12,6,6,
B_donor__RandomForest_unweighted__M11__imp271707__seed1024,B,RandomForest_unweighted,M11,1024,271707,S_frozen,ffcb813be9509fbc26ea977839bb3e126631fb51bac32eb24e8577b3cb7afb21,0.16,3.552713678800501e-15,0.8463854126349288,0.004378470633254618,0.0,0.002577319587628866,0.16666666666666666,1,7757,6,7751,388,0.068,11,3,1,1,
B_donor__RandomForest_unweighted__M11__imp271707__seed1024,B,RandomForest_unweighted,M11,1024,271707,J_frozen,ffcb813be9509fbc26ea977839bb3e126631fb51bac32eb24e8577b3cb7afb21,0.16,3.552713678800501e-15,0.7818668558895627,0.0008326670810319184,0.0,0.0,0.0,0,7753,2,7751,388,0.068,11,4,0,0,
B_donor__MLP__M5__imp271708__seed42,B,MLP,M5,42,271708,full_test,4a36d9405ac14cd0717eff3178ac164d9ee453da2261db294822f1f9ef80867c,0.9214997887611389,0.0,0.7977540106951871,0.007378627885628241,0.0,0.0071090047393364926,0.3,3,8435,20,8415,422,0.7167640328407288,1,1,3,3,
B_donor__MLP__M5__imp271708__seed42,B,MLP,M5,42,271708,D_frozen,4a36d9405ac14cd0717eff3178ac164d9ee453da2261db294822f1f9ef80867c,0.9214997887611389,0.0,0.705050505050505,0.0016082554723832797,0.0,0.0,0.0,0,8422,7,8415,422,0.7156962752342224,1,1,0,0,
B_donor__MLP__M5__imp271708__seed42,B,MLP,M5,42,271708,O_frozen,4a36d9405ac14cd0717eff3178ac164d9ee453da2261db294822f1f9ef80867c,0.9214997887611389,0.0,0.8476712829654006,0.007287497467106539,0.0,0.0071090047393364926,0.46153846153846156,3,8428,13,8415,422,0.7167640328407288,1,1,3,3,
B_donor__MLP__M5__imp271708__seed42,B,MLP,M5,42,271708,S_frozen,4a36d9405ac14cd0717eff3178ac164d9ee453da2261db294822f1f9ef80867c,0.9214997887611389,0.0,0.7482905431557219,0.0026290563404210814,0.0,0.0,0.5,0,7757,6,7751,388,0.7094550132751465,1,1,0,0,
B_donor__MLP__M5__imp271708__seed42,B,MLP,M5,42,271708,J_frozen,4a36d9405ac14cd0717eff3178ac164d9ee453da2261db294822f1f9ef80867c,0.9214997887611389,0.0,0.5868275061282415,0.0005630017807645014,0.0,0.0,0.0,0,7753,2,7751,388,0.7094550132751465,1,1,0,0,
B_donor__MLP__M5__imp271708__seed123,B,MLP,M5,123,271708,full_test,809487672a8d7da1a84c623db0f23ef9d63ee1c08c3f643ad587ff3b004c48ba,0.6368553638458252,0.0,0.7594414735591206,0.0075925607086855555,0.007643312101910828,0.0071090047393364926,0.15,3,8435,20,8415,422,0.6840168833732605,1,1,3,3,
B_donor__MLP__M5__imp271708__seed123,B,MLP,M5,123,271708,D_frozen,809487672a8d7da1a84c623db0f23ef9d63ee1c08c3f643ad587ff3b004c48ba,0.6368553638458252,0.0,0.6529326882268058,0.0013115275708124588,0.0,0.0,0.0,0,8422,7,8415,422,0.6833285689353943,1,1,0,0,
B_donor__MLP__M5__imp271708__seed123,B,MLP,M5,123,271708,O_frozen,809487672a8d7da1a84c623db0f23ef9d63ee1c08c3f643ad587ff3b004c48ba,0.6368553638458252,0.0,0.8167923579688285,0.008313212250507847,0.007712082262210797,0.0071090047393364926,0.23076923076923078,3,8428,13,8415,422,0.6840168833732605,1,1,3,3,
B_donor__MLP__M5__imp271708__seed123,B,MLP,M5,123,271708,S_frozen,809487672a8d7da1a84c623db0f23ef9d63ee1c08c3f643ad587ff3b004c48ba,0.6368553638458252,0.0,0.6606459381585171,0.0015891955737184903,0.0,0.0,0.16666666666666666,0,7757,6,7751,388,0.6766241788864136,1,1,0,0,
B_donor__MLP__M5__imp271708__seed123,B,MLP,M5,123,271708,J_frozen,809487672a8d7da1a84c623db0f23ef9d63ee1c08c3f643ad587ff3b004c48ba,0.6368553638458252,0.0,0.5656044381370147,0.0004519926122868154,0.0,0.0,0.0,0,7753,2,7751,388,0.6766241788864136,1,1,0,0,
B_donor__MLP__M5__imp271708__seed456,B,MLP,M5,456,271708,full_test,e14aed5297400fbb910aefc1ba78eb73b1cd22a88db3e4900b8ecddb9bf69c64,0.6764742136001587,1.7763568394002505e-15,0.7480748663101604,0.0070662566862212065,0.01195219123505976,0.0071090047393364926,0.35,3,8435,20,8415,422,0.6902833580970764,1,1,3,3,
B_donor__MLP__M5__imp271708__seed456,B,MLP,M5,456,271708,D_frozen,e14aed5297400fbb910aefc1ba78eb73b1cd22a88db3e4900b8ecddb9bf69c64,0.6764742136001587,1.7763568394002505e-15,0.6022748493336729,0.0012354448884489878,0.0,0.0,0.0,0,8422,7,8415,422,0.6895020008087158,1,1,0,0,
B_donor__MLP__M5__imp271708__seed456,B,MLP,M5,456,271708,O_frozen,e14aed5297400fbb910aefc1ba78eb73b1cd22a88db3e4900b8ecddb9bf69c64,0.6764742136001587,1.7763568394002505e-15,0.8265825677590384,0.0075183753120238745,0.012121212121212121,0.0071090047393364926,0.5384615384615384,3,8428,13,8415,422,0.6902833580970764,1,1,3,3,
B_donor__MLP__M5__imp271708__seed456,B,MLP,M5,456,271708,S_frozen,e14aed5297400fbb910aefc1ba78eb73b1cd22a88db3e4900b8ecddb9bf69c64,0.6764742136001587,1.7763568394002505e-15,0.6807723734571883,0.0020934648659517896,0.0,0.0,0.3333333333333333,0,7757,6,7751,388,0.6804195046424866,1,1,0,0,
B_donor__MLP__M5__imp271708__seed456,B,MLP,M5,456,271708,J_frozen,e14aed5297400fbb910aefc1ba78eb73b1cd22a88db3e4900b8ecddb9bf69c64,0.6764742136001587,1.7763568394002505e-15,0.5100632176493356,0.00038396545561463196,0.0,0.0,0.0,0,7753,2,7751,388,0.6804195046424866,1,1,0,0,
B_donor__MLP__M5__imp271708__seed789,B,MLP,M5,789,271708,full_test,45ff0eeec7d02daff6aaf63ccd9eeec132e536d54be76a446fdb0918004f69a2,0.8817907571792603,1.7763568394002505e-15,0.7753773024361259,0.006592621847121322,0.0,0.004739336492890996,0.4,2,8435,20,8415,422,0.7024058699607849,1,1,2,2,
B_donor__MLP__M5__imp271708__seed789,B,MLP,M5,789,271708,D_frozen,45ff0eeec7d02daff6aaf63ccd9eeec132e536d54be76a446fdb0918004f69a2,0.8817907571792603,1.7763568394002505e-15,0.6766997708174178,0.0015020595593642505,0.0,0.0,0.14285714285714285,0,8422,7,8415,422,0.7021754384040833,1,1,0,0,
B_donor__MLP__M5__imp271708__seed789,B,MLP,M5,789,271708,O_frozen,45ff0eeec7d02daff6aaf63ccd9eeec132e536d54be76a446fdb0918004f69a2,0.8817907571792603,1.7763568394002505e-15,0.8285113579231227,0.00621527152390364,0.0,0.004739336492890996,0.5384615384615384,2,8428,13,8415,422,0.7024058699607849,1,1,2,2,
B_donor__MLP__M5__imp271708__seed789,B,MLP,M5,789,271708,S_frozen,45ff0eeec7d02daff6aaf63ccd9eeec132e536d54be76a446fdb0918004f69a2,0.8817907571792603,1.7763568394002505e-15,0.6777405066012988,0.0019125139541785983,0.0,0.0,0.3333333333333333,0,7757,6,7751,388,0.693528950214386,1,1,0,0,
B_donor__MLP__M5__imp271708__seed789,B,MLP,M5,789,271708,J_frozen,45ff0eeec7d02daff6aaf63ccd9eeec132e536d54be76a446fdb0918004f69a2,0.8817907571792603,1.7763568394002505e-15,0.5007740936653335,0.0003877867074611516,0.0,0.0,0.0,0,7753,2,7751,388,0.693528950214386,1,1,0,0,
B_donor__MLP__M5__imp271708__seed1024,B,MLP,M5,1024,271708,full_test,7bec35831c087df833244ed93461b9233bb1f43e928620df27d7512c10933835,0.9106290936470032,3.552713678800501e-15,0.7606892453951277,0.007487682086264303,0.0,0.009478672985781991,0.35,4,8435,20,8415,422,0.6990488171577454,1,1,4,4,
B_donor__MLP__M5__imp271708__seed1024,B,MLP,M5,1024,271708,D_frozen,7bec35831c087df833244ed93461b9233bb1f43e928620df27d7512c10933835,0.9106290936470032,3.552713678800501e-15,0.663712757830405,0.0013730889588924604,0.0,0.0,0.14285714285714285,0,8422,7,8415,422,0.6981436610221863,1,1,0,0,
B_donor__MLP__M5__imp271708__seed1024,B,MLP,M5,1024,271708,O_frozen,7bec35831c087df833244ed93461b9233bb1f43e928620df27d7512c10933835,0.9106290936470032,3.552713678800501e-15,0.8129073540838248,0.007968019477179311,0.0,0.009478672985781991,0.46153846153846156,4,8428,13,8415,422,0.6990488171577454,1,1,4,4,
B_donor__MLP__M5__imp271708__seed1024,B,MLP,M5,1024,271708,S_frozen,7bec35831c087df833244ed93461b9233bb1f43e928620df27d7512c10933835,0.9106290936470032,3.552713678800501e-15,0.7101664301380467,0.002180353001446794,0.0,0.0,0.5,0,7757,6,7751,388,0.6900362372398376,1,1,0,0,
B_donor__MLP__M5__imp271708__seed1024,B,MLP,M5,1024,271708,J_frozen,7bec35831c087df833244ed93461b9233bb1f43e928620df27d7512c10933835,0.9106290936470032,3.552713678800501e-15,0.6178557605470262,0.0004949280353136528,0.0,0.0,0.0,0,7753,2,7751,388,0.6900362372398376,1,1,0,0,
B_donor__MLP__M11__imp271708__seed42,B,MLP,M11,42,271708,full_test,b0ca36a9489e14ec10a6425b14041ac0e08cae5408590823609c738425868f3c,0.821287214756012,3.552713678800501e-15,0.8332382650029708,0.013256174350851356,0.012658227848101266,0.014218009478672985,0.5,6,8435,20,8415,422,0.725260317325592,1,1,6,6,
B_donor__MLP__M11__imp271708__seed42,B,MLP,M11,42,271708,D_frozen,b0ca36a9489e14ec10a6425b14041ac0e08cae5408590823609c738425868f3c,0.821287214756012,3.552713678800501e-15,0.6619132501485443,0.0013889498749534647,0.0,0.0,0.0,0,8422,7,8415,422,0.7238333821296692,1,1,0,0,
B_donor__MLP__M11__imp271708__seed42,B,MLP,M11,42,271708,O_frozen,b0ca36a9489e14ec10a6425b14041ac0e08cae5408590823609c738425868f3c,0.821287214756012,3.552713678800501e-15,0.9254901960784314,0.016398751379592617,0.013245033112582781,0.014218009478672985,0.7692307692307693,6,8428,13,8415,422,0.725260317325592,1,1,6,6,
B_donor__MLP__M11__imp271708__seed42,B,MLP,M11,42,271708,S_frozen,b0ca36a9489e14ec10a6425b14041ac0e08cae5408590823609c738425868f3c,0.821287214756012,3.552713678800501e-15,0.8117232185094396,0.005200806268690981,0.0,0.005154639175257732,0.5,2,7757,6,7751,388,0.7081618309020996,1,1,2,2,
B_donor__MLP__M11__imp271708__seed42,B,MLP,M11,42,271708,J_frozen,b0ca36a9489e14ec10a6425b14041ac0e08cae5408590823609c738425868f3c,0.821287214756012,3.552713678800501e-15,0.5808282802219069,0.00044999053809626497,0.0,0.0,0.0,0,7753,2,7751,388,0.7073773145675659,1,1,0,0,
B_donor__MLP__M11__imp271708__seed123,B,MLP,M11,123,271708,full_test,491ea7081312b602b3a0d1558bd22dabda9bbf48c8d8d41c2cdba3a503c21e1a,0.7329700589179993,0.0,0.8122043969102792,0.011505705851016623,0.020618556701030927,0.011848341232227487,0.4,5,8435,20,8415,422,0.7151155471801758,1,1,5,5,
B_donor__MLP__M11__imp271708__seed123,B,MLP,M11,123,271708,D_frozen,491ea7081312b602b3a0d1558bd22dabda9bbf48c8d8d41c2cdba3a503c21e1a,0.7329700589179993,0.0,0.6594346829640947,0.001364822852752472,0.0,0.0,0.0,0,8422,7,8415,422,0.712972104549408,1,1,0,0,
B_donor__MLP__M11__imp271708__seed123,B,MLP,M11,123,271708,O_frozen,491ea7081312b602b3a0d1558bd22dabda9bbf48c8d8d41c2cdba3a503c21e1a,0.7329700589179993,0.0,0.894465012112071,0.01406741070844724,0.02099737532808399,0.011848341232227487,0.6153846153846154,5,8428,13,8415,422,0.7151155471801758,1,1,5,5,
B_donor__MLP__M11__imp271708__seed123,B,MLP,M11,123,271708,S_frozen,491ea7081312b602b3a0d1558bd22dabda9bbf48c8d8d41c2cdba3a503c21e1a,0.7329700589179993,0.0,0.801918032081882,0.004081790884119108,0.006756756756756757,0.005154639175257732,0.5,2,7757,6,7751,388,0.6993297338485718,1,1,2,2,
B_donor__MLP__M11__imp271708__seed123,B,MLP,M11,123,271708,J_frozen,491ea7081312b602b3a0d1558bd22dabda9bbf48c8d8d41c2cdba3a503c21e1a,0.7329700589179993,0.0,0.6538511159850342,0.0005451205117732838,0.0,0.0,0.0,0,7753,2,7751,388,0.6986688375473022,1,1,0,0,
B_donor__MLP__M11__imp271708__seed456,B,MLP,M11,456,271708,full_test,8400cb071f8310a5e8cff1d0aba19a8323b10f9f0aec6da284c1a43ad763ee8e,0.8419145941734314,3.552713678800501e-15,0.8319607843137256,0.010469708092926445,0.0136986301369863,0.016587677725118485,0.45,7,8435,20,8415,422,0.7247297763824463,1,1,7,7,
B_donor__MLP__M11__imp271708__seed456,B,MLP,M11,456,271708,D_frozen,8400cb071f8310a5e8cff1d0aba19a8323b10f9f0aec6da284c1a43ad763ee8e,0.8419145941734314,3.552713678800501e-15,0.6692470927765046,0.0013863431039020649,0.0,0.0,0.14285714285714285,0,8422,7,8415,422,0.7224671244621277,1,1,0,0,
B_donor__MLP__M11__imp271708__seed456,B,MLP,M11,456,271708,O_frozen,8400cb071f8310a5e8cff1d0aba19a8323b10f9f0aec6da284c1a43ad763ee8e,0.8419145941734314,3.552713678800501e-15,0.9195758489876136,0.01215777147853438,0.014388489208633094,0.016587677725118485,0.6153846153846154,7,8428,13,8415,422,0.7247297763824463,1,1,7,7,
B_donor__MLP__M11__imp271708__seed456,B,MLP,M11,456,271708,S_frozen,8400cb071f8310a5e8cff1d0aba19a8323b10f9f0aec6da284c1a43ad763ee8e,0.8419145941734314,3.552713678800501e-15,0.8225175246204791,0.004319137746000987,0.0,0.005154639175257732,0.3333333333333333,2,7757,6,7751,388,0.709101140499115,1,1,2,2,
B_donor__MLP__M11__imp271708__seed456,B,MLP,M11,456,271708,J_frozen,8400cb071f8310a5e8cff1d0aba19a8323b10f9f0aec6da284c1a43ad763ee8e,0.8419145941734314,3.552713678800501e-15,0.6129531673332473,0.0004943743796701873,0.0,0.0,0.0,0,7753,2,7751,388,0.7086248993873596,1,1,0,0,
B_donor__MLP__M11__imp271708__seed789,B,MLP,M11,789,271708,full_test,72a9b0334e7a5b3f7f5fa011ffc331bdc19bbbbf3c23fb1c6b76b3914bff0181,0.6877439618110657,0.0,0.8367973856209151,0.012008791199205013,0.017777777777777778,0.011848341232227487,0.5,5,8435,20,8415,422,0.6473205089569092,1,1,5,5,
B_donor__MLP__M11__imp271708__seed789,B,MLP,M11,789,271708,D_frozen,72a9b0334e7a5b3f7f5fa011ffc331bdc19bbbbf3c23fb1c6b76b3914bff0181,0.6877439618110657,0.0,0.656667515491045,0.0013001832397882898,0.0,0.0,0.0,0,8422,7,8415,422,0.6462817788124084,1,1,0,0,
B_donor__MLP__M11__imp271708__seed789,B,MLP,M11,789,271708,O_frozen,72a9b0334e7a5b3f7f5fa011ffc331bdc19bbbbf3c23fb1c6b76b3914bff0181,0.6877439618110657,0.0,0.933790392613922,0.014941178663197913,0.01834862385321101,0.011848341232227487,0.7692307692307693,5,8428,13,8415,422,0.6473205089569092,1,1,5,5,
B_donor__MLP__M11__imp271708__seed789,B,MLP,M11,789,271708,S_frozen,72a9b0334e7a5b3f7f5fa011ffc331bdc19bbbbf3c23fb1c6b76b3914bff0181,0.6877439618110657,0.0,0.8434610587881134,0.0055146818372158665,0.011695906432748537,0.005154639175257732,0.6666666666666666,2,7757,6,7751,388,0.6393911242485046,1,1,2,2,
B_donor__MLP__M11__imp271708__seed789,B,MLP,M11,789,271708,J_frozen,72a9b0334e7a5b3f7f5fa011ffc331bdc19bbbbf3c23fb1c6b76b3914bff0181,0.6877439618110657,0.0,0.6184363307960263,0.0004932011136128645,0.0,0.0,0.0,0,7753,2,7751,388,0.6384008526802063,1,1,0,0,
B_donor__MLP__M11__imp271708__seed1024,B,MLP,M11,1024,271708,full_test,43f19997752f619cab95d7adae69dd266e4e9dbec72a86c26ec4088369b9460e,0.8405713438987732,3.552713678800501e-15,0.8382412358882948,0.011457450900180813,0.013513513513513514,0.014218009478672985,0.45,6,8435,20,8415,422,0.7282086610794067,1,1,6,6,
B_donor__MLP__M11__imp271708__seed1024,B,MLP,M11,1024,271708,D_frozen,43f19997752f619cab95d7adae69dd266e4e9dbec72a86c26ec4088369b9460e,0.8405713438987732,3.552713678800501e-15,0.6906204906204907,0.0015559803037594852,0.0,0.0,0.0,0,8422,7,8415,422,0.7267081141471863,1,1,0,0,
B_donor__MLP__M11__imp271708__seed1024,B,MLP,M11,1024,271708,O_frozen,43f19997752f619cab95d7adae69dd266e4e9dbec72a86c26ec4088369b9460e,0.8405713438987732,3.552713678800501e-15,0.9177293294940353,0.013430668915316787,0.014184397163120567,0.014218009478672985,0.6923076923076923,6,8428,13,8415,422,0.7282086610794067,1,1,6,6,
B_donor__MLP__M11__imp271708__seed1024,B,MLP,M11,1024,271708,S_frozen,43f19997752f619cab95d7adae69dd266e4e9dbec72a86c26ec4088369b9460e,0.8405713438987732,3.552713678800501e-15,0.8402356685158904,0.0052258824919208646,0.0,0.005154639175257732,0.5,2,7757,6,7751,388,0.7046545147895813,1,1,2,2,
B_donor__MLP__M11__imp271708__seed1024,B,MLP,M11,1024,271708,J_frozen,43f19997752f619cab95d7adae69dd266e4e9dbec72a86c26ec4088369b9460e,0.8405713438987732,3.552713678800501e-15,0.6430138046703651,0.000558224911412302,0.0,0.0,0.0,0,7753,2,7751,388,0.7027406692504883,1,1,0,0,
B_donor__RandomForest_unweighted__M5__imp271708__seed42,B,RandomForest_unweighted,M5,42,271708,full_test,5ce28e96a2fc45210db5df9cb8065e80d2c322d9570c3309b2b2c393f9ecfa83,0.106,1.7763568394002505e-15,0.7534729649435532,0.009701218487374739,0.023715415019762844,0.009478672985781991,0.25,4,8435,20,8415,422,0.076,21,15,4,5,
B_donor__RandomForest_unweighted__M5__imp271708__seed42,B,RandomForest_unweighted,M5,42,271708,D_frozen,5ce28e96a2fc45210db5df9cb8065e80d2c322d9570c3309b2b2c393f9ecfa83,0.106,1.7763568394002505e-15,0.6527629233511587,0.00151892294096593,0.0,0.002369668246445498,0.14285714285714285,1,8422,7,8415,422,0.076,21,19,0,1,
B_donor__RandomForest_unweighted__M5__imp271708__seed42,B,RandomForest_unweighted,M5,42,271708,O_frozen,5ce28e96a2fc45210db5df9cb8065e80d2c322d9570c3309b2b2c393f9ecfa83,0.106,1.7763568394002505e-15,0.8077014488779195,0.011068662187595897,0.024390243902439025,0.009478672985781991,0.3076923076923077,4,8428,13,8415,422,0.076,20,15,4,4,
B_donor__RandomForest_unweighted__M5__imp271708__seed42,B,RandomForest_unweighted,M5,42,271708,S_frozen,5ce28e96a2fc45210db5df9cb8065e80d2c322d9570c3309b2b2c393f9ecfa83,0.106,1.7763568394002505e-15,0.6313378918849181,0.0013134966049378172,0.0,0.0,0.0,0,7757,6,7751,388,0.07,16,6,0,0,
B_donor__RandomForest_unweighted__M5__imp271708__seed42,B,RandomForest_unweighted,M5,42,271708,J_frozen,5ce28e96a2fc45210db5df9cb8065e80d2c322d9570c3309b2b2c393f9ecfa83,0.106,1.7763568394002505e-15,0.5816023738872403,0.0004426004021989296,0.0,0.0,0.0,0,7753,2,7751,388,0.07,16,6,0,0,
B_donor__RandomForest_unweighted__M5__imp271708__seed123,B,RandomForest_unweighted,M5,123,271708,full_test,5a1215d1f3f7cae1586ce029b6a8714aef5206f5b1e735e05f3a3dbd79e989e9,0.074,1.7763568394002505e-15,0.7792483660130718,0.011181627809967735,0.017278617710583154,0.009478672985781991,0.35,4,8435,20,8415,422,0.076,26,22,4,4,
B_donor__RandomForest_unweighted__M5__imp271708__seed123,B,RandomForest_unweighted,M5,123,271708,D_frozen,5a1215d1f3f7cae1586ce029b6a8714aef5206f5b1e735e05f3a3dbd79e989e9,0.074,1.7763568394002505e-15,0.6766488413547237,0.0014489516202022582,0.0,0.0,0.14285714285714285,0,8422,7,8415,422,0.076,26,26,0,0,
B_donor__RandomForest_unweighted__M5__imp271708__seed123,B,RandomForest_unweighted,M5,123,271708,O_frozen,5a1215d1f3f7cae1586ce029b6a8714aef5206f5b1e735e05f3a3dbd79e989e9,0.074,1.7763568394002505e-15,0.8344942639060287,0.013337346712044533,0.017543859649122806,0.009478672985781991,0.46153846153846156,4,8428,13,8415,422,0.076,26,22,4,4,
B_donor__RandomForest_unweighted__M5__imp271708__seed123,B,RandomForest_unweighted,M5,123,271708,S_frozen,5a1215d1f3f7cae1586ce029b6a8714aef5206f5b1e735e05f3a3dbd79e989e9,0.074,1.7763568394002505e-15,0.6722465918376124,0.0015562102997069148,0.0,0.0,0.16666666666666666,0,7757,6,7751,388,0.07,16,8,0,0,
B_donor__RandomForest_unweighted__M5__imp271708__seed123,B,RandomForest_unweighted,M5,123,271708,J_frozen,5a1215d1f3f7cae1586ce029b6a8714aef5206f5b1e735e05f3a3dbd79e989e9,0.074,1.7763568394002505e-15,0.6311766223713069,0.0004824268665078174,0.0,0.0,0.0,0,7753,2,7751,388,0.07,16,8,0,0,
B_donor__RandomForest_unweighted__M5__imp271708__seed456,B,RandomForest_unweighted,M5,456,271708,full_test,788dc99461f5e4568075f6b995cf8b070bbaa4141b45ee09a4e8154a13e9f2e0,0.12,1.7763568394002505e-15,0.7494087938205586,0.010990669032189128,0.028708133971291867,0.009478672985781991,0.35,4,8435,20,8415,422,0.076,17,7,4,4,
B_donor__RandomForest_unweighted__M5__imp271708__seed456,B,RandomForest_unweighted,M5,456,271708,D_frozen,788dc99461f5e4568075f6b995cf8b070bbaa4141b45ee09a4e8154a13e9f2e0,0.12,1.7763568394002505e-15,0.6451065274594686,0.001420549584474334,0.0,0.0,0.14285714285714285,0,8422,7,8415,422,0.076,17,11,0,0,
B_donor__RandomForest_unweighted__M5__imp271708__seed456,B,RandomForest_unweighted,M5,456,271708,O_frozen,788dc99461f5e4568075f6b995cf8b070bbaa4141b45ee09a4e8154a13e9f2e0,0.12,1.7763568394002505e-15,0.8055715526303762,0.013145830127808174,0.0297029702970297,0.009478672985781991,0.46153846153846156,4,8428,13,8415,422,0.076,17,7,4,4,
B_donor__RandomForest_unweighted__M5__imp271708__seed456,B,RandomForest_unweighted,M5,456,271708,S_frozen,788dc99461f5e4568075f6b995cf8b070bbaa4141b45ee09a4e8154a13e9f2e0,0.12,1.7763568394002505e-15,0.7025975142992302,0.001497128658577311,0.0,0.0,0.16666666666666666,0,7757,6,7751,388,0.07,22,3,0,0,
B_donor__RandomForest_unweighted__M5__imp271708__seed456,B,RandomForest_unweighted,M5,456,271708,J_frozen,788dc99461f5e4568075f6b995cf8b070bbaa4141b45ee09a4e8154a13e9f2e0,0.12,1.7763568394002505e-15,0.6340472197135854,0.0004829407268431659,0.0,0.0,0.0,0,7753,2,7751,388,0.07,22,3,0,0,
B_donor__RandomForest_unweighted__M5__imp271708__seed789,B,RandomForest_unweighted,M5,789,271708,full_test,27113a9945bba91d472cd9afae6d972111964545dde1289c48849e0ae3588865,0.088,0.0,0.7323618538324421,0.012437584654838917,0.0226628895184136,0.011848341232227487,0.3,5,8435,20,8415,422,0.076,18,11,5,5,
B_donor__RandomForest_unweighted__M5__imp271708__seed789,B,RandomForest_unweighted,M5,789,271708,D_frozen,27113a9945bba91d472cd9afae6d972111964545dde1289c48849e0ae3588865,0.088,0.0,0.632433579492403,0.0015631009360680165,0.0,0.002369668246445498,0.14285714285714285,1,8422,7,8415,422,0.076,18,15,1,1,
B_donor__RandomForest_unweighted__M5__imp271708__seed789,B,RandomForest_unweighted,M5,789,271708,O_frozen,27113a9945bba91d472cd9afae6d972111964545dde1289c48849e0ae3588865,0.088,0.0,0.7861693861693863,0.015084480706771678,0.023121387283236993,0.009478672985781991,0.38461538461538464,4,8428,13,8415,422,0.076,18,12,4,4,
B_donor__RandomForest_unweighted__M5__imp271708__seed789,B,RandomForest_unweighted,M5,789,271708,S_frozen,27113a9945bba91d472cd9afae6d972111964545dde1289c48849e0ae3588865,0.088,0.0,0.5445318883584913,0.0011566348960423062,0.0,0.0,0.0,0,7757,6,7751,388,0.07,17,4,0,0,
B_donor__RandomForest_unweighted__M5__imp271708__seed789,B,RandomForest_unweighted,M5,789,271708,J_frozen,27113a9945bba91d472cd9afae6d972111964545dde1289c48849e0ae3588865,0.088,0.0,0.35169655528318927,0.00025537262264634965,0.0,0.0,0.0,0,7753,2,7751,388,0.07,17,4,0,0,
B_donor__RandomForest_unweighted__M5__imp271708__seed1024,B,RandomForest_unweighted,M5,1024,271708,full_test,11caae1746bef45bde2c7b2a48ffe61a8faa824f9d8c52e89c40d0638dd7e765,0.076,0.0,0.7820974450386214,0.013767331153550652,0.01834862385321101,0.009478672985781991,0.35,4,8435,20,8415,422,0.074,13,6,4,4,
B_donor__RandomForest_unweighted__M5__imp271708__seed1024,B,RandomForest_unweighted,M5,1024,271708,D_frozen,11caae1746bef45bde2c7b2a48ffe61a8faa824f9d8c52e89c40d0638dd7e765,0.076,0.0,0.7100246159069687,0.0015464633969333717,0.0,0.0,0.14285714285714285,0,8422,7,8415,422,0.074,13,10,0,0,
B_donor__RandomForest_unweighted__M5__imp271708__seed1024,B,RandomForest_unweighted,M5,1024,271708,O_frozen,11caae1746bef45bde2c7b2a48ffe61a8faa824f9d8c52e89c40d0638dd7e765,0.076,0.0,0.8209058914941267,0.017252517070210804,0.018648018648018648,0.009478672985781991,0.46153846153846156,4,8428,13,8415,422,0.074,13,6,4,4,
B_donor__RandomForest_unweighted__M5__imp271708__seed1024,B,RandomForest_unweighted,M5,1024,271708,S_frozen,11caae1746bef45bde2c7b2a48ffe61a8faa824f9d8c52e89c40d0638dd7e765,0.076,0.0,0.67163376768589,0.0014085941807052927,0.0,0.0,0.16666666666666666,0,7757,6,7751,388,0.07,19,12,0,0,
B_donor__RandomForest_unweighted__M5__imp271708__seed1024,B,RandomForest_unweighted,M5,1024,271708,J_frozen,11caae1746bef45bde2c7b2a48ffe61a8faa824f9d8c52e89c40d0638dd7e765,0.076,0.0,0.6349503289898077,0.000486010750860811,0.0,0.0,0.0,0,7753,2,7751,388,0.07,19,12,0,0,
B_donor__RandomForest_unweighted__M11__imp271708__seed42,B,RandomForest_unweighted,M11,42,271708,full_test,ad9481fd98ccfcca2c5042ac4970855328fd6ddbac2b2b0f8b83641c082320c8,0.228,0.0,0.8582857991681522,0.013536584522523092,0.0,0.014218009478672985,0.65,6,8435,20,8415,422,0.076,21,15,6,6,
B_donor__RandomForest_unweighted__M11__imp271708__seed42,B,RandomForest_unweighted,M11,42,271708,D_frozen,ad9481fd98ccfcca2c5042ac4970855328fd6ddbac2b2b0f8b83641c082320c8,0.228,0.0,0.6948306595365419,0.0015491390295688373,0.0,0.0,0.14285714285714285,0,8422,7,8415,422,0.076,21,21,0,0,
B_donor__RandomForest_unweighted__M11__imp271708__seed42,B,RandomForest_unweighted,M11,42,271708,O_frozen,ad9481fd98ccfcca2c5042ac4970855328fd6ddbac2b2b0f8b83641c082320c8,0.228,0.0,0.9463001051236346,0.015952450983150228,0.0,0.014218009478672985,0.9230769230769231,6,8428,13,8415,422,0.076,21,15,6,6,
B_donor__RandomForest_unweighted__M11__imp271708__seed42,B,RandomForest_unweighted,M11,42,271708,S_frozen,ad9481fd98ccfcca2c5042ac4970855328fd6ddbac2b2b0f8b83641c082320c8,0.228,0.0,0.8283877349159248,0.004126734323728882,0.0,0.002577319587628866,0.6666666666666666,1,7757,6,7751,388,0.068,21,4,1,1,
B_donor__RandomForest_unweighted__M11__imp271708__seed42,B,RandomForest_unweighted,M11,42,271708,J_frozen,ad9481fd98ccfcca2c5042ac4970855328fd6ddbac2b2b0f8b83641c082320c8,0.228,0.0,0.5995032898980777,0.00045061650673891866,0.0,0.0,0.0,0,7753,2,7751,388,0.068,21,5,0,0,
B_donor__RandomForest_unweighted__M11__imp271708__seed123,B,RandomForest_unweighted,M11,123,271708,full_test,70e6de66efbf9bd48e95a2b8ea55c32f73b81cffe4d14106221d99e40d4f93f6,0.116,0.0,0.8384521687462865,0.012289535493238139,0.017543859649122806,0.014218009478672985,0.5,6,8435,20,8415,422,0.076,26,17,6,7,
B_donor__RandomForest_unweighted__M11__imp271708__seed123,B,RandomForest_unweighted,M11,123,271708,D_frozen,70e6de66efbf9bd48e95a2b8ea55c32f73b81cffe4d14106221d99e40d4f93f6,0.116,0.0,0.6662167897462015,0.001408362171204458,0.0,0.0,0.14285714285714285,0,8422,7,8415,422,0.076,25,23,0,0,
B_donor__RandomForest_unweighted__M11__imp271708__seed123,B,RandomForest_unweighted,M11,123,271708,O_frozen,70e6de66efbf9bd48e95a2b8ea55c32f73b81cffe4d14106221d99e40d4f93f6,0.116,0.0,0.9311942959001782,0.014697034906592242,0.01809954751131222,0.014218009478672985,0.6923076923076923,6,8428,13,8415,422,0.076,26,17,6,7,
B_donor__RandomForest_unweighted__M11__imp271708__seed123,B,RandomForest_unweighted,M11,123,271708,S_frozen,70e6de66efbf9bd48e95a2b8ea55c32f73b81cffe4d14106221d99e40d4f93f6,0.116,0.0,0.8187760719047005,0.003151810866613097,0.0,0.002577319587628866,0.5,1,7757,6,7751,388,0.07,12,6,1,1,
B_donor__RandomForest_unweighted__M11__imp271708__seed123,B,RandomForest_unweighted,M11,123,271708,J_frozen,70e6de66efbf9bd48e95a2b8ea55c32f73b81cffe4d14106221d99e40d4f93f6,0.116,0.0,0.618533092504193,0.0005002114596549562,0.0,0.0,0.0,0,7753,2,7751,388,0.07,12,7,0,0,
B_donor__RandomForest_unweighted__M11__imp271708__seed456,B,RandomForest_unweighted,M11,456,271708,full_test,837e2512528f801bffbd86f98413cccbd150f221230dc7b9280801dd5c20be11,0.188,0.0,0.834093879976233,0.012183142841634513,0.02666666666666667,0.014218009478672985,0.5,6,8435,20,8415,422,0.076,14,10,6,6,
B_donor__RandomForest_unweighted__M11__imp271708__seed456,B,RandomForest_unweighted,M11,456,271708,D_frozen,837e2512528f801bffbd86f98413cccbd150f221230dc7b9280801dd5c20be11,0.188,0.0,0.652160258042611,0.00130366829931875,0.0,0.0,0.14285714285714285,0,8422,7,8415,422,0.074,17,2,0,0,
B_donor__RandomForest_unweighted__M11__imp271708__seed456,B,RandomForest_unweighted,M11,456,271708,O_frozen,837e2512528f801bffbd86f98413cccbd150f221230dc7b9280801dd5c20be11,0.188,0.0,0.9320581379404909,0.014868613639887557,0.029411764705882353,0.014218009478672985,0.6923076923076923,6,8428,13,8415,422,0.076,14,10,6,6,
B_donor__RandomForest_unweighted__M11__imp271708__seed456,B,RandomForest_unweighted,M11,456,271708,S_frozen,837e2512528f801bffbd86f98413cccbd150f221230dc7b9280801dd5c20be11,0.188,0.0,0.8307100159119254,0.003200130779055616,0.0,0.002577319587628866,0.3333333333333333,1,7757,6,7751,388,0.07,22,10,1,1,
B_donor__RandomForest_unweighted__M11__imp271708__seed456,B,RandomForest_unweighted,M11,456,271708,J_frozen,837e2512528f801bffbd86f98413cccbd150f221230dc7b9280801dd5c20be11,0.188,0.0,0.6893949167849309,0.000610186414748726,0.0,0.0,0.0,0,7753,2,7751,388,0.07,22,11,0,0,
B_donor__RandomForest_unweighted__M11__imp271708__seed789,B,RandomForest_unweighted,M11,789,271708,full_test,6aff8afb8a33415e9ac95c89918d81bf8725a7e3d64efa441961feb81b631dc0,0.256,0.0,0.8581283422459893,0.0142461362801335,0.0,0.014218009478672985,0.6,6,8435,20,8415,422,0.078,15,6,6,6,
B_donor__RandomForest_unweighted__M11__imp271708__seed789,B,RandomForest_unweighted,M11,789,271708,D_frozen,6aff8afb8a33415e9ac95c89918d81bf8725a7e3d64efa441961feb81b631dc0,0.256,0.0,0.7070707070707071,0.0014968919325965948,0.0,0.0,0.14285714285714285,0,8422,7,8415,422,0.078,15,12,0,0,
B_donor__RandomForest_unweighted__M11__imp271708__seed789,B,RandomForest_unweighted,M11,789,271708,O_frozen,6aff8afb8a33415e9ac95c89918d81bf8725a7e3d64efa441961feb81b631dc0,0.256,0.0,0.9394670688788336,0.01747140316274082,0.0,0.014218009478672985,0.8461538461538461,6,8428,13,8415,422,0.078,15,6,6,6,
B_donor__RandomForest_unweighted__M11__imp271708__seed789,B,RandomForest_unweighted,M11,789,271708,S_frozen,6aff8afb8a33415e9ac95c89918d81bf8725a7e3d64efa441961feb81b631dc0,0.256,0.0,0.8661355524018406,0.0034890406362550843,0.0,0.0,0.5,0,7757,6,7751,388,0.07,16,4,0,1,
B_donor__RandomForest_unweighted__M11__imp271708__seed789,B,RandomForest_unweighted,M11,789,271708,J_frozen,6aff8afb8a33415e9ac95c89918d81bf8725a7e3d64efa441961feb81b631dc0,0.256,0.0,0.756321764933557,0.0007417284316428729,0.0,0.0,0.0,0,7753,2,7751,388,0.07,15,4,0,0,
B_donor__RandomForest_unweighted__M11__imp271708__seed1024,B,RandomForest_unweighted,M11,1024,271708,full_test,9c03079f2e44e34d038fd12d5485809a371139fc7d346e92c5e6191368feb4f7,0.146,0.0,0.8527094474153297,0.01323689848034873,0.014598540145985401,0.016587677725118485,0.55,7,8435,20,8415,422,0.076,17,15,7,7,
B_donor__RandomForest_unweighted__M11__imp271708__seed1024,B,RandomForest_unweighted,M11,1024,271708,D_frozen,9c03079f2e44e34d038fd12d5485809a371139fc7d346e92c5e6191368feb4f7,0.146,0.0,0.7010270774976657,0.0015436665501587993,0.0,0.0,0.14285714285714285,0,8422,7,8415,422,0.074,22,5,0,0,
B_donor__RandomForest_unweighted__M11__imp271708__seed1024,B,RandomForest_unweighted,M11,1024,271708,O_frozen,9c03079f2e44e34d038fd12d5485809a371139fc7d346e92c5e6191368feb4f7,0.146,0.0,0.9343845696786873,0.016334349968788242,0.015384615384615385,0.016587677725118485,0.7692307692307693,7,8428,13,8415,422,0.076,17,15,7,7,
B_donor__RandomForest_unweighted__M11__imp271708__seed1024,B,RandomForest_unweighted,M11,1024,271708,S_frozen,9c03079f2e44e34d038fd12d5485809a371139fc7d346e92c5e6191368feb4f7,0.146,0.0,0.8386982324861308,0.003170485520273162,0.0,0.002577319587628866,0.3333333333333333,1,7757,6,7751,388,0.07,17,10,1,1,
B_donor__RandomForest_unweighted__M11__imp271708__seed1024,B,RandomForest_unweighted,M11,1024,271708,J_frozen,9c03079f2e44e34d038fd12d5485809a371139fc7d346e92c5e6191368feb4f7,0.146,0.0,0.6925557992517095,0.0005751969077000211,0.0,0.0,0.0,0,7753,2,7751,388,0.07,17,11,0,0,
B_donor__MLP__M5__imp271709__seed42,B,MLP,M5,42,271709,full_test,202b829ba72456d3b07bb3137d19f2152cc715171631a816212032d447fa3d93,0.8155568242073059,1.7763568394002505e-15,0.791146761734997,0.007593777116157575,0.0,0.011848341232227487,0.3,5,8435,20,8415,422,0.7033708095550537,1,1,5,5,
B_donor__MLP__M5__imp271709__seed42,B,MLP,M5,42,271709,D_frozen,202b829ba72456d3b07bb3137d19f2152cc715171631a816212032d447fa3d93,0.8155568242073059,1.7763568394002505e-15,0.6969357439945676,0.001626584847354959,0.0,0.0,0.0,0,8422,7,8415,422,0.7020645141601562,1,1,0,0,
B_donor__MLP__M5__imp271709__seed42,B,MLP,M5,42,271709,O_frozen,202b829ba72456d3b07bb3137d19f2152cc715171631a816212032d447fa3d93,0.8155568242073059,1.7763568394002505e-15,0.841875771287536,0.007558286556079767,0.0,0.011848341232227487,0.46153846153846156,5,8428,13,8415,422,0.7033708095550537,1,1,5,5,
B_donor__MLP__M5__imp271709__seed42,B,MLP,M5,42,271709,S_frozen,202b829ba72456d3b07bb3137d19f2152cc715171631a816212032d447fa3d93,0.8155568242073059,1.7763568394002505e-15,0.692125747215413,0.0026283026848607574,0.0,0.005154639175257732,0.3333333333333333,2,7757,6,7751,388,0.6959388256072998,1,1,2,2,
B_donor__MLP__M5__imp271709__seed42,B,MLP,M5,42,271709,J_frozen,202b829ba72456d3b07bb3137d19f2152cc715171631a816212032d447fa3d93,0.8155568242073059,1.7763568394002505e-15,0.5214810992130048,0.000394023621342572,0.0,0.0,0.0,0,7753,2,7751,388,0.694610595703125,1,1,0,0,
B_donor__MLP__M5__imp271709__seed123,B,MLP,M5,123,271709,full_test,54462c2d3d4de298c609d6c583b15a034894d580b6f48f581caad679de6e071a,0.6556443572044373,3.552713678800501e-15,0.7370469399881163,0.005962125178587651,0.00851063829787234,0.004739336492890996,0.25,2,8435,20,8415,422,0.6987901329994202,1,1,2,2,
B_donor__MLP__M5__imp271709__seed123,B,MLP,M5,123,271709,D_frozen,54462c2d3d4de298c609d6c583b15a034894d580b6f48f581caad679de6e071a,0.6556443572044373,3.552713678800501e-15,0.6294711824123589,0.0012385716314004993,0.0,0.0,0.0,0,8422,7,8415,422,0.6985417008399963,1,1,0,0,
B_donor__MLP__M5__imp271709__seed123,B,MLP,M5,123,271709,O_frozen,54462c2d3d4de298c609d6c583b15a034894d580b6f48f581caad679de6e071a,0.6556443572044373,3.552713678800501e-15,0.7949723479135244,0.0059773411096863014,0.008595988538681949,0.004739336492890996,0.38461538461538464,2,8428,13,8415,422,0.6987901329994202,1,1,2,2,
B_donor__MLP__M5__imp271709__seed123,B,MLP,M5,123,271709,S_frozen,54462c2d3d4de298c609d6c583b15a034894d580b6f48f581caad679de6e071a,0.6556443572044373,3.552713678800501e-15,0.6072979830559497,0.0013396865203708194,0.0,0.0,0.16666666666666666,0,7757,6,7751,388,0.6903656125068665,1,1,0,0,
B_donor__MLP__M5__imp271709__seed123,B,MLP,M5,123,271709,J_frozen,54462c2d3d4de298c609d6c583b15a034894d580b6f48f581caad679de6e071a,0.6556443572044373,3.552713678800501e-15,0.4768416978454393,0.0003617664958638745,0.0,0.0,0.0,0,7753,2,7751,388,0.6903656125068665,1,1,0,0,
B_donor__MLP__M5__imp271709__seed456,B,MLP,M5,456,271709,full_test,e2ec07a7071198331efd406bda542fdf94572af78ea871e9dbd01ce6564a5f1c,0.6876142621040344,0.0,0.741984551396316,0.007030891621725979,0.012084592145015106,0.0071090047393364926,0.3,3,8435,20,8415,422,0.6640863418579102,1,1,3,3,
B_donor__MLP__M5__imp271709__seed456,B,MLP,M5,456,271709,D_frozen,e2ec07a7071198331efd406bda542fdf94572af78ea871e9dbd01ce6564a5f1c,0.6876142621040344,0.0,0.595654019183431,0.0012318473754457677,0.0,0.0,0.0,0,8422,7,8415,422,0.6637794971466064,1,1,0,0,
B_donor__MLP__M5__imp271709__seed456,B,MLP,M5,456,271709,O_frozen,e2ec07a7071198331efd406bda542fdf94572af78ea871e9dbd01ce6564a5f1c,0.6876142621040344,0.0,0.820777914895562,0.007456883471191866,0.012345679012345678,0.0071090047393364926,0.46153846153846156,3,8428,13,8415,422,0.6640863418579102,1,1,3,3,
B_donor__MLP__M5__imp271709__seed456,B,MLP,M5,456,271709,S_frozen,e2ec07a7071198331efd406bda542fdf94572af78ea871e9dbd01ce6564a5f1c,0.6876142621040344,0.0,0.6037285511546897,0.0016175537602410388,0.0,0.002577319587628866,0.16666666666666666,1,7757,6,7751,388,0.6544274687767029,1,1,1,1,
B_donor__MLP__M5__imp271709__seed456,B,MLP,M5,456,271709,J_frozen,e2ec07a7071198331efd406bda542fdf94572af78ea871e9dbd01ce6564a5f1c,0.6876142621040344,0.0,0.4045929557476455,0.000321526036609056,0.0,0.0,0.0,0,7753,2,7751,388,0.6544122099876404,1,1,0,0,
B_donor__MLP__M5__imp271709__seed789,B,MLP,M5,789,271709,full_test,ca42f34f5f521b1f6373d73bf48f212a27f26e2a009f0e32d56ff430abef490f,0.6803777813911438,0.0,0.7482352941176471,0.005866930665686332,0.012618296529968454,0.002369668246445498,0.3,1,8435,20,8415,422,0.7160759568214417,1,1,1,1,
B_donor__MLP__M5__imp271709__seed789,B,MLP,M5,789,271709,D_frozen,ca42f34f5f521b1f6373d73bf48f212a27f26e2a009f0e32d56ff430abef490f,0.6803777813911438,0.0,0.6370426958662253,0.0013716583084788616,0.003236245954692557,0.0,0.14285714285714285,0,8422,7,8415,422,0.7159220576286316,1,1,0,0,
B_donor__MLP__M5__imp271709__seed789,B,MLP,M5,789,271709,O_frozen,ca42f34f5f521b1f6373d73bf48f212a27f26e2a009f0e32d56ff430abef490f,0.6803777813911438,0.0,0.8081082316376434,0.005408221290482148,0.009584664536741214,0.002369668246445498,0.38461538461538464,1,8428,13,8415,422,0.7160759568214417,1,1,1,1,
B_donor__MLP__M5__imp271709__seed789,B,MLP,M5,789,271709,S_frozen,ca42f34f5f521b1f6373d73bf48f212a27f26e2a009f0e32d56ff430abef490f,0.6803777813911438,0.0,0.6109964305680988,0.0013474128132472671,0.0,0.0,0.16666666666666666,0,7757,6,7751,388,0.7073709964752197,1,1,0,0,
B_donor__MLP__M5__imp271709__seed789,B,MLP,M5,789,271709,J_frozen,ca42f34f5f521b1f6373d73bf48f212a27f26e2a009f0e32d56ff430abef490f,0.6803777813911438,0.0,0.38169268481486257,0.0003044582111350295,0.0,0.0,0.0,0,7753,2,7751,388,0.7073709964752197,1,1,0,0,
B_donor__MLP__M5__imp271709__seed1024,B,MLP,M5,1024,271709,full_test,1d8d8ffdbd46a2d3d5f148e9d5c9722cccdf459d8e5199d78dc81e0b8af3000c,0.6818830966949463,1.7763568394002505e-15,0.7715686274509804,0.007756677976527597,0.015267175572519083,0.0071090047393364926,0.35,3,8435,20,8415,422,0.6989719271659851,1,1,3,3,
B_donor__MLP__M5__imp271709__seed1024,B,MLP,M5,1024,271709,D_frozen,1d8d8ffdbd46a2d3d5f148e9d5c9722cccdf459d8e5199d78dc81e0b8af3000c,0.6818830966949463,1.7763568394002505e-15,0.6444783974195739,0.0012792225914478132,0.0,0.0,0.0,0,8422,7,8415,422,0.6985750198364258,1,1,0,0,
B_donor__MLP__M5__imp271709__seed1024,B,MLP,M5,1024,271709,O_frozen,1d8d8ffdbd46a2d3d5f148e9d5c9722cccdf459d8e5199d78dc81e0b8af3000c,0.6818830966949463,1.7763568394002505e-15,0.8400018282371223,0.008523136473629815,0.015473887814313346,0.0071090047393364926,0.5384615384615384,3,8428,13,8415,422,0.6989719271659851,1,1,3,3,
B_donor__MLP__M5__imp271709__seed1024,B,MLP,M5,1024,271709,S_frozen,1d8d8ffdbd46a2d3d5f148e9d5c9722cccdf459d8e5199d78dc81e0b8af3000c,0.6818830966949463,1.7763568394002505e-15,0.657334537479035,0.0019112835582999485,0.0,0.0,0.3333333333333333,0,7757,6,7751,388,0.6920729279518127,1,1,0,0,
B_donor__MLP__M5__imp271709__seed1024,B,MLP,M5,1024,271709,J_frozen,1d8d8ffdbd46a2d3d5f148e9d5c9722cccdf459d8e5199d78dc81e0b8af3000c,0.6818830966949463,1.7763568394002505e-15,0.49806476583666626,0.00038202538202538206,0.0,0.0,0.0,0,7753,2,7751,388,0.6920729279518127,1,1,0,0,
B_donor__MLP__M11__imp271709__seed42,B,MLP,M11,42,271709,full_test,9bcc4a5d3383221fa96dea4153a0aca68d6376e6d1d16a0d044ac809388fccad,0.768944263458252,3.552713678800501e-15,0.827243018419489,0.011615946159122101,0.0196078431372549,0.016587677725118485,0.4,7,8435,20,8415,422,0.7062430381774902,1,1,7,7,
B_donor__MLP__M11__imp271709__seed42,B,MLP,M11,42,271709,D_frozen,9bcc4a5d3383221fa96dea4153a0aca68d6376e6d1d16a0d044ac809388fccad,0.768944263458252,3.552713678800501e-15,0.6604532722179781,0.0014111717678813671,0.0,0.0,0.0,0,8422,7,8415,422,0.7050548195838928,1,1,0,0,
B_donor__MLP__M11__imp271709__seed42,B,MLP,M11,42,271709,O_frozen,9bcc4a5d3383221fa96dea4153a0aca68d6376e6d1d16a0d044ac809388fccad,0.768944263458252,3.552713678800501e-15,0.9170528817587641,0.013843622366540432,0.02030456852791878,0.016587677725118485,0.6153846153846154,7,8428,13,8415,422,0.7062430381774902,1,1,7,7,
B_donor__MLP__M11__imp271709__seed42,B,MLP,M11,42,271709,S_frozen,9bcc4a5d3383221fa96dea4153a0aca68d6376e6d1d16a0d044ac809388fccad,0.768944263458252,3.552713678800501e-15,0.7839848621683223,0.004438886795804602,0.0,0.005154639175257732,0.3333333333333333,2,7757,6,7751,388,0.6900058388710022,1,1,2,2,
B_donor__MLP__M11__imp271709__seed42,B,MLP,M11,42,271709,J_frozen,9bcc4a5d3383221fa96dea4153a0aca68d6376e6d1d16a0d044ac809388fccad,0.768944263458252,3.552713678800501e-15,0.5106437878983356,0.0003921821003724861,0.0,0.0,0.0,0,7753,2,7751,388,0.6888119578361511,1,1,0,0,
B_donor__MLP__M11__imp271709__seed123,B,MLP,M11,123,271709,full_test,dbda81758cc143456e0405992b3f0562eb04b4e94ddea0f009d18a0a8839d094,0.6950118541717529,0.0,0.8010101010101011,0.010277805136267894,0.0182370820668693,0.011848341232227487,0.4,5,8435,20,8415,422,0.6698697805404663,1,1,5,5,
B_donor__MLP__M11__imp271709__seed123,B,MLP,M11,123,271709,D_frozen,dbda81758cc143456e0405992b3f0562eb04b4e94ddea0f009d18a0a8839d094,0.6950118541717529,0.0,0.6255835667600373,0.001241909256395722,0.0,0.0,0.0,0,8422,7,8415,422,0.6685714721679688,1,1,0,0,
B_donor__MLP__M11__imp271709__seed123,B,MLP,M11,123,271709,O_frozen,dbda81758cc143456e0405992b3f0562eb04b4e94ddea0f009d18a0a8839d094,0.6950118541717529,0.0,0.8954705425293661,0.012389820222670635,0.018633540372670808,0.011848341232227487,0.6153846153846154,5,8428,13,8415,422,0.6698697805404663,1,1,5,5,
B_donor__MLP__M11__imp271709__seed123,B,MLP,M11,123,271709,S_frozen,dbda81758cc143456e0405992b3f0562eb04b4e94ddea0f009d18a0a8839d094,0.6950118541717529,0.0,0.7764589515331355,0.0034707423761979874,0.008,0.005154639175257732,0.5,2,7757,6,7751,388,0.6578200459480286,1,1,2,2,
B_donor__MLP__M11__imp271709__seed123,B,MLP,M11,123,271709,J_frozen,dbda81758cc143456e0405992b3f0562eb04b4e94ddea0f009d18a0a8839d094,0.6950118541717529,0.0,0.5904399432331312,0.00046127825329301425,0.0,0.0,0.0,0,7753,2,7751,388,0.6574703454971313,1,1,0,0,
B_donor__MLP__M11__imp271709__seed456,B,MLP,M11,456,271709,full_test,6bc8936e54e114395735b079207352a1515cca61f07e08b6b564735826dac73b,0.8774994015693665,3.552713678800501e-15,0.8251633986928104,0.010027970055425424,0.0,0.014218009478672985,0.45,6,8435,20,8415,422,0.73675537109375,1,1,6,6,
B_donor__MLP__M11__imp271709__seed456,B,MLP,M11,456,271709,D_frozen,6bc8936e54e114395735b079207352a1515cca61f07e08b6b564735826dac73b,0.8774994015693665,3.552713678800501e-15,0.6535438417791359,0.0013583056744409913,0.0,0.0,0.14285714285714285,0,8422,7,8415,422,0.7350092530250549,1,1,0,0,
B_donor__MLP__M11__imp271709__seed456,B,MLP,M11,456,271709,O_frozen,6bc8936e54e114395735b079207352a1515cca61f07e08b6b564735826dac73b,0.8774994015693665,3.552713678800501e-15,0.9175739293386352,0.011467654554927369,0.0,0.014218009478672985,0.6153846153846154,6,8428,13,8415,422,0.73675537109375,1,1,6,6,
B_donor__MLP__M11__imp271709__seed456,B,MLP,M11,456,271709,S_frozen,6bc8936e54e114395735b079207352a1515cca61f07e08b6b564735826dac73b,0.8774994015693665,3.552713678800501e-15,0.8066916096847719,0.004152010258079523,0.0,0.005154639175257732,0.3333333333333333,2,7757,6,7751,388,0.7182765007019043,1,1,2,2,
B_donor__MLP__M11__imp271709__seed456,B,MLP,M11,456,271709,J_frozen,6bc8936e54e114395735b079207352a1515cca61f07e08b6b564735826dac73b,0.8774994015693665,3.552713678800501e-15,0.5672171332731261,0.0004466957301535156,0.0,0.0,0.0,0,7753,2,7751,388,0.7180302739143372,1,1,0,0,
B_donor__MLP__M11__imp271709__seed789,B,MLP,M11,789,271709,full_test,e6453809324f1a40ffd502492e02eabf58d0299c84e1a3c77d40cb5f4766e2ab,0.6902663707733154,0.0,0.8293048128342246,0.011713176095215038,0.0335195530726257,0.011848341232227487,0.45,5,8435,20,8415,422,0.6396229267120361,1,1,5,5,
B_donor__MLP__M11__imp271709__seed789,B,MLP,M11,789,271709,D_frozen,e6453809324f1a40ffd502492e02eabf58d0299c84e1a3c77d40cb5f4766e2ab,0.6902663707733154,0.0,0.6506238859180036,0.0013003425851541097,0.0,0.0,0.0,0,8422,7,8415,422,0.6390979290008545,1,1,0,0,
B_donor__MLP__M11__imp271709__seed789,B,MLP,M11,789,271709,O_frozen,e6453809324f1a40ffd502492e02eabf58d0299c84e1a3c77d40cb5f4766e2ab,0.6902663707733154,0.0,0.9255176196352666,0.01439057266815479,0.03488372093023256,0.011848341232227487,0.6923076923076923,5,8428,13,8415,422,0.6396229267120361,1,1,5,5,
B_donor__MLP__M11__imp271709__seed789,B,MLP,M11,789,271709,S_frozen,e6453809324f1a40ffd502492e02eabf58d0299c84e1a3c77d40cb5f4766e2ab,0.6902663707733154,0.0,0.8231841052767385,0.004894679748466289,0.015151515151515152,0.002577319587628866,0.6666666666666666,1,7757,6,7751,388,0.6337936520576477,1,1,1,1,
B_donor__MLP__M11__imp271709__seed789,B,MLP,M11,789,271709,J_frozen,e6453809324f1a40ffd502492e02eabf58d0299c84e1a3c77d40cb5f4766e2ab,0.6902663707733154,0.0,0.579989678751129,0.00045171683346651955,0.0,0.0,0.0,0,7753,2,7751,388,0.6337395906448364,1,1,0,0,
B_donor__MLP__M11__imp271709__seed1024,B,MLP,M11,1024,271709,full_test,3a9badd05c24b8291f7078cd1498fa78f60a3fd2c89c6f7fd1a4cc5b293d2097,0.823214054107666,3.552713678800501e-15,0.8426678550207961,0.011144931009034763,0.013793103448275862,0.014218009478672985,0.4,6,8435,20,8415,422,0.7224434018135071,1,1,6,6,
B_donor__MLP__M11__imp271709__seed1024,B,MLP,M11,1024,271709,D_frozen,3a9badd05c24b8291f7078cd1498fa78f60a3fd2c89c6f7fd1a4cc5b293d2097,0.823214054107666,3.552713678800501e-15,0.6877514642220525,0.0014688514586218468,0.0,0.0,0.0,0,8422,7,8415,422,0.7209253311157227,1,1,0,0,
B_donor__MLP__M11__imp271709__seed1024,B,MLP,M11,1024,271709,O_frozen,3a9badd05c24b8291f7078cd1498fa78f60a3fd2c89c6f7fd1a4cc5b293d2097,0.823214054107666,3.552713678800501e-15,0.9260843731431967,0.013066112552928976,0.014492753623188406,0.014218009478672985,0.6153846153846154,6,8428,13,8415,422,0.7224434018135071,1,1,6,6,
B_donor__MLP__M11__imp271709__seed1024,B,MLP,M11,1024,271709,S_frozen,3a9badd05c24b8291f7078cd1498fa78f60a3fd2c89c6f7fd1a4cc5b293d2097,0.823214054107666,3.552713678800501e-15,0.8157872102524405,0.00435438416741204,0.0,0.005154639175257732,0.3333333333333333,2,7757,6,7751,388,0.7075924277305603,1,1,2,2,
B_donor__MLP__M11__imp271709__seed1024,B,MLP,M11,1024,271709,J_frozen,3a9badd05c24b8291f7078cd1498fa78f60a3fd2c89c6f7fd1a4cc5b293d2097,0.823214054107666,3.552713678800501e-15,0.579989678751129,0.00044845785169673157,0.0,0.0,0.0,0,7753,2,7751,388,0.7073413133621216,1,1,0,0,
B_donor__RandomForest_unweighted__M5__imp271709__seed42,B,RandomForest_unweighted,M5,42,271709,full_test,ccaccd3209e2d0bb740d41d5bbc3150645a070eec60fe956a64050c0e9db022a,0.206,0.0,0.7714438502673797,0.012046238759364681,0.03508771929824561,0.009478672985781991,0.35,4,8435,20,8415,422,0.072,16,14,3,4,
B_donor__RandomForest_unweighted__M5__imp271709__seed42,B,RandomForest_unweighted,M5,42,271709,D_frozen,ccaccd3209e2d0bb740d41d5bbc3150645a070eec60fe956a64050c0e9db022a,0.206,0.0,0.6708513708513708,0.0015251249598386494,0.0,0.0,0.14285714285714285,0,8422,7,8415,422,0.07,19,2,0,0,
B_donor__RandomForest_unweighted__M5__imp271709__seed42,B,RandomForest_unweighted,M5,42,271709,O_frozen,ccaccd3209e2d0bb740d41d5bbc3150645a070eec60fe956a64050c0e9db022a,0.206,0.0,0.8256090314913845,0.014649588678243557,0.04,0.009478672985781991,0.46153846153846156,4,8428,13,8415,422,0.072,16,14,3,4,
B_donor__RandomForest_unweighted__M5__imp271709__seed42,B,RandomForest_unweighted,M5,42,271709,S_frozen,ccaccd3209e2d0bb740d41d5bbc3150645a070eec60fe956a64050c0e9db022a,0.206,0.0,0.6697630413280007,0.0017610488296980085,0.0,0.0,0.3333333333333333,0,7757,6,7751,388,0.066,14,14,0,0,
B_donor__RandomForest_unweighted__M5__imp271709__seed42,B,RandomForest_unweighted,M5,42,271709,J_frozen,ccaccd3209e2d0bb740d41d5bbc3150645a070eec60fe956a64050c0e9db022a,0.206,0.0,0.6154044639401368,0.0006222775357809583,0.0,0.0,0.0,0,7753,2,7751,388,0.066,14,14,0,0,
B_donor__RandomForest_unweighted__M5__imp271709__seed123,B,RandomForest_unweighted,M5,123,271709,full_test,f444689101838288f6140fe088e830c21aaca6ae8189dc4f1e8a63207a5e58d1,0.084,0.0,0.7732768865121806,0.011925329865527256,0.02857142857142857,0.011848341232227487,0.35,5,8435,20,8415,422,0.072,20,6,5,5,
B_donor__RandomForest_unweighted__M5__imp271709__seed123,B,RandomForest_unweighted,M5,123,271709,D_frozen,f444689101838288f6140fe088e830c21aaca6ae8189dc4f1e8a63207a5e58d1,0.084,0.0,0.672311348781937,0.0016219168922177603,0.006006006006006006,0.002369668246445498,0.14285714285714285,1,8422,7,8415,422,0.072,20,10,1,1,
B_donor__RandomForest_unweighted__M5__imp271709__seed123,B,RandomForest_unweighted,M5,123,271709,O_frozen,f444689101838288f6140fe088e830c21aaca6ae8189dc4f1e8a63207a5e58d1,0.084,0.0,0.8276429452900042,0.013949118613349349,0.023391812865497075,0.009478672985781991,0.46153846153846156,4,8428,13,8415,422,0.072,20,7,4,4,
B_donor__RandomForest_unweighted__M5__imp271709__seed123,B,RandomForest_unweighted,M5,123,271709,S_frozen,f444689101838288f6140fe088e830c21aaca6ae8189dc4f1e8a63207a5e58d1,0.084,0.0,0.6105878811336172,0.0014715408463484008,0.0,0.0,0.3333333333333333,0,7757,6,7751,388,0.066,19,10,0,0,
B_donor__RandomForest_unweighted__M5__imp271709__seed123,B,RandomForest_unweighted,M5,123,271709,J_frozen,f444689101838288f6140fe088e830c21aaca6ae8189dc4f1e8a63207a5e58d1,0.084,0.0,0.5184814862598375,0.00035301283837877617,0.0,0.0,0.0,0,7753,2,7751,388,0.066,19,10,0,0,
B_donor__RandomForest_unweighted__M5__imp271709__seed456,B,RandomForest_unweighted,M5,456,271709,full_test,5f04d237b2004923b4a21e5e6cc42b099fe830f01954b47f395a7d09407b62fb,0.076,0.0,0.787139037433155,0.011893482733069782,0.02403846153846154,0.011848341232227487,0.3,5,8435,20,8415,422,0.072,19,10,5,5,
B_donor__RandomForest_unweighted__M5__imp271709__seed456,B,RandomForest_unweighted,M5,456,271709,D_frozen,5f04d237b2004923b4a21e5e6cc42b099fe830f01954b47f395a7d09407b62fb,0.076,0.0,0.7356676003734828,0.001977889201923201,0.005012531328320802,0.002369668246445498,0.14285714285714285,1,8422,7,8415,422,0.072,19,14,1,1,
B_donor__RandomForest_unweighted__M5__imp271709__seed456,B,RandomForest_unweighted,M5,456,271709,O_frozen,5f04d237b2004923b4a21e5e6cc42b099fe830f01954b47f395a7d09407b62fb,0.076,0.0,0.8148544266191324,0.013261883969683988,0.0196078431372549,0.009478672985781991,0.38461538461538464,4,8428,13,8415,422,0.072,19,11,4,4,
B_donor__RandomForest_unweighted__M5__imp271709__seed456,B,RandomForest_unweighted,M5,456,271709,S_frozen,5f04d237b2004923b4a21e5e6cc42b099fe830f01954b47f395a7d09407b62fb,0.076,0.0,0.6720315658194642,0.0015211342211953415,0.0,0.0,0.0,0,7757,6,7751,388,0.068,19,17,0,0,
B_donor__RandomForest_unweighted__M5__imp271709__seed456,B,RandomForest_unweighted,M5,456,271709,J_frozen,5f04d237b2004923b4a21e5e6cc42b099fe830f01954b47f395a7d09407b62fb,0.076,0.0,0.6368855631531415,0.00048615718041412665,0.0,0.0,0.0,0,7753,2,7751,388,0.068,19,17,0,0,
B_donor__RandomForest_unweighted__M5__imp271709__seed789,B,RandomForest_unweighted,M5,789,271709,full_test,92ba909486245c4d81efb2bbae8a30d3c24e7ab1766bf45f1de308af886bfdbe,0.19,0.0,0.7634313725490196,0.011769521091148923,0.03076923076923077,0.011848341232227487,0.35,5,8435,20,8415,422,0.072,18,2,5,5,
B_donor__RandomForest_unweighted__M5__imp271709__seed789,B,RandomForest_unweighted,M5,789,271709,D_frozen,92ba909486245c4d81efb2bbae8a30d3c24e7ab1766bf45f1de308af886bfdbe,0.19,0.0,0.6237161531279178,0.001468026285054643,0.0,0.002369668246445498,0.14285714285714285,1,8422,7,8415,422,0.072,18,6,1,1,
B_donor__RandomForest_unweighted__M5__imp271709__seed789,B,RandomForest_unweighted,M5,789,271709,O_frozen,92ba909486245c4d81efb2bbae8a30d3c24e7ab1766bf45f1de308af886bfdbe,0.19,0.0,0.8386626445449975,0.014090579425161804,0.034482758620689655,0.009478672985781991,0.46153846153846156,4,8428,13,8415,422,0.072,18,3,4,4,
B_donor__RandomForest_unweighted__M5__imp271709__seed789,B,RandomForest_unweighted,M5,789,271709,S_frozen,92ba909486245c4d81efb2bbae8a30d3c24e7ab1766bf45f1de308af886bfdbe,0.19,0.0,0.6739345460800756,0.0016169554543267067,0.0,0.0,0.3333333333333333,0,7757,6,7751,388,0.066,17,12,0,0,
B_donor__RandomForest_unweighted__M5__imp271709__seed789,B,RandomForest_unweighted,M5,789,271709,J_frozen,92ba909486245c4d81efb2bbae8a30d3c24e7ab1766bf45f1de308af886bfdbe,0.19,0.0,0.5799574248484067,0.0004113196704084877,0.0,0.0,0.0,0,7753,2,7751,388,0.066,17,12,0,0,
B_donor__RandomForest_unweighted__M5__imp271709__seed1024,B,RandomForest_unweighted,M5,1024,271709,full_test,f01bfb1b63028be11d649ec895e90613f2c15c3f799bea6ca8fe19464c668967,0.118,3.552713678800501e-15,0.7630243612596554,0.011593591236844128,0.021739130434782608,0.011848341232227487,0.25,5,8435,20,8415,422,0.072,21,20,5,5,
B_donor__RandomForest_unweighted__M5__imp271709__seed1024,B,RandomForest_unweighted,M5,1024,271709,D_frozen,f01bfb1b63028be11d649ec895e90613f2c15c3f799bea6ca8fe19464c668967,0.118,3.552713678800501e-15,0.6420507596978186,0.0016254180615046358,0.0,0.002369668246445498,0.14285714285714285,1,8422,7,8415,422,0.07,20,3,1,1,
B_donor__RandomForest_unweighted__M5__imp271709__seed1024,B,RandomForest_unweighted,M5,1024,271709,O_frozen,f01bfb1b63028be11d649ec895e90613f2c15c3f799bea6ca8fe19464c668967,0.118,3.552713678800501e-15,0.8281639928698752,0.01356124543199818,0.022598870056497175,0.009478672985781991,0.3076923076923077,4,8428,13,8415,422,0.072,21,21,4,4,
B_donor__RandomForest_unweighted__M5__imp271709__seed1024,B,RandomForest_unweighted,M5,1024,271709,S_frozen,f01bfb1b63028be11d649ec895e90613f2c15c3f799bea6ca8fe19464c668967,0.118,3.552713678800501e-15,0.678245817743947,0.0014516262959742587,0.0,0.0,0.0,0,7757,6,7751,388,0.066,19,3,0,0,
B_donor__RandomForest_unweighted__M5__imp271709__seed1024,B,RandomForest_unweighted,M5,1024,271709,J_frozen,f01bfb1b63028be11d649ec895e90613f2c15c3f799bea6ca8fe19464c668967,0.118,3.552713678800501e-15,0.5810540575409625,0.0004292646048223304,0.0,0.0,0.0,0,7753,2,7751,388,0.066,19,3,0,0,
B_donor__RandomForest_unweighted__M11__imp271709__seed42,B,RandomForest_unweighted,M11,42,271709,full_test,29d6771c1194c6cdd693519670beed6b0226512541f6508106f0ba4af55a025d,0.23,0.0,0.8556951871657754,0.01234701056284688,0.04,0.016587677725118485,0.5,7,8435,20,8415,422,0.074,9,9,7,7,
B_donor__RandomForest_unweighted__M11__imp271709__seed42,B,RandomForest_unweighted,M11,42,271709,D_frozen,29d6771c1194c6cdd693519670beed6b0226512541f6508106f0ba4af55a025d,0.23,0.0,0.7269926152279094,0.001903878586797695,0.0,0.0,0.14285714285714285,0,8422,7,8415,422,0.072,14,7,0,0,
B_donor__RandomForest_unweighted__M11__imp271709__seed42,B,RandomForest_unweighted,M11,42,271709,O_frozen,29d6771c1194c6cdd693519670beed6b0226512541f6508106f0ba4af55a025d,0.23,0.0,0.9249965720553955,0.014266155902389084,0.046511627906976744,0.016587677725118485,0.6923076923076923,7,8428,13,8415,422,0.074,9,9,7,7,
B_donor__RandomForest_unweighted__M11__imp271709__seed42,B,RandomForest_unweighted,M11,42,271709,S_frozen,29d6771c1194c6cdd693519670beed6b0226512541f6508106f0ba4af55a025d,0.23,0.0,0.8503741452715778,0.0031788303665480216,0.0,0.002577319587628866,0.3333333333333333,1,7757,6,7751,388,0.068,21,13,1,1,
B_donor__RandomForest_unweighted__M11__imp271709__seed42,B,RandomForest_unweighted,M11,42,271709,J_frozen,29d6771c1194c6cdd693519670beed6b0226512541f6508106f0ba4af55a025d,0.23,0.0,0.7263901432073281,0.000650350060665146,0.0,0.0,0.0,0,7753,2,7751,388,0.068,21,14,0,0,
B_donor__RandomForest_unweighted__M11__imp271709__seed123,B,RandomForest_unweighted,M11,123,271709,full_test,b4a9a1c6fc693c4b2af651b8a530a23866567b2d03fc28788300b79a04de5ce4,0.208,3.552713678800501e-15,0.8392632204396909,0.012734978442683103,0.03225806451612903,0.014218009478672985,0.5,6,8435,20,8415,422,0.076,16,1,6,6,
B_donor__RandomForest_unweighted__M11__imp271709__seed123,B,RandomForest_unweighted,M11,123,271709,D_frozen,b4a9a1c6fc693c4b2af651b8a530a23866567b2d03fc28788300b79a04de5ce4,0.208,3.552713678800501e-15,0.6638570579747051,0.0013272933617681836,0.0,0.0,0.14285714285714285,0,8422,7,8415,422,0.076,16,7,0,0,
B_donor__RandomForest_unweighted__M11__imp271709__seed123,B,RandomForest_unweighted,M11,123,271709,O_frozen,b4a9a1c6fc693c4b2af651b8a530a23866567b2d03fc28788300b79a04de5ce4,0.208,3.552713678800501e-15,0.9337126925362219,0.01570893462689613,0.03636363636363636,0.014218009478672985,0.6923076923076923,6,8428,13,8415,422,0.076,16,1,6,6,
B_donor__RandomForest_unweighted__M11__imp271709__seed123,B,RandomForest_unweighted,M11,123,271709,S_frozen,b4a9a1c6fc693c4b2af651b8a530a23866567b2d03fc28788300b79a04de5ce4,0.208,3.552713678800501e-15,0.8447082096933729,0.003555846682322414,0.0,0.002577319587628866,0.6666666666666666,1,7757,6,7751,388,0.07,10,8,1,1,
B_donor__RandomForest_unweighted__M11__imp271709__seed123,B,RandomForest_unweighted,M11,123,271709,J_frozen,b4a9a1c6fc693c4b2af651b8a530a23866567b2d03fc28788300b79a04de5ce4,0.208,3.552713678800501e-15,0.680686363049929,0.0007552870090634441,0.0,0.0,0.0,0,7753,2,7751,388,0.07,10,9,0,0,
B_donor__RandomForest_unweighted__M11__imp271709__seed456,B,RandomForest_unweighted,M11,456,271709,full_test,ede27aa18e4d749d6b90266a00df2b73056f57bba5d238f2bcc29628c35d0e8a,0.188,0.0,0.8595751633986928,0.014670542930819166,0.027777777777777776,0.016587677725118485,0.5,7,8435,20,8415,422,0.074,16,3,7,7,
B_donor__RandomForest_unweighted__M11__imp271709__seed456,B,RandomForest_unweighted,M11,456,271709,D_frozen,ede27aa18e4d749d6b90266a00df2b73056f57bba5d238f2bcc29628c35d0e8a,0.188,0.0,0.7333587980646804,0.001708135084093058,0.0,0.0,0.14285714285714285,0,8422,7,8415,422,0.074,16,10,0,0,
B_donor__RandomForest_unweighted__M11__imp271709__seed456,B,RandomForest_unweighted,M11,456,271709,O_frozen,ede27aa18e4d749d6b90266a00df2b73056f57bba5d238f2bcc29628c35d0e8a,0.188,0.0,0.9275378216554687,0.017712474900689137,0.03076923076923077,0.016587677725118485,0.6923076923076923,7,8428,13,8415,422,0.074,16,3,7,7,
B_donor__RandomForest_unweighted__M11__imp271709__seed456,B,RandomForest_unweighted,M11,456,271709,S_frozen,ede27aa18e4d749d6b90266a00df2b73056f57bba5d238f2bcc29628c35d0e8a,0.188,0.0,0.7911344772717499,0.0027845672529419685,0.0,0.002577319587628866,0.5,1,7757,6,7751,388,0.068,21,8,1,1,
B_donor__RandomForest_unweighted__M11__imp271709__seed456,B,RandomForest_unweighted,M11,456,271709,J_frozen,ede27aa18e4d749d6b90266a00df2b73056f57bba5d238f2bcc29628c35d0e8a,0.188,0.0,0.5805379950974068,0.0004200923197633724,0.0,0.0,0.0,0,7753,2,7751,388,0.068,21,9,0,0,
B_donor__RandomForest_unweighted__M11__imp271709__seed789,B,RandomForest_unweighted,M11,789,271709,full_test,284de32d640c52df3d6aeba92bc44d56b435a7bb55a37fcff1e50ab6a07293c7,0.204,0.0,0.8736631016042782,0.01524932497392274,0.03333333333333333,0.014218009478672985,0.5,6,8435,20,8415,422,0.076,11,8,6,6,
B_donor__RandomForest_unweighted__M11__imp271709__seed789,B,RandomForest_unweighted,M11,789,271709,D_frozen,284de32d640c52df3d6aeba92bc44d56b435a7bb55a37fcff1e50ab6a07293c7,0.204,0.0,0.7602835073423309,0.0019063255756768542,0.0,0.0,0.14285714285714285,0,8422,7,8415,422,0.074,11,3,0,0,
B_donor__RandomForest_unweighted__M11__imp271709__seed789,B,RandomForest_unweighted,M11,789,271709,O_frozen,284de32d640c52df3d6aeba92bc44d56b435a7bb55a37fcff1e50ab6a07293c7,0.204,0.0,0.9347136523607112,0.018283407807840678,0.03773584905660377,0.014218009478672985,0.6923076923076923,6,8428,13,8415,422,0.076,11,8,6,6,
B_donor__RandomForest_unweighted__M11__imp271709__seed789,B,RandomForest_unweighted,M11,789,271709,S_frozen,284de32d640c52df3d6aeba92bc44d56b435a7bb55a37fcff1e50ab6a07293c7,0.204,0.0,0.8555885262116716,0.0036071110109900236,0.0,0.002577319587628866,0.5,1,7757,6,7751,388,0.068,15,2,1,1,
B_donor__RandomForest_unweighted__M11__imp271709__seed789,B,RandomForest_unweighted,M11,789,271709,J_frozen,284de32d640c52df3d6aeba92bc44d56b435a7bb55a37fcff1e50ab6a07293c7,0.204,0.0,0.7133595665075474,0.0006222400715998251,0.0,0.0,0.0,0,7753,2,7751,388,0.068,15,3,0,0,
B_donor__RandomForest_unweighted__M11__imp271709__seed1024,B,RandomForest_unweighted,M11,1024,271709,full_test,78b65eec67054fe31a453cd2d61a9c957365318caca1c203fe8cba5009f755e1,0.214,0.0,0.8587017231134878,0.014594611883295562,0.03571428571428571,0.014218009478672985,0.55,6,8435,20,8415,422,0.074,19,1,6,7,
B_donor__RandomForest_unweighted__M11__imp271709__seed1024,B,RandomForest_unweighted,M11,1024,271709,D_frozen,78b65eec67054fe31a453cd2d61a9c957365318caca1c203fe8cba5009f755e1,0.214,0.0,0.7063322298616416,0.0016258395614262686,0.0,0.0,0.14285714285714285,0,8422,7,8415,422,0.074,19,7,0,1,
B_donor__RandomForest_unweighted__M11__imp271709__seed1024,B,RandomForest_unweighted,M11,1024,271709,O_frozen,78b65eec67054fe31a453cd2d61a9c957365318caca1c203fe8cba5009f755e1,0.214,0.0,0.9407468348644819,0.017664814059880022,0.04081632653061224,0.014218009478672985,0.7692307692307693,6,8428,13,8415,422,0.074,18,1,6,6,
B_donor__RandomForest_unweighted__M11__imp271709__seed1024,B,RandomForest_unweighted,M11,1024,271709,S_frozen,78b65eec67054fe31a453cd2d61a9c957365318caca1c203fe8cba5009f755e1,0.214,0.0,0.8305810003010363,0.003551515857498894,0.0,0.002577319587628866,0.5,1,7757,6,7751,388,0.07,11,11,1,1,
B_donor__RandomForest_unweighted__M11__imp271709__seed1024,B,RandomForest_unweighted,M11,1024,271709,J_frozen,78b65eec67054fe31a453cd2d61a9c957365318caca1c203fe8cba5009f755e1,0.214,0.0,0.6415301251451425,0.00048571125584560723,0.0,0.0,0.0,0,7753,2,7751,388,0.068,13,1,0,0,
B0_dropFIN87__MLP__M5_no_FIN87__seed42,B0,MLP,M5_no_FIN87,42,,full_test,58a0d061ac3b0739437c780dffcde2a8d3d6a4e0083a84151a0c740d0ef627b4,0.60175621509552,0.0,0.5433036244800951,0.002604190551341795,0.0,0.0,0.1,0,8435,20,8415,422,0.5860017538070679,1,1,0,0,
B0_dropFIN87__MLP__M5_no_FIN87__seed42,B0,MLP,M5_no_FIN87,42,,D_frozen,58a0d061ac3b0739437c780dffcde2a8d3d6a4e0083a84151a0c740d0ef627b4,0.60175621509552,0.0,0.4382055852644088,0.000767046108976469,0.0,0.0,0.0,0,8422,7,8415,422,0.5860017538070679,1,1,0,0,
B0_dropFIN87__MLP__M5_no_FIN87__seed42,B0,MLP,M5_no_FIN87,42,,O_frozen,58a0d061ac3b0739437c780dffcde2a8d3d6a4e0083a84151a0c740d0ef627b4,0.60175621509552,0.0,0.5998948763654646,0.00211888685583495,0.0,0.0,0.15384615384615385,0,8428,13,8415,422,0.5860017538070679,1,1,0,0,
B0_dropFIN87__MLP__M5_no_FIN87__seed42,B0,MLP,M5_no_FIN87,42,,S_frozen,58a0d061ac3b0739437c780dffcde2a8d3d6a4e0083a84151a0c740d0ef627b4,0.60175621509552,0.0,0.5197286371650969,0.0010186080111712424,0.0,0.0,0.16666666666666666,0,7757,6,7751,388,0.5859078168869019,1,1,0,0,
B0_dropFIN87__MLP__M5_no_FIN87__seed42,B0,MLP,M5_no_FIN87,42,,J_frozen,58a0d061ac3b0739437c780dffcde2a8d3d6a4e0083a84151a0c740d0ef627b4,0.60175621509552,0.0,0.32041026964262675,0.0002411398813829018,0.0,0.0,0.0,0,7753,2,7751,388,0.5859078168869019,1,1,0,0,
B0_dropFIN87__MLP__M5_no_FIN87__seed123,B0,MLP,M5_no_FIN87,123,,full_test,8233dfb1a892dd33ccc1f22be4ce1a8ae16815fbb0efbcadd472c723349ebc44,0.5555928349494934,0.0,0.5769459298871064,0.0032495533608693783,0.007031642390758413,0.0,0.2,0,8435,20,8415,422,0.6143473982810974,1,1,0,0,
B0_dropFIN87__MLP__M5_no_FIN87__seed123,B0,MLP,M5_no_FIN87,123,,D_frozen,8233dfb1a892dd33ccc1f22be4ce1a8ae16815fbb0efbcadd472c723349ebc44,0.5555928349494934,0.0,0.5302690773279009,0.0012882155838154232,0.00303951367781155,0.0,0.14285714285714285,0,8422,7,8415,422,0.6143473982810974,1,1,0,0,
B0_dropFIN87__MLP__M5_no_FIN87__seed123,B0,MLP,M5_no_FIN87,123,,O_frozen,8233dfb1a892dd33ccc1f22be4ce1a8ae16815fbb0efbcadd472c723349ebc44,0.5555928349494934,0.0,0.6020796197266786,0.0022701266914229804,0.004038364462392731,0.0,0.23076923076923078,0,8428,13,8415,422,0.6143473982810974,1,1,0,0,
B0_dropFIN87__MLP__M5_no_FIN87__seed123,B0,MLP,M5_no_FIN87,123,,S_frozen,8233dfb1a892dd33ccc1f22be4ce1a8ae16815fbb0efbcadd472c723349ebc44,0.5555928349494934,0.0,0.49947318625553694,0.0009575512010939829,0.0010793308148947653,0.0,0.16666666666666666,0,7757,6,7751,388,0.6153241991996765,1,1,0,0,
B0_dropFIN87__MLP__M5_no_FIN87__seed123,B0,MLP,M5_no_FIN87,123,,J_frozen,8233dfb1a892dd33ccc1f22be4ce1a8ae16815fbb0efbcadd472c723349ebc44,0.5555928349494934,0.0,0.3220229647787382,0.0002416335052422967,0.0,0.0,0.0,0,7753,2,7751,388,0.6153241991996765,1,1,0,0,
B0_dropFIN87__MLP__M5_no_FIN87__seed456,B0,MLP,M5_no_FIN87,456,,full_test,0a2ff7e0e5a921f01391b8178edb88bf850ea7ab82a5a027d419f44dcf777c1b,0.6288096308708191,1.7763568394002505e-15,0.41857694592988703,0.004037617432427734,0.007874015748031496,0.004739336492890996,0.1,2,8435,20,8415,422,0.5852994322776794,3,2,2,2,
B0_dropFIN87__MLP__M5_no_FIN87__seed456,B0,MLP,M5_no_FIN87,456,,D_frozen,0a2ff7e0e5a921f01391b8178edb88bf850ea7ab82a5a027d419f44dcf777c1b,0.6288096308708191,1.7763568394002505e-15,0.38743739920210507,0.0007295419140868814,0.0,0.0,0.0,0,8422,7,8415,422,0.5852095484733582,1,1,0,0,
B0_dropFIN87__MLP__M5_no_FIN87__seed456,B0,MLP,M5_no_FIN87,456,,O_frozen,0a2ff7e0e5a921f01391b8178edb88bf850ea7ab82a5a027d419f44dcf777c1b,0.6288096308708191,1.7763568394002505e-15,0.4353443941679236,0.0046055939703552005,0.008097165991902834,0.004739336492890996,0.15384615384615385,2,8428,13,8415,422,0.5852994322776794,3,2,2,2,
B0_dropFIN87__MLP__M5_no_FIN87__seed456,B0,MLP,M5_no_FIN87,456,,S_frozen,0a2ff7e0e5a921f01391b8178edb88bf850ea7ab82a5a027d419f44dcf777c1b,0.6288096308708191,1.7763568394002505e-15,0.3438803595235023,0.000624424032468197,0.0,0.0,0.0,0,7757,6,7751,388,0.5850378274917603,1,1,0,0,
B0_dropFIN87__MLP__M5_no_FIN87__seed456,B0,MLP,M5_no_FIN87,456,,J_frozen,0a2ff7e0e5a921f01391b8178edb88bf850ea7ab82a5a027d419f44dcf777c1b,0.6288096308708191,1.7763568394002505e-15,0.5064507805444458,0.0003193691487239614,0.0,0.0,0.0,0,7753,2,7751,388,0.5850378274917603,1,1,0,0,
B0_dropFIN87__MLP__M5_no_FIN87__seed789,B0,MLP,M5_no_FIN87,789,,full_test,a659c1a4cbc24fe0795f4f011cf87b54442aa0c5bba7a2ba5f51cd5c9c9d355c,0.6851711869239807,0.0,0.5932857991681522,0.011168606741016392,0.027777777777777776,0.009478672985781991,0.2,4,8435,20,8415,422,0.5950560569763184,1,1,4,4,
B0_dropFIN87__MLP__M5_no_FIN87__seed789,B0,MLP,M5_no_FIN87,789,,D_frozen,a659c1a4cbc24fe0795f4f011cf87b54442aa0c5bba7a2ba5f51cd5c9c9d355c,0.6851711869239807,0.0,0.5941685765215177,0.0025623574720472528,0.0,0.002369668246445498,0.14285714285714285,1,8422,7,8415,422,0.5946264266967773,1,1,1,1,
B0_dropFIN87__MLP__M5_no_FIN87__seed789,B0,MLP,M5_no_FIN87,789,,O_frozen,a659c1a4cbc24fe0795f4f011cf87b54442aa0c5bba7a2ba5f51cd5c9c9d355c,0.6851711869239807,0.0,0.5928104575163399,0.012249856083959067,0.03076923076923077,0.0071090047393364926,0.23076923076923078,3,8428,13,8415,422,0.5950515270233154,1,1,3,3,
B0_dropFIN87__MLP__M5_no_FIN87__seed789,B0,MLP,M5_no_FIN87,789,,S_frozen,a659c1a4cbc24fe0795f4f011cf87b54442aa0c5bba7a2ba5f51cd5c9c9d355c,0.6851711869239807,0.0,0.49338794994194296,0.0013021542847167582,0.0,0.002577319587628866,0.16666666666666666,1,7757,6,7751,388,0.5961592197418213,1,1,1,1,
B0_dropFIN87__MLP__M5_no_FIN87__seed789,B0,MLP,M5_no_FIN87,789,,J_frozen,a659c1a4cbc24fe0795f4f011cf87b54442aa0c5bba7a2ba5f51cd5c9c9d355c,0.6851711869239807,0.0,0.3170558637595149,0.00024366019844516724,0.0,0.0,0.0,0,7753,2,7751,388,0.5961329936981201,1,1,0,0,
B0_dropFIN87__MLP__M5_no_FIN87__seed1024,B0,MLP,M5_no_FIN87,1024,,full_test,61c7807996738891e3ff2ca817e1657c132fbffabd000dac2c0c74dbf1c612ef,0.49870067834854126,1.7763568394002505e-15,0.4997445038621509,0.00314830627508026,0.005782435851102277,0.004739336492890996,0.15,2,8435,20,8415,422,0.5731326341629028,51,20,2,2,
B0_dropFIN87__MLP__M5_no_FIN87__seed1024,B0,MLP,M5_no_FIN87,1024,,D_frozen,61c7807996738891e3ff2ca817e1657c132fbffabd000dac2c0c74dbf1c612ef,0.49870067834854126,1.7763568394002505e-15,0.4371190900602665,0.0008149223047087229,0.001455604075691412,0.0,0.0,0,8422,7,8415,422,0.5731326341629028,51,22,0,0,
B0_dropFIN87__MLP__M5_no_FIN87__seed1024,B0,MLP,M5_no_FIN87,1024,,O_frozen,61c7807996738891e3ff2ca817e1657c132fbffabd000dac2c0c74dbf1c612ef,0.49870067834854126,1.7763568394002505e-15,0.533465880524704,0.0028915769121691925,0.00435097897026831,0.004739336492890996,0.23076923076923078,2,8428,13,8415,422,0.5731326341629028,51,20,2,2,
B0_dropFIN87__MLP__M5_no_FIN87__seed1024,B0,MLP,M5_no_FIN87,1024,,S_frozen,61c7807996738891e3ff2ca817e1657c132fbffabd000dac2c0c74dbf1c612ef,0.49870067834854126,1.7763568394002505e-15,0.5261794177095429,0.0021316346380428723,0.0015810276679841897,0.002577319587628866,0.3333333333333333,1,7757,6,7751,388,0.5731326341629028,43,22,1,1,
B0_dropFIN87__MLP__M5_no_FIN87__seed1024,B0,MLP,M5_no_FIN87,1024,,J_frozen,61c7807996738891e3ff2ca817e1657c132fbffabd000dac2c0c74dbf1c612ef,0.49870067834854126,1.7763568394002505e-15,0.4281383047348729,0.00028439564661338675,0.0,0.0,0.0,0,7753,2,7751,388,0.5731326341629028,43,23,0,0,
B0_dropFIN87__MLP__M11_no_FIN87__seed42,B0,MLP,M11_no_FIN87,42,,full_test,d951fdba803195bc86357393f3f97f38e9618c159dd558cac5e8c8548d147222,0.7624282836914062,1.7763568394002505e-15,0.7748841354723708,0.06838875881145201,0.05555555555555555,0.011848341232227487,0.5,5,8435,20,8415,422,0.6131412982940674,1,1,5,5,
B0_dropFIN87__MLP__M11_no_FIN87__seed42,B0,MLP,M11_no_FIN87,42,,D_frozen,d951fdba803195bc86357393f3f97f38e9618c159dd558cac5e8c8548d147222,0.7624282836914062,1.7763568394002505e-15,0.5626687038451744,0.0010961127866354098,0.0,0.0,0.0,0,8422,7,8415,422,0.6125089526176453,1,1,0,0,
B0_dropFIN87__MLP__M11_no_FIN87__seed42,B0,MLP,M11_no_FIN87,42,,O_frozen,d951fdba803195bc86357393f3f97f38e9618c159dd558cac5e8c8548d147222,0.7624282836914062,1.7763568394002505e-15,0.8891539832716303,0.10220198465839585,0.06896551724137931,0.011848341232227487,0.7692307692307693,5,8428,13,8415,422,0.6131412982940674,1,1,5,5,
B0_dropFIN87__MLP__M11_no_FIN87__seed42,B0,MLP,M11_no_FIN87,42,,S_frozen,d951fdba803195bc86357393f3f97f38e9618c159dd558cac5e8c8548d147222,0.7624282836914062,1.7763568394002505e-15,0.8014664774437708,0.015763153039103243,0.0,0.007731958762886598,0.5,3,7757,6,7751,388,0.6033739447593689,1,1,3,3,
B0_dropFIN87__MLP__M11_no_FIN87__seed42,B0,MLP,M11_no_FIN87,42,,J_frozen,d951fdba803195bc86357393f3f97f38e9618c159dd558cac5e8c8548d147222,0.7624282836914062,1.7763568394002505e-15,0.6443039607792542,0.0005436263468013966,0.0,0.0,0.0,0,7753,2,7751,388,0.6031013131141663,1,1,0,0,
B0_dropFIN87__MLP__M11_no_FIN87__seed123,B0,MLP,M11_no_FIN87,123,,full_test,497d79aae9fb4c25945091f9c34e6fe5ffc337f3bc7e83654168456841346980,0.7218081951141357,1.7763568394002505e-15,0.7311289364230541,0.017412978142296004,0.04819277108433735,0.014218009478672985,0.5,6,8435,20,8415,422,0.6508995294570923,1,1,6,6,
B0_dropFIN87__MLP__M11_no_FIN87__seed123,B0,MLP,M11_no_FIN87,123,,D_frozen,497d79aae9fb4c25945091f9c34e6fe5ffc337f3bc7e83654168456841346980,0.7218081951141357,1.7763568394002505e-15,0.5450810627281215,0.0011822450106470342,0.0,0.0,0.14285714285714285,0,8422,7,8415,422,0.6498762965202332,1,1,0,0,
B0_dropFIN87__MLP__M11_no_FIN87__seed123,B0,MLP,M11_no_FIN87,123,,O_frozen,497d79aae9fb4c25945091f9c34e6fe5ffc337f3bc7e83654168456841346980,0.7218081951141357,1.7763568394002505e-15,0.8313085607203253,0.02312916113887426,0.050314465408805034,0.014218009478672985,0.6923076923076923,6,8428,13,8415,422,0.6508995294570923,1,1,6,6,
B0_dropFIN87__MLP__M11_no_FIN87__seed123,B0,MLP,M11_no_FIN87,123,,S_frozen,497d79aae9fb4c25945091f9c34e6fe5ffc337f3bc7e83654168456841346980,0.7218081951141357,1.7763568394002505e-15,0.741474218380424,0.014024105001793383,0.03278688524590164,0.007731958762886598,0.5,3,7757,6,7751,388,0.6374801993370056,1,1,3,3,
B0_dropFIN87__MLP__M11_no_FIN87__seed123,B0,MLP,M11_no_FIN87,123,,J_frozen,497d79aae9fb4c25945091f9c34e6fe5ffc337f3bc7e83654168456841346980,0.7218081951141357,1.7763568394002505e-15,0.57986066314024,0.0004487117011672465,0.0,0.0,0.0,0,7753,2,7751,388,0.6370896697044373,1,1,0,0,
B0_dropFIN87__MLP__M11_no_FIN87__seed456,B0,MLP,M11_no_FIN87,456,,full_test,d411865d057ec5d385edc2902fd47389da33bc5c756e7c40686031ad6b8c7ce6,0.728958785533905,0.0,0.7782679738562092,0.017276305069291537,0.047619047619047616,0.016587677725118485,0.5,7,8435,20,8415,422,0.6469761729240417,1,1,7,7,
B0_dropFIN87__MLP__M11_no_FIN87__seed456,B0,MLP,M11_no_FIN87,456,,D_frozen,d411865d057ec5d385edc2902fd47389da33bc5c756e7c40686031ad6b8c7ce6,0.728958785533905,0.0,0.5571258806552924,0.001254933780442137,0.0,0.0,0.0,0,8422,7,8415,422,0.6458256244659424,1,1,0,0,
B0_dropFIN87__MLP__M11_no_FIN87__seed456,B0,MLP,M11_no_FIN87,456,,O_frozen,d411865d057ec5d385edc2902fd47389da33bc5c756e7c40686031ad6b8c7ce6,0.728958785533905,0.0,0.8973444855797797,0.022824300029008624,0.05042016806722689,0.016587677725118485,0.7692307692307693,7,8428,13,8415,422,0.6469761729240417,1,1,7,7,
B0_dropFIN87__MLP__M11_no_FIN87__seed456,B0,MLP,M11_no_FIN87,456,,S_frozen,d411865d057ec5d385edc2902fd47389da33bc5c756e7c40686031ad6b8c7ce6,0.728958785533905,0.0,0.7586117920268352,0.012695793942237224,0.04597701149425287,0.007731958762886598,0.5,3,7757,6,7751,388,0.6369567513465881,1,1,3,3,
B0_dropFIN87__MLP__M11_no_FIN87__seed456,B0,MLP,M11_no_FIN87,456,,J_frozen,d411865d057ec5d385edc2902fd47389da33bc5c756e7c40686031ad6b8c7ce6,0.728958785533905,0.0,0.3853696297251967,0.0003101497858555803,0.0,0.0,0.0,0,7753,2,7751,388,0.6365148425102234,1,1,0,0,
B0_dropFIN87__MLP__M11_no_FIN87__seed789,B0,MLP,M11_no_FIN87,789,,full_test,91c3ed62e6dd375243c63855eb04ece599b4bf0d947843f8af21538e2122bd14,0.6138710379600525,0.0,0.6864289958407606,0.060101649880066346,0.06896551724137931,0.011848341232227487,0.45,5,8435,20,8415,422,0.5589571595191956,1,1,5,5,
B0_dropFIN87__MLP__M11_no_FIN87__seed789,B0,MLP,M11_no_FIN87,789,,D_frozen,91c3ed62e6dd375243c63855eb04ece599b4bf0d947843f8af21538e2122bd14,0.6138710379600525,0.0,0.5839911722264662,0.0012968270219959029,0.0,0.0,0.14285714285714285,0,8422,7,8415,422,0.5585107207298279,1,1,0,0,
B0_dropFIN87__MLP__M11_no_FIN87__seed789,B0,MLP,M11_no_FIN87,789,,O_frozen,91c3ed62e6dd375243c63855eb04ece599b4bf0d947843f8af21538e2122bd14,0.6138710379600525,0.0,0.7415878239407652,0.08903661760378832,0.0784313725490196,0.011848341232227487,0.6153846153846154,5,8428,13,8415,422,0.5589571595191956,1,1,5,5,
B0_dropFIN87__MLP__M11_no_FIN87__seed789,B0,MLP,M11_no_FIN87,789,,S_frozen,91c3ed62e6dd375243c63855eb04ece599b4bf0d947843f8af21538e2122bd14,0.6138710379600525,0.0,0.6938889605642282,0.003925981704075792,0.0,0.005154639175257732,0.5,2,7757,6,7751,388,0.5511186718940735,1,1,2,2,
B0_dropFIN87__MLP__M11_no_FIN87__seed789,B0,MLP,M11_no_FIN87,789,,J_frozen,91c3ed62e6dd375243c63855eb04ece599b4bf0d947843f8af21538e2122bd14,0.6138710379600525,0.0,0.6119855502515804,0.0006304257957833816,0.0,0.0,0.0,0,7753,2,7751,388,0.5509381294250488,1,1,0,0,
B0_dropFIN87__MLP__M11_no_FIN87__seed1024,B0,MLP,M11_no_FIN87,1024,,full_test,e3148955f7eba6801af82d1315d97c82ee6d04b0fc1d34be6ec42cd8a575af9f,0.611513078212738,1.7763568394002505e-15,0.724402852049911,0.013733779069875291,0.02040816326530612,0.011848341232227487,0.35,5,8435,20,8415,422,0.5672138333320618,1,1,5,5,
B0_dropFIN87__MLP__M11_no_FIN87__seed1024,B0,MLP,M11_no_FIN87,1024,,D_frozen,e3148955f7eba6801af82d1315d97c82ee6d04b0fc1d34be6ec42cd8a575af9f,0.611513078212738,1.7763568394002505e-15,0.5305491893727188,0.0009593060845660706,0.0,0.0,0.0,0,8422,7,8415,422,0.5665451884269714,1,1,0,0,
B0_dropFIN87__MLP__M11_no_FIN87__seed1024,B0,MLP,M11_no_FIN87,1024,,O_frozen,e3148955f7eba6801af82d1315d97c82ee6d04b0fc1d34be6ec42cd8a575af9f,0.611513078212738,1.7763568394002505e-15,0.8287855934914758,0.01859591278865273,0.02197802197802198,0.011848341232227487,0.5384615384615384,5,8428,13,8415,422,0.5672138333320618,1,1,5,5,
B0_dropFIN87__MLP__M11_no_FIN87__seed1024,B0,MLP,M11_no_FIN87,1024,,S_frozen,e3148955f7eba6801af82d1315d97c82ee6d04b0fc1d34be6ec42cd8a575af9f,0.611513078212738,1.7763568394002505e-15,0.7997892745022148,0.02288771099922607,0.02857142857142857,0.002577319587628866,0.16666666666666666,1,7757,6,7751,388,0.5629091858863831,1,1,1,1,
B0_dropFIN87__MLP__M11_no_FIN87__seed1024,B0,MLP,M11_no_FIN87,1024,,J_frozen,e3148955f7eba6801af82d1315d97c82ee6d04b0fc1d34be6ec42cd8a575af9f,0.611513078212738,1.7763568394002505e-15,0.5958585988904658,0.00046554775476539495,0.0,0.0,0.0,0,7753,2,7751,388,0.5628800988197327,1,1,0,0,
B0_dropFIN87__RandomForest_unweighted__M5_no_FIN87__seed42,B0,RandomForest_unweighted,M5_no_FIN87,42,,full_test,b64d1ab98017cf5d0b88ed5874ad7e25856ed393e7f47ea3bea30454aa2fe61d,0.014,1.7763568394002505e-15,0.5039275103980986,0.0034239036370870522,0.00642570281124498,0.0071090047393364926,0.2,3,8435,20,8415,422,0.03225,1,1,3,3,
B0_dropFIN87__RandomForest_unweighted__M5_no_FIN87__seed42,B0,RandomForest_unweighted,M5_no_FIN87,42,,D_frozen,b64d1ab98017cf5d0b88ed5874ad7e25856ed393e7f47ea3bea30454aa2fe61d,0.014,1.7763568394002505e-15,0.5360325948561242,0.0012538018011049178,0.0016273393002441008,0.002369668246445498,0.14285714285714285,1,8422,7,8415,422,0.032,28,2,1,1,
B0_dropFIN87__RandomForest_unweighted__M5_no_FIN87__seed42,B0,RandomForest_unweighted,M5_no_FIN87,42,,O_frozen,b64d1ab98017cf5d0b88ed5874ad7e25856ed393e7f47ea3bea30454aa2fe61d,0.014,1.7763568394002505e-15,0.48664015722839254,0.0026008867664466095,0.004850444624090542,0.004739336492890996,0.23076923076923078,2,8428,13,8415,422,0.032,28,1,2,2,
B0_dropFIN87__RandomForest_unweighted__M5_no_FIN87__seed42,B0,RandomForest_unweighted,M5_no_FIN87,42,,S_frozen,b64d1ab98017cf5d0b88ed5874ad7e25856ed393e7f47ea3bea30454aa2fe61d,0.014,1.7763568394002505e-15,0.5259213864877651,0.001087795205729972,0.0017969451931716084,0.0,0.16666666666666666,0,7757,6,7751,388,0.032,26,7,0,0,
B0_dropFIN87__RandomForest_unweighted__M5_no_FIN87__seed42,B0,RandomForest_unweighted,M5_no_FIN87,42,,J_frozen,b64d1ab98017cf5d0b88ed5874ad7e25856ed393e7f47ea3bea30454aa2fe61d,0.014,1.7763568394002505e-15,0.6997806734614889,0.0005440659261034596,0.0,0.0,0.0,0,7753,2,7751,388,0.032,26,7,0,0,
B0_dropFIN87__RandomForest_unweighted__M5_no_FIN87__seed123,B0,RandomForest_unweighted,M5_no_FIN87,123,,full_test,055f7c5e95da5667ec8cace2f8294157e2bc7c54d56a10631936c90599838772,0.0,0.0,0.46294711824123586,0.002904992035782194,0.004730928444707274,0.004739336492890996,0.15,2,8435,20,8415,422,0.03463093844409743,22,12,2,2,
B0_dropFIN87__RandomForest_unweighted__M5_no_FIN87__seed123,B0,RandomForest_unweighted,M5_no_FIN87,123,,D_frozen,055f7c5e95da5667ec8cace2f8294157e2bc7c54d56a10631936c90599838772,0.0,0.0,0.5372124607418725,0.0013508029358096029,0.0016609324949578834,0.002369668246445498,0.14285714285714285,1,8422,7,8415,422,0.03463093844409743,22,13,1,1,
B0_dropFIN87__RandomForest_unweighted__M5_no_FIN87__seed123,B0,RandomForest_unweighted,M5_no_FIN87,123,,O_frozen,055f7c5e95da5667ec8cace2f8294157e2bc7c54d56a10631936c90599838772,0.0,0.0,0.42295808766397003,0.00193054459304053,0.0030802037673261463,0.002369668246445498,0.15384615384615385,1,8428,13,8415,422,0.03463093844409743,22,13,1,1,
B0_dropFIN87__RandomForest_unweighted__M5_no_FIN87__seed123,B0,RandomForest_unweighted,M5_no_FIN87,123,,S_frozen,055f7c5e95da5667ec8cace2f8294157e2bc7c54d56a10631936c90599838772,0.0,0.0,0.5100632176493356,0.0008827965519535017,0.0015457941517454592,0.0,0.0,0,7757,6,7751,388,0.03463093844409743,16,15,0,0,
B0_dropFIN87__RandomForest_unweighted__M5_no_FIN87__seed123,B0,RandomForest_unweighted,M5_no_FIN87,123,,J_frozen,055f7c5e95da5667ec8cace2f8294157e2bc7c54d56a10631936c90599838772,0.0,0.0,0.6981034705199329,0.0005332017786908511,0.0005157962604771116,0.0,0.0,0,7753,2,7751,388,0.03463093844409743,16,15,0,0,
B0_dropFIN87__RandomForest_unweighted__M5_no_FIN87__seed456,B0,RandomForest_unweighted,M5_no_FIN87,456,,full_test,c337767da8a0e698cd12f2d451c61f0a02c74d306a86cf2f31a308d4a9fa96e2,0.0,0.0,0.4688562091503268,0.002928696235998448,0.004730928444707274,0.0071090047393364926,0.15,3,8435,20,8415,422,0.03348252528692281,22,18,3,3,
B0_dropFIN87__RandomForest_unweighted__M5_no_FIN87__seed456,B0,RandomForest_unweighted,M5_no_FIN87,456,,D_frozen,c337767da8a0e698cd12f2d451c61f0a02c74d306a86cf2f31a308d4a9fa96e2,0.0,0.0,0.538375350140056,0.0011986534847959682,0.0016609324949578834,0.002369668246445498,0.14285714285714285,1,8422,7,8415,422,0.03348252528692281,22,20,1,1,
B0_dropFIN87__RandomForest_unweighted__M5_no_FIN87__seed456,B0,RandomForest_unweighted,M5_no_FIN87,456,,O_frozen,c337767da8a0e698cd12f2d451c61f0a02c74d306a86cf2f31a308d4a9fa96e2,0.0,0.0,0.43142282554047257,0.002081661506938429,0.0030802037673261463,0.004739336492890996,0.15384615384615385,2,8428,13,8415,422,0.03348252528692281,22,19,2,2,
B0_dropFIN87__RandomForest_unweighted__M5_no_FIN87__seed456,B0,RandomForest_unweighted,M5_no_FIN87,456,,S_frozen,c337767da8a0e698cd12f2d451c61f0a02c74d306a86cf2f31a308d4a9fa96e2,0.0,0.0,0.5159549305465961,0.0009072406260370498,0.0015457941517454592,0.0,0.0,0,7757,6,7751,388,0.032901685312339495,1,1,0,0,
B0_dropFIN87__RandomForest_unweighted__M5_no_FIN87__seed456,B0,RandomForest_unweighted,M5_no_FIN87,456,,J_frozen,c337767da8a0e698cd12f2d451c61f0a02c74d306a86cf2f31a308d4a9fa96e2,0.0,0.0,0.7011353373758225,0.0005388450666812159,0.0005157962604771116,0.0,0.0,0,7753,2,7751,388,0.032901685312339495,1,1,0,0,
B0_dropFIN87__RandomForest_unweighted__M5_no_FIN87__seed789,B0,RandomForest_unweighted,M5_no_FIN87,789,,full_test,a7f6b4cb3d4fa48a6595c43afd2b644ce5d20200ddf0cbb2c3e2e9c1d6a25ca3,3.773584905660377e-05,0.0,0.4721509209744504,0.002706290290971383,0.004006163328197226,0.002369668246445498,0.15,1,8435,20,8415,422,0.034,20,13,1,1,
B0_dropFIN87__RandomForest_unweighted__M5_no_FIN87__seed789,B0,RandomForest_unweighted,M5_no_FIN87,789,,D_frozen,a7f6b4cb3d4fa48a6595c43afd2b644ce5d20200ddf0cbb2c3e2e9c1d6a25ca3,3.773584905660377e-05,0.0,0.5617095322977677,0.0011102257618401759,0.0018547140649149924,0.0,0.14285714285714285,0,8422,7,8415,422,0.034,20,14,0,0,
B0_dropFIN87__RandomForest_unweighted__M5_no_FIN87__seed789,B0,RandomForest_unweighted,M5_no_FIN87,789,,O_frozen,a7f6b4cb3d4fa48a6595c43afd2b644ce5d20200ddf0cbb2c3e2e9c1d6a25ca3,3.773584905660377e-05,0.0,0.423927053338818,0.00195968043405197,0.0021614945190674695,0.002369668246445498,0.15384615384615385,1,8428,13,8415,422,0.034,20,13,1,1,
B0_dropFIN87__RandomForest_unweighted__M5_no_FIN87__seed789,B0,RandomForest_unweighted,M5_no_FIN87,789,,S_frozen,a7f6b4cb3d4fa48a6595c43afd2b644ce5d20200ddf0cbb2c3e2e9c1d6a25ca3,3.773584905660377e-05,0.0,0.5167612781146519,0.0009503193981443285,0.0013477088948787063,0.0,0.0,0,7757,6,7751,388,0.034,20,14,0,0,
B0_dropFIN87__RandomForest_unweighted__M5_no_FIN87__seed789,B0,RandomForest_unweighted,M5_no_FIN87,789,,J_frozen,a7f6b4cb3d4fa48a6595c43afd2b644ce5d20200ddf0cbb2c3e2e9c1d6a25ca3,3.773584905660377e-05,0.0,0.694168494387821,0.0005299303742767333,0.0006745362563237774,0.0,0.0,0,7753,2,7751,388,0.034,20,14,0,0,
B0_dropFIN87__RandomForest_unweighted__M5_no_FIN87__seed1024,B0,RandomForest_unweighted,M5_no_FIN87,1024,,full_test,602c6c5d3dea82a3b9d72715f3ef8d7cf8c7f2c794dc767368d72163fe66ddb0,0.0003490361408563325,0.0,0.4607664884135472,0.002676397269763215,0.0036991368680641184,0.002369668246445498,0.15,1,8435,20,8415,422,0.0336621794063861,22,6,1,1,
B0_dropFIN87__RandomForest_unweighted__M5_no_FIN87__seed1024,B0,RandomForest_unweighted,M5_no_FIN87,1024,,D_frozen,602c6c5d3dea82a3b9d72715f3ef8d7cf8c7f2c794dc767368d72163fe66ddb0,0.0003490361408563325,0.0,0.5318394024276377,0.0010903057455954636,0.0015460729746444033,0.0,0.14285714285714285,0,8422,7,8415,422,0.0336621794063861,22,7,0,0,
B0_dropFIN87__RandomForest_unweighted__M5_no_FIN87__seed1024,B0,RandomForest_unweighted,M5_no_FIN87,1024,,O_frozen,602c6c5d3dea82a3b9d72715f3ef8d7cf8c7f2c794dc767368d72163fe66ddb0,0.0003490361408563325,0.0,0.42249645779057543,0.0018803387636656523,0.0021618282890673254,0.002369668246445498,0.15384615384615385,1,8428,13,8415,422,0.0336621794063861,22,6,1,1,
B0_dropFIN87__RandomForest_unweighted__M5_no_FIN87__seed1024,B0,RandomForest_unweighted,M5_no_FIN87,1024,,S_frozen,602c6c5d3dea82a3b9d72715f3ef8d7cf8c7f2c794dc767368d72163fe66ddb0,0.0003490361408563325,0.0,0.5126972863716508,0.0009082884915057718,0.0013470281192119885,0.0,0.0,0,7757,6,7751,388,0.0336621794063861,16,8,0,0,
B0_dropFIN87__RandomForest_unweighted__M5_no_FIN87__seed1024,B0,RandomForest_unweighted,M5_no_FIN87,1024,,J_frozen,602c6c5d3dea82a3b9d72715f3ef8d7cf8c7f2c794dc767368d72163fe66ddb0,0.0003490361408563325,0.0,0.6984260095471552,0.000538624262434472,0.0006741951795044666,0.0,0.0,0,7753,2,7751,388,0.0336621794063861,16,8,0,0,
B0_dropFIN87__RandomForest_unweighted__M11_no_FIN87__seed42,B0,RandomForest_unweighted,M11_no_FIN87,42,,full_test,0479f0ef8adfe4df216f9d3183f357fc0f98208180f4585395f0892388742444,0.188,1.7763568394002505e-15,0.7197860962566845,0.026353989362208466,0.06593406593406594,0.011848341232227487,0.3,5,8435,20,8415,422,0.06,19,3,5,5,
B0_dropFIN87__RandomForest_unweighted__M11_no_FIN87__seed42,B0,RandomForest_unweighted,M11_no_FIN87,42,,D_frozen,0479f0ef8adfe4df216f9d3183f357fc0f98208180f4585395f0892388742444,0.188,1.7763568394002505e-15,0.4794414735591206,0.0010027805124407253,0.0,0.0,0.14285714285714285,0,8422,7,8415,422,0.06,19,8,0,0,
B0_dropFIN87__RandomForest_unweighted__M11_no_FIN87__seed42,B0,RandomForest_unweighted,M11_no_FIN87,42,,O_frozen,0479f0ef8adfe4df216f9d3183f357fc0f98208180f4585395f0892388742444,0.188,1.7763568394002505e-15,0.8492024315553727,0.037556745271727504,0.07142857142857142,0.011848341232227487,0.38461538461538464,5,8428,13,8415,422,0.06,19,3,5,5,
B0_dropFIN87__RandomForest_unweighted__M11_no_FIN87__seed42,B0,RandomForest_unweighted,M11_no_FIN87,42,,S_frozen,0479f0ef8adfe4df216f9d3183f357fc0f98208180f4585395f0892388742444,0.188,1.7763568394002505e-15,0.7741689244398573,0.0073960328893697,0.03389830508474576,0.005154639175257732,0.3333333333333333,2,7757,6,7751,388,0.054,25,13,2,2,
B0_dropFIN87__RandomForest_unweighted__M11_no_FIN87__seed42,B0,RandomForest_unweighted,M11_no_FIN87,42,,J_frozen,0479f0ef8adfe4df216f9d3183f357fc0f98208180f4585395f0892388742444,0.188,1.7763568394002505e-15,0.5535092246161786,0.00038845595941380156,0.0,0.0,0.0,0,7753,2,7751,388,0.054,25,15,0,0,
B0_dropFIN87__RandomForest_unweighted__M11_no_FIN87__seed123,B0,RandomForest_unweighted,M11_no_FIN87,123,,full_test,3fdd50e119d8ce75cf8242ca028192d4b02098b5d603d18de17768cf87690fd9,0.27,1.7763568394002505e-15,0.7567557932263815,0.02040695870164211,0.06451612903225806,0.011848341232227487,0.35,5,8435,20,8415,422,0.06,14,2,5,5,
B0_dropFIN87__RandomForest_unweighted__M11_no_FIN87__seed123,B0,RandomForest_unweighted,M11_no_FIN87,123,,D_frozen,3fdd50e119d8ce75cf8242ca028192d4b02098b5d603d18de17768cf87690fd9,0.27,1.7763568394002505e-15,0.5325099736864443,0.001182025155835414,0.0,0.0,0.14285714285714285,0,8422,7,8415,422,0.06,14,7,0,0,
B0_dropFIN87__RandomForest_unweighted__M11_no_FIN87__seed123,B0,RandomForest_unweighted,M11_no_FIN87,123,,O_frozen,3fdd50e119d8ce75cf8242ca028192d4b02098b5d603d18de17768cf87690fd9,0.27,1.7763568394002505e-15,0.8775035422094246,0.02785312780419861,0.08333333333333333,0.011848341232227487,0.46153846153846156,5,8428,13,8415,422,0.06,14,2,5,5,
B0_dropFIN87__RandomForest_unweighted__M11_no_FIN87__seed123,B0,RandomForest_unweighted,M11_no_FIN87,123,,S_frozen,3fdd50e119d8ce75cf8242ca028192d4b02098b5d603d18de17768cf87690fd9,0.27,1.7763568394002505e-15,0.8132606545391993,0.008028150698886315,0.0,0.005154639175257732,0.3333333333333333,2,7757,6,7751,388,0.054,18,4,2,2,
B0_dropFIN87__RandomForest_unweighted__M11_no_FIN87__seed123,B0,RandomForest_unweighted,M11_no_FIN87,123,,J_frozen,3fdd50e119d8ce75cf8242ca028192d4b02098b5d603d18de17768cf87690fd9,0.27,1.7763568394002505e-15,0.5917946071474649,0.0004552513394777666,0.0,0.0,0.0,0,7753,2,7751,388,0.054,18,6,0,0,
B0_dropFIN87__RandomForest_unweighted__M11_no_FIN87__seed456,B0,RandomForest_unweighted,M11_no_FIN87,456,,full_test,d2aa34177daa93c7d5adc7489c74b87ca17b1848bdb4c68beb096261a52a5254,0.206,0.0,0.762106357694593,0.01542484372681249,0.05970149253731343,0.011848341232227487,0.35,5,8435,20,8415,422,0.06,26,10,5,5,
B0_dropFIN87__RandomForest_unweighted__M11_no_FIN87__seed456,B0,RandomForest_unweighted,M11_no_FIN87,456,,D_frozen,d2aa34177daa93c7d5adc7489c74b87ca17b1848bdb4c68beb096261a52a5254,0.206,0.0,0.5395552160258043,0.0010680821939085066,0.0,0.0,0.14285714285714285,0,8422,7,8415,422,0.06,26,15,0,0,
B0_dropFIN87__RandomForest_unweighted__M11_no_FIN87__seed456,B0,RandomForest_unweighted,M11_no_FIN87,456,,O_frozen,d2aa34177daa93c7d5adc7489c74b87ca17b1848bdb4c68beb096261a52a5254,0.206,0.0,0.8819415878239408,0.02049188109735512,0.06666666666666667,0.011848341232227487,0.46153846153846156,5,8428,13,8415,422,0.06,26,10,5,5,
B0_dropFIN87__RandomForest_unweighted__M11_no_FIN87__seed456,B0,RandomForest_unweighted,M11_no_FIN87,456,,S_frozen,d2aa34177daa93c7d5adc7489c74b87ca17b1848bdb4c68beb096261a52a5254,0.206,0.0,0.8449232357115211,0.007460648358853321,0.0,0.005154639175257732,0.5,2,7757,6,7751,388,0.054,13,7,2,2,
B0_dropFIN87__RandomForest_unweighted__M11_no_FIN87__seed456,B0,RandomForest_unweighted,M11_no_FIN87,456,,J_frozen,d2aa34177daa93c7d5adc7489c74b87ca17b1848bdb4c68beb096261a52a5254,0.206,0.0,0.6571732679654239,0.0005073682582491144,0.0,0.0,0.0,0,7753,2,7751,388,0.054,13,9,0,0,
B0_dropFIN87__RandomForest_unweighted__M11_no_FIN87__seed789,B0,RandomForest_unweighted,M11_no_FIN87,789,,full_test,0446fd29ca2be6705bf987d701d62becaaa3882ba7a9a35dc0446eea371f5be3,0.314,0.0,0.739795008912656,0.02113817063886831,0.0,0.011848341232227487,0.25,5,8435,20,8415,422,0.062,16,16,5,5,
B0_dropFIN87__RandomForest_unweighted__M11_no_FIN87__seed789,B0,RandomForest_unweighted,M11_no_FIN87,789,,D_frozen,0446fd29ca2be6705bf987d701d62becaaa3882ba7a9a35dc0446eea371f5be3,0.314,0.0,0.47372039724980897,0.0009330240204741954,0.0,0.0,0.0,0,8422,7,8415,422,0.06,13,5,0,0,
B0_dropFIN87__RandomForest_unweighted__M11_no_FIN87__seed789,B0,RandomForest_unweighted,M11_no_FIN87,789,,O_frozen,0446fd29ca2be6705bf987d701d62becaaa3882ba7a9a35dc0446eea371f5be3,0.314,0.0,0.8830659536541889,0.02967653894900367,0.0,0.011848341232227487,0.38461538461538464,5,8428,13,8415,422,0.062,16,16,5,5,
B0_dropFIN87__RandomForest_unweighted__M11_no_FIN87__seed789,B0,RandomForest_unweighted,M11_no_FIN87,789,,S_frozen,0446fd29ca2be6705bf987d701d62becaaa3882ba7a9a35dc0446eea371f5be3,0.314,0.0,0.7568700812798349,0.007009418975166542,0.0,0.005154639175257732,0.3333333333333333,2,7757,6,7751,388,0.054,16,4,2,2,
B0_dropFIN87__RandomForest_unweighted__M11_no_FIN87__seed789,B0,RandomForest_unweighted,M11_no_FIN87,789,,J_frozen,0446fd29ca2be6705bf987d701d62becaaa3882ba7a9a35dc0446eea371f5be3,0.314,0.0,0.42917042962198426,0.00031851985785149857,0.0,0.0,0.0,0,7753,2,7751,388,0.054,16,6,0,0,
B0_dropFIN87__RandomForest_unweighted__M11_no_FIN87__seed1024,B0,RandomForest_unweighted,M11_no_FIN87,1024,,full_test,3b7de83bc7fb74cf5ef862cde926ceac339900fae9d9aad42b681ae25873ee5b,0.186,3.552713678800501e-15,0.761042780748663,0.01657195435044262,0.046511627906976744,0.011848341232227487,0.4,5,8435,20,8415,422,0.064,24,21,5,5,
B0_dropFIN87__RandomForest_unweighted__M11_no_FIN87__seed1024,B0,RandomForest_unweighted,M11_no_FIN87,1024,,D_frozen,3b7de83bc7fb74cf5ef862cde926ceac339900fae9d9aad42b681ae25873ee5b,0.186,3.552713678800501e-15,0.4996180290297937,0.001166661830176379,0.0,0.0,0.14285714285714285,0,8422,7,8415,422,0.062,11,2,0,0,
B0_dropFIN87__RandomForest_unweighted__M11_no_FIN87__seed1024,B0,RandomForest_unweighted,M11_no_FIN87,1024,,O_frozen,3b7de83bc7fb74cf5ef862cde926ceac339900fae9d9aad42b681ae25873ee5b,0.186,3.552713678800501e-15,0.9018099547511312,0.02182769643884084,0.05063291139240506,0.011848341232227487,0.5384615384615384,5,8428,13,8415,422,0.064,24,21,5,5,
B0_dropFIN87__RandomForest_unweighted__M11_no_FIN87__seed1024,B0,RandomForest_unweighted,M11_no_FIN87,1024,,S_frozen,3b7de83bc7fb74cf5ef862cde926ceac339900fae9d9aad42b681ae25873ee5b,0.186,3.552713678800501e-15,0.7760396507977466,0.0069064879752824895,0.0,0.005154639175257732,0.3333333333333333,2,7757,6,7751,388,0.056,15,5,2,2,
B0_dropFIN87__RandomForest_unweighted__M11_no_FIN87__seed1024,B0,RandomForest_unweighted,M11_no_FIN87,1024,,J_frozen,3b7de83bc7fb74cf5ef862cde926ceac339900fae9d9aad42b681ae25873ee5b,0.186,3.552713678800501e-15,0.4886788801444975,0.0004460400339230887,0.0,0.0,0.0,0,7753,2,7751,388,0.056,15,7,0,0,
C_flags__RandomForest_unweighted__flags3__seed42,C,RandomForest_unweighted,flags3,42,,full_test,ec1aeb23b694ed1d927acebdea91157fb71a249c09790b8b50e051d53024b349,0.08109580984219628,0.0,0.8446702317290553,0.028368360972740862,0.08080808080808081,0.030805687203791468,0.6,13,8435,20,8415,422,0.01682288572064652,1405,144,12,16,
C_flags__RandomForest_unweighted__flags3__seed42,C,RandomForest_unweighted,flags3,42,,D_frozen,ec1aeb23b694ed1d927acebdea91157fb71a249c09790b8b50e051d53024b349,0.08109580984219628,0.0,0.7848484848484849,0.0058893233980066555,0.02181818181818182,0.009478672985781991,0.42857142857142855,4,8422,7,8415,422,0.01682288572064652,1403,153,3,5,
C_flags__RandomForest_unweighted__flags3__seed42,C,RandomForest_unweighted,flags3,42,,O_frozen,ec1aeb23b694ed1d927acebdea91157fb71a249c09790b8b50e051d53024b349,0.08109580984219628,0.0,0.876881941587824,0.023985864547225556,0.0627177700348432,0.02132701421800948,0.6923076923076923,9,8428,13,8415,422,0.01682288572064652,1403,147,9,11,
C_flags__RandomForest_unweighted__flags3__seed42,C,RandomForest_unweighted,flags3,42,,S_frozen,ec1aeb23b694ed1d927acebdea91157fb71a249c09790b8b50e051d53024b349,0.08109580984219628,0.0,0.7453446867070915,0.0022071493747331528,0.0,0.002577319587628866,0.0,1,7757,6,7751,388,0.01682288572064652,1368,388,0,4,
C_flags__RandomForest_unweighted__flags3__seed42,C,RandomForest_unweighted,flags3,42,,J_frozen,ec1aeb23b694ed1d927acebdea91157fb71a249c09790b8b50e051d53024b349,0.08109580984219628,0.0,0.9120113533737582,0.0014641288433382138,0.0,0.002577319587628866,0.0,1,7753,2,7751,388,0.01682288572064652,1366,388,0,2,
C_flags__RandomForest_unweighted__flags3__seed123,C,RandomForest_unweighted,flags3,123,,full_test,6d8b4b1dad546e9fead61cbcc2e67eaf76539c2b3c0d1bcb974446a081275774,0.08180641845226101,0.0,0.8446702317290553,0.028368360972740862,0.08080808080808081,0.030805687203791468,0.6,13,8435,20,8415,422,0.016877611988171195,1405,144,12,16,
C_flags__RandomForest_unweighted__flags3__seed123,C,RandomForest_unweighted,flags3,123,,D_frozen,6d8b4b1dad546e9fead61cbcc2e67eaf76539c2b3c0d1bcb974446a081275774,0.08180641845226101,0.0,0.7848484848484849,0.0058893233980066555,0.02181818181818182,0.009478672985781991,0.42857142857142855,4,8422,7,8415,422,0.016877611988171195,1403,153,3,5,
C_flags__RandomForest_unweighted__flags3__seed123,C,RandomForest_unweighted,flags3,123,,O_frozen,6d8b4b1dad546e9fead61cbcc2e67eaf76539c2b3c0d1bcb974446a081275774,0.08180641845226101,0.0,0.876881941587824,0.023985864547225556,0.0627177700348432,0.02132701421800948,0.6923076923076923,9,8428,13,8415,422,0.016877611988171195,1403,147,9,11,
C_flags__RandomForest_unweighted__flags3__seed123,C,RandomForest_unweighted,flags3,123,,S_frozen,6d8b4b1dad546e9fead61cbcc2e67eaf76539c2b3c0d1bcb974446a081275774,0.08180641845226101,0.0,0.7453446867070915,0.0022071493747331528,0.0,0.002577319587628866,0.0,1,7757,6,7751,388,0.016877611988171195,1368,388,0,4,
C_flags__RandomForest_unweighted__flags3__seed123,C,RandomForest_unweighted,flags3,123,,J_frozen,6d8b4b1dad546e9fead61cbcc2e67eaf76539c2b3c0d1bcb974446a081275774,0.08180641845226101,0.0,0.9120113533737582,0.0014641288433382138,0.0,0.002577319587628866,0.0,1,7753,2,7751,388,0.016877611988171195,1366,388,0,2,
C_flags__RandomForest_unweighted__flags3__seed456,C,RandomForest_unweighted,flags3,456,,full_test,169e0e1d48afa4b2fa30cade141592484109fa28ff93729a41bf0a6329c3891e,0.08115294237999894,0.0,0.8446702317290553,0.028368360972740862,0.08080808080808081,0.030805687203791468,0.6,13,8435,20,8415,422,0.01691138611444124,1405,144,12,16,
C_flags__RandomForest_unweighted__flags3__seed456,C,RandomForest_unweighted,flags3,456,,D_frozen,169e0e1d48afa4b2fa30cade141592484109fa28ff93729a41bf0a6329c3891e,0.08115294237999894,0.0,0.7848484848484849,0.0058893233980066555,0.02181818181818182,0.009478672985781991,0.42857142857142855,4,8422,7,8415,422,0.01691138611444124,1403,153,3,5,
C_flags__RandomForest_unweighted__flags3__seed456,C,RandomForest_unweighted,flags3,456,,O_frozen,169e0e1d48afa4b2fa30cade141592484109fa28ff93729a41bf0a6329c3891e,0.08115294237999894,0.0,0.876881941587824,0.023985864547225556,0.0627177700348432,0.02132701421800948,0.6923076923076923,9,8428,13,8415,422,0.01691138611444124,1403,147,9,11,
C_flags__RandomForest_unweighted__flags3__seed456,C,RandomForest_unweighted,flags3,456,,S_frozen,169e0e1d48afa4b2fa30cade141592484109fa28ff93729a41bf0a6329c3891e,0.08115294237999894,0.0,0.7453446867070915,0.0022071493747331528,0.0,0.002577319587628866,0.0,1,7757,6,7751,388,0.01691138611444124,1368,388,0,4,
C_flags__RandomForest_unweighted__flags3__seed456,C,RandomForest_unweighted,flags3,456,,J_frozen,169e0e1d48afa4b2fa30cade141592484109fa28ff93729a41bf0a6329c3891e,0.08115294237999894,0.0,0.9120113533737582,0.0014641288433382138,0.0,0.002577319587628866,0.0,1,7753,2,7751,388,0.01691138611444124,1366,388,0,2,
C_flags__RandomForest_unweighted__flags3__seed789,C,RandomForest_unweighted,flags3,789,,full_test,4f659c9e27102bba196568334c27387a687a3e5fdcb4e0124a087036ee5e9fee,0.08159047092204824,3.552713678800501e-15,0.844693998811646,0.028369491392840295,0.08080808080808081,0.030805687203791468,0.6,13,8435,20,8415,422,0.016988894195965693,1405,145,12,16,
C_flags__RandomForest_unweighted__flags3__seed789,C,RandomForest_unweighted,flags3,789,,D_frozen,4f659c9e27102bba196568334c27387a687a3e5fdcb4e0124a087036ee5e9fee,0.08159047092204824,3.552713678800501e-15,0.7848824378236143,0.005889834713834989,0.02181818181818182,0.009478672985781991,0.42857142857142855,4,8422,7,8415,422,0.016988894195965693,1403,154,3,5,
C_flags__RandomForest_unweighted__flags3__seed789,C,RandomForest_unweighted,flags3,789,,O_frozen,4f659c9e27102bba196568334c27387a687a3e5fdcb4e0124a087036ee5e9fee,0.08159047092204824,3.552713678800501e-15,0.8769002239590475,0.023986465934604368,0.0627177700348432,0.02132701421800948,0.6923076923076923,9,8428,13,8415,422,0.016988894195965693,1403,148,9,11,
C_flags__RandomForest_unweighted__flags3__seed789,C,RandomForest_unweighted,flags3,789,,S_frozen,4f659c9e27102bba196568334c27387a687a3e5fdcb4e0124a087036ee5e9fee,0.08159047092204824,3.552713678800501e-15,0.7453446867070915,0.0022071493747331528,0.0,0.002577319587628866,0.0,1,7757,6,7751,388,0.016988894195965693,1368,388,0,4,
C_flags__RandomForest_unweighted__flags3__seed789,C,RandomForest_unweighted,flags3,789,,J_frozen,4f659c9e27102bba196568334c27387a687a3e5fdcb4e0124a087036ee5e9fee,0.08159047092204824,3.552713678800501e-15,0.9120113533737582,0.0014641288433382138,0.0,0.002577319587628866,0.0,1,7753,2,7751,388,0.016988894195965693,1366,388,0,2,
C_flags__RandomForest_unweighted__flags3__seed1024,C,RandomForest_unweighted,flags3,1024,,full_test,ecbe33da32baf2ea34af81eec8b8b0dbb593460dcd308dc22be6e58ff3db7847,0.08157199960152205,0.0,0.8446702317290553,0.028368360972740862,0.08080808080808081,0.030805687203791468,0.6,13,8435,20,8415,422,0.016778055336776978,1405,144,12,16,
C_flags__RandomForest_unweighted__flags3__seed1024,C,RandomForest_unweighted,flags3,1024,,D_frozen,ecbe33da32baf2ea34af81eec8b8b0dbb593460dcd308dc22be6e58ff3db7847,0.08157199960152205,0.0,0.7848484848484849,0.0058893233980066555,0.02181818181818182,0.009478672985781991,0.42857142857142855,4,8422,7,8415,422,0.016778055336776978,1403,153,3,5,
C_flags__RandomForest_unweighted__flags3__seed1024,C,RandomForest_unweighted,flags3,1024,,O_frozen,ecbe33da32baf2ea34af81eec8b8b0dbb593460dcd308dc22be6e58ff3db7847,0.08157199960152205,0.0,0.876881941587824,0.023985864547225556,0.0627177700348432,0.02132701421800948,0.6923076923076923,9,8428,13,8415,422,0.016778055336776978,1403,147,9,11,
C_flags__RandomForest_unweighted__flags3__seed1024,C,RandomForest_unweighted,flags3,1024,,S_frozen,ecbe33da32baf2ea34af81eec8b8b0dbb593460dcd308dc22be6e58ff3db7847,0.08157199960152205,0.0,0.7453446867070915,0.0022071493747331528,0.0,0.002577319587628866,0.0,1,7757,6,7751,388,0.016778055336776978,1368,388,0,4,
C_flags__RandomForest_unweighted__flags3__seed1024,C,RandomForest_unweighted,flags3,1024,,J_frozen,ecbe33da32baf2ea34af81eec8b8b0dbb593460dcd308dc22be6e58ff3db7847,0.08157199960152205,0.0,0.9120113533737582,0.0014641288433382138,0.0,0.002577319587628866,0.0,1,7753,2,7751,388,0.016778055336776978,1366,388,0,2,
